names,scores,logfoldchanges,pvals,pvals_adj,target_gene,condition
CTSD,-12.882968,-2.4447684,5.613452753478951e-38,1.331061916904929e-33,CTSD,Control
TGFB1,-9.098289,-2.3628707,9.176616568485469e-20,2.1759593207192744e-15,TGFB1,Control
ATP1B1,-7.2796836,-0.9390706,3.346037966246221e-13,7.93412522556304e-09,ATP1B1,Control
HLA-A,-5.760366,-0.2895294,8.393181205839486e-09,0.0001990191127528659,HLA-A,Control
SEC11C,-5.0750914,-0.75166744,3.8731024950078027e-07,0.009183900636162503,SEC11C,Control
LAMP2,-5.8894777,-1.3054576,3.874180911233404e-09,9.186457776716648e-05,LAMP2,Control
SDCBP,-7.8818307,-1.0702168,3.2261880314232017e-15,7.649937060110696e-11,SDCBP,Control
CTSA,-9.07903,-1.5222083,1.0954636107554934e-19,2.597563313823426e-15,CTSA,Control
ITGA3,-6.2201095,-0.5049957,4.968083073281067e-10,1.1780318583364066e-05,ITGA3,Control
SCARB2,-8.720806,-1.7463146,2.7622766774093574e-18,6.549910457473069e-14,SCARB2,Control
IFNGR2,-4.8549705,-0.8126069,1.2040476111686183e-06,0.028550376956030278,IFNGR2,Control
CHCHD2,-6.3998623,-0.21565558,1.555170003588773e-10,3.6876191125096986e-06,CHCHD2,Control
CTSL,-9.437401,-1.1281124,3.821406757967854e-21,9.061319704493376e-17,CTSL,Control
TIMP1,-5.7768526,-0.5990903,7.611093725661007e-09,0.0001804742544228738,TIMP1,Control
VDAC2,-10.232908,-1.7177212,1.412130805169639e-24,3.3484445652182484e-20,VDAC2,Control
NNMT,-5.0337105,-0.48213428,4.810764130975974e-07,0.005703641953685115,JAK1,Control
JAK1,-7.5318413,-1.6589959,5.002974992576987e-14,1.1863054302398552e-09,JAK1,Control
ID3,-4.8512464,-0.49241737,1.2268813050234792e-06,0.02909180950471674,SMAD4,Control
IFNGR1,-4.982636,-1.4610711,6.272389097455898e-07,0.014873089027887424,IFNGR1,Control
CTSB,-9.813457,-1.4412502,9.85347310882171e-23,2.336455543563804e-18,CTSB,Control
AKR1C2,4.6504264,0.82204795,3.312496140325034e-06,0.039272954239693604,TXNDC17,Control
TXNDC17,-8.338126,-0.88481134,7.54772819312105e-17,1.7897173091528634e-12,TXNDC17,Control
BZW2,-7.0606494,-1.183631,1.6572642807331987e-12,3.929705062474561e-08,BZW2,Control
CKS1B,-7.039196,-0.9360561,1.933519983900988e-12,4.5847625858260234e-08,CKS1B,Control
B2M,-9.221628,-0.6289458,2.9262233376158666e-20,6.938660778154743e-16,B2M,Control
SP100,-6.2533407,-1.1899912,4.0176383837862577e-10,9.526624135633975e-06,SP100,Control
CGAS,-4.8410273,-1.7396358,1.2916958698771981e-06,0.030628692466528124,CGAS,Control
CD47,-6.650196,-1.5331339,2.927032764674308e-11,6.940580091595719e-07,CD47,Control
HSPA1A,-9.226201,-1.9548649,2.8040115971822104e-20,6.648872299238458e-16,HSPA1A,Control
CMSS1,-6.97322,-1.4563484,3.097675106543891e-12,7.345207212636875e-08,CMSS1,Control
S100A6,-5.099396,-0.16238679,3.4073903352468657e-07,0.008079603962937368,S100A6,Control
HLA-B,4.8548193,0.60700274,1.2049661780737275e-06,0.028572158014484227,STAT3,Control
MT-ND4L,6.8236866,0.5017384,8.873341111920896e-12,2.104046644458683e-07,MDH2,Control
MDH2,-6.694504,-0.84822875,2.1640486582448593e-11,2.565696089215105e-07,MDH2,Control
LGALS3,-5.86468,-0.5055013,4.499999058610128e-09,0.00010670397767776337,LGALS3,Control
LRPAP1,-10.06652,-1.6906174,7.767832709975505e-24,1.8419084921893918e-19,LRPAP1,Control
NBDY,-7.242478,-1.5899731,4.4056033634223395e-13,5.223283347673526e-09,NONO,Control
NONO,-7.7208757,-1.4119333,1.1553317425674412e-14,2.739522627975917e-10,NONO,Control
NPC2,-7.4166875,-1.1125073,1.2008596101427135e-13,2.8474783075704025e-09,NPC2,Control
LGALS3BP,-6.8784795,-0.8028795,6.049474476627422e-12,1.4344513878978942e-07,LGALS3BP,Control
SNHG7,7.31547,0.71624744,2.56481501612361e-13,6.081689366232304e-09,EIF3K,Control
C6orf48,6.239802,0.6849261,4.3812578211304444e-10,3.4629461818215034e-06,EIF3K,Control
ATF4,4.518186,0.7214863,6.237169369511969e-06,0.036973940022466956,EIF3K,Control
EIF3K,-6.290592,-0.62290835,3.1625761442963914e-10,3.4629461818215034e-06,EIF3K,Control
VAT1,-5.2142534,-1.2833502,1.8455899252253608e-07,0.004376262830694376,VAT1,Control
HNRNPA1,-6.1595316,-0.6894201,7.296051142654431e-10,1.7300396469462187e-05,HNRNPA1,Control
SERPINE2,-7.0600886,-0.6763937,1.6639663421927307e-12,3.945596990607403e-08,SERPINE2,Control
MT-ATP6,-4.9669447,-0.17285462,6.801602289679891e-07,0.0014661781226626327,SLIRP,Control
MT-ND4L,-5.083979,-0.77470493,3.696090051802804e-07,0.0008764168730834808,SLIRP,Control
MT-ND5,-5.6368976,-0.27928823,1.7314083797093885e-08,4.561683944407669e-05,SLIRP,Control
MT-CYB,-6.261295,-0.2256083,3.8179391787197434e-10,1.131637172572532e-06,SLIRP,Control
MT-ND3,-6.581642,-0.3060534,4.652804269397842e-11,1.576104211942309e-07,SLIRP,Control
MT-ND4,-7.07583,-0.20453298,1.4855696504089985e-12,5.870971258416362e-09,SLIRP,Control
MT-CO2,-7.3975034,-0.323526,1.3876880643338715e-13,6.580971876296952e-10,SLIRP,Control
MT-ND1,-7.5403314,-0.29967767,4.6877867726315573e-14,2.7789199988159874e-10,SLIRP,Control
MT-ND2,-7.555132,-0.3890578,4.1843597983609134e-14,2.7789199988159874e-10,SLIRP,Control
MT-CO3,-7.8698754,-0.27417985,3.549944414221639e-15,4.208814097501175e-11,SLIRP,Control
MT-CO1,-8.062024,-0.28925824,7.504148428587399e-16,1.7793836753866443e-11,SLIRP,Control
SPP1,-5.798742,-0.9464178,6.6814293711432435e-09,7.92150266242743e-05,PTMA,Control
PTMA,-7.9196234,-0.30584756,2.3823108824360665e-15,5.648935564432401e-11,PTMA,Control
SET,-10.944087,-1.1317966,7.092877681379436e-28,1.681863155808692e-23,SET,Control
GRN,-6.4419646,-1.5864942,1.17936841841646e-10,2.79651839374911e-06,GRN,Control
FKBP4,-8.3578415,-1.5435578,6.3876296983491e-17,1.5146347540725386e-12,FKBP4,Control
TIMP2,-6.72676,-0.92088497,1.7348258056965324e-11,4.1136189504676177e-07,TIMP2,Control
CD63,-8.1394005,-0.6210873,3.9723926502938034e-16,9.419337452376666e-12,CD63,Control
JPT1,-7.345248,-0.82572955,2.0537782901605948e-13,4.869919081628802e-09,JPT1,Control
HLA-C,-8.660635,-1.1507685,4.691420330985318e-18,1.1124295888832387e-13,HLA-C,Control
EMC3,4.770654,0.39033365,1.8362870707572875e-06,0.021771019510898403,SSR2,Control
SSR2,-5.5154347,-0.60051715,3.479184943257509e-08,0.0008249843337452205,SSR2,Control
RANBP1,-4.5435505,-0.17487034,5.5314504801445405e-06,0.02623235075703747,CCND1,Control
UBE2T,-4.55511,-0.6626822,5.2358207029902245e-06,0.02623235075703747,CCND1,Control
DEK,-4.7683673,-0.27117842,1.8572488106057963e-06,0.014679694599028214,CCND1,Control
TYMS,-5.6716504,-0.7966197,1.4142823528517875e-08,0.00016767731575410795,CCND1,Control
CCND1,-6.2141495,-0.35754523,5.160339919189743e-10,1.2236198016382718e-05,CCND1,Control
UQCRFS1,-5.6379714,-0.7273719,1.720650271143477e-08,0.0004080005922935413,UQCRFS1,Control
MT-ND2,6.2129917,0.26704225,5.198520399097705e-10,6.163365785170239e-06,C1QBP,Control
C1QBP,-8.906451,-1.1214421,5.269229457351524e-19,1.2494396889271936e-14,C1QBP,Control
ACSL3,-6.2254157,-1.4823914,4.802807520452497e-10,1.1388417192496962e-05,ACSL3,Control
MT-ATP8,7.5169554,2.2693794,5.606659006487701e-14,1.3294509836183637e-09,MRPL47,Control
MT-ND4L,6.8647237,0.7070787,6.662001661985404e-12,7.898469170449896e-08,MRPL47,Control
MT-ND2,6.7781153,0.24971348,1.2175388280294544e-11,9.623426896744807e-08,MRPL47,Control
MT-CYB,4.718981,0.15050419,2.370291911336351e-06,0.01124087236032151,MRPL47,Control
MT-ATP6,4.6009274,0.147027,4.2061403498390005e-06,0.01662266666256373,MRPL47,Control
MT-ND1,4.556535,0.14805566,5.20043864309125e-06,0.01761611444356853,MRPL47,Control
MT-ND5,4.4228134,0.16956963,9.742377129482813e-06,0.028876405811787062,MRPL47,Control
MRPL47,-5.643932,-1.1770762,1.6620980642839996e-08,9.85291732507555e-05,MRPL47,Control
UQCRH,-6.1784067,-0.53990453,6.475168133134396e-10,1.5353918677288278e-05,UQCRH,Control
FN1,5.2574706,0.26757464,1.4605031746627893e-07,0.0034631451277604064,CTPS1,Control
IGFBP7,4.8978324,0.3247438,9.689971951177904e-07,0.007658953830211015,CTPS1,Control
CST3,4.790465,0.25166798,1.663954375326582e-06,0.008564362887279634,CTPS1,Control
POLR2L,4.774012,0.39473325,1.805913226906131e-06,0.008564362887279634,CTPS1,Control
TIMP1,4.733247,0.19927335,2.2095652859299386e-06,0.008732202009995117,CTPS1,Control
NAXE,4.570368,1.0852532,4.868694263406568e-06,0.01649235405341379,CTPS1,Control
CCDC85B,4.4411244,0.54793614,8.948999662095152e-06,0.02652483499845003,CTPS1,Control
RAB13,4.345639,0.3311794,1.3887055732173199e-05,0.03305623947204793,CTPS1,Control
SERPINE2,4.315294,0.29825738,1.5939080259872347e-05,0.03305623947204793,CTPS1,Control
JUND,4.2950635,0.7632102,1.746434638452749e-05,0.03305623947204793,CTPS1,Control
MARCKSL1,4.2732487,0.56895953,1.9264544893871652e-05,0.03305623947204793,CTPS1,Control
MALAT1,4.265449,0.1958441,1.9950063628663076e-05,0.03305623947204793,CTPS1,Control
VMP1,4.250398,0.35502762,2.133909965003434e-05,0.03305623947204793,CTPS1,Control
IL11,4.2299848,0.36791888,2.3370712368115436e-05,0.03305623947204793,CTPS1,Control
NOP10,4.2197475,0.29756287,2.4457587031502404e-05,0.03305623947204793,CTPS1,Control
SMIM26,4.2181635,0.41671202,2.463003175460713e-05,0.03305623947204793,CTPS1,Control
NDUFB4,4.2139587,0.35751182,2.509329919436837e-05,0.03305623947204793,CTPS1,Control
S100A13,4.1627736,0.2708217,3.144052165146017e-05,0.036922180970620944,CTPS1,Control
NDUFAF8,4.160275,0.35392225,3.178644089931965e-05,0.036922180970620944,CTPS1,Control
P4HB,4.1522317,0.1867258,3.292486000648864e-05,0.036922180970620944,CTPS1,Control
MT2A,4.143152,0.17604823,3.425640947004305e-05,0.036922180970620944,CTPS1,Control
COPS6,4.117133,0.44649163,3.836144027247362e-05,0.0395489770322128,CTPS1,Control
IER3,4.097756,0.23068291,4.171749309097712e-05,0.04026841853057443,CTPS1,Control
CYBA,4.087275,0.24226701,4.3646955284467593e-05,0.04026841853057443,CTPS1,Control
HLA-A,4.084594,0.17472126,4.4153967687033364e-05,0.04026841853057443,CTPS1,Control
GPC1,-5.056507,-1.6039257,4.270053951525507e-07,0.005062575964928642,CTPS1,Control
CBX3,-4.4604344,-0.3521128,8.179367613804273e-06,0.02770702355121813,CDK6,Control
HIST1H4C,-4.4850335,-0.5722125,7.290244468098643e-06,0.02770702355121813,CDK6,Control
H2AFV,-4.508738,-0.3168534,6.521430787965427e-06,0.02770702355121813,CDK6,Control
HNRNPU,-4.814279,-0.28996527,1.4773231749410367e-06,0.008757571781050466,CDK6,Control
NUCKS1,-4.8607936,-0.3620145,1.169160228995369e-06,0.008757571781050466,CDK6,Control
DEK,-5.047875,-0.50297445,4.467509724776009e-07,0.005296679529694436,CDK6,Control
TYMS,-5.7549253,-1.0885003,8.668015061184355e-09,0.0002055359731308034,CDK6,Control
ZFAS1,-4.257921,-0.44573048,2.063367989951878e-05,0.048926581777738926,PABPC1,Control
GPATCH4,-4.2863994,-0.66623914,1.8159247243083994e-05,0.047843563403111966,PABPC1,Control
NPC2,-4.2895713,-0.3511987,1.7901828117561117e-05,0.047843563403111966,PABPC1,Control
POLR2L,-4.4265347,-0.26376414,9.575892906083003e-06,0.03243765322700574,PABPC1,Control
PABPC1,-4.448528,-0.4782316,8.64608091194656e-06,0.03243765322700574,PABPC1,Control
UBL5,-4.781526,-0.42041838,1.7396944903834435e-06,0.008250327151194442,PABPC1,Control
EIF5A,-4.8473644,-0.4198433,1.2511250380113375e-06,0.007416669225331209,PABPC1,Control
OST4,-4.901783,-0.6432532,9.497060803744065e-07,0.007416669225331209,PABPC1,Control
S100A13,-5.2304816,-1.0206697,1.6906918075376568e-07,0.002004484207016646,PABPC1,Control
TMA7,-5.520269,-0.35747698,3.3848161469639014e-08,0.0008026076047680803,PABPC1,Control
CTSD,-13.270766,-2.20425,3.4206311811321176e-40,8.111000656700478e-36,CTSD,IFNγ
CD59,-5.7157435,-0.613296,1.0922528675742374e-08,0.0002589949999592032,CD59,IFNγ
B2M,-7.9845037,-0.18036526,1.4108861025630316e-15,3.345493126397461e-11,B2M,IFNγ
PMEPA1,6.890191,0.29393682,5.571748960647407e-12,2.032574020844174e-09,IFNGR2,IFNγ
ARL4C,6.4181952,0.7736106,1.378993260554217e-10,4.3598250925682125e-08,IFNGR2,IFNγ
NT5DC2,6.215579,0.89654875,5.113579107346032e-10,1.496952935720853e-07,IFNGR2,IFNγ
CDK6,5.5998964,0.6652184,2.1447971576923476e-08,5.650825578133439e-06,IFNGR2,IFNγ
FAT1,5.0943108,0.8195504,3.500121621441279e-07,7.829706027133549e-05,IFNGR2,IFNγ
PPP3CA,5.0628743,0.94023526,4.1298168764001933e-07,9.151982969458073e-05,IFNGR2,IFNγ
ID3,4.9311376,0.37749493,8.175221188433109e-07,0.0001754809415210264,IFNGR2,IFNγ
TPM1,4.9301996,0.24846715,8.214568365736306e-07,0.0001754809415210264,IFNGR2,IFNγ
ITGAE,4.795423,0.46264568,1.6233196302777343e-06,0.00033182892304435893,IFNGR2,IFNγ
IGFBP5,4.6363134,0.88007766,3.546776426399244e-06,0.000678235182441765,IFNGR2,IFNγ
COTL1,4.575317,0.26387703,4.754998069677487e-06,0.0008673116479091737,IFNGR2,IFNγ
GNG12,4.4883027,0.45854843,7.179290670411847e-06,0.001261002521309672,IFNGR2,IFNγ
ZBTB38,4.465307,0.6158756,7.995394060442516e-06,0.0013838451384030142,IFNGR2,IFNγ
MICAL2,4.450336,0.7705887,8.573608550936779e-06,0.0014625712658979345,IFNGR2,IFNγ
FSCN1,4.3422713,0.68182325,1.4101711984982045e-05,0.0023060675488820294,IFNGR2,IFNγ
PALLD,4.3052254,0.953674,1.6681586555910994e-05,0.0026908420436310304,IFNGR2,IFNγ
PRSS23,4.236326,0.53604805,2.2720683146403998e-05,0.003591685591783544,IFNGR2,IFNγ
SEMA3A,4.182033,0.6837955,2.8891366252939172e-05,0.004448519977855154,IFNGR2,IFNγ
BTG1,4.1714735,0.44826332,3.026362967940988e-05,0.004629749593278497,IFNGR2,IFNγ
WWTR1,4.1545396,0.5487974,3.259432249517346e-05,0.004922780732519447,IFNGR2,IFNγ
MSI2,4.088315,0.77634025,4.345179746962148e-05,0.006439556384997903,IFNGR2,IFNγ
RAI14,3.988101,0.4869771,6.660432841495361e-05,0.009630011191313292,IFNGR2,IFNγ
RHOBTB3,3.9809105,0.3799788,6.86517877462848e-05,0.009865886006302458,IFNGR2,IFNγ
BIRC2,3.871422,0.66258824,0.00010820230721655889,0.014495441292197991,IFNGR2,IFNγ
LRRC17,3.8236945,0.6727495,0.00013146686411821666,0.017128254296544798,IFNGR2,IFNγ
FHL2,3.8099735,0.37458572,0.00013898165526161042,0.018008377101438832,IFNGR2,IFNγ
DCBLD2,3.7760363,0.30041894,0.000159343801804532,0.02053456645863621,IFNGR2,IFNγ
SMC4,3.765164,0.3506228,0.00016643991877038643,0.021218405128405393,IFNGR2,IFNγ
EIF4EBP1,3.7137368,0.33271825,0.00020422115848284204,0.02509063269401632,IFNGR2,IFNγ
AKAP12,3.7030554,0.44809198,0.0002130182970343559,0.02590302491937768,IFNGR2,IFNγ
PHF19,3.683742,0.49900246,0.00022983477538801808,0.027664173573607537,IFNGR2,IFNγ
CXCL8,3.654911,0.5088805,0.0002572711687251706,0.030350318173190276,IFNGR2,IFNγ
HIPK2,3.645046,0.50540495,0.0002673440266800353,0.031382482973450476,IFNGR2,IFNγ
DKK1,3.5866544,0.67186475,0.0003349478278901033,0.038184052379471776,IFNGR2,IFNγ
DNAJB1,3.517147,0.58414656,0.00043621185707036,0.04701570706751079,IFNGR2,IFNγ
SLC7A11,3.5056496,0.30755544,0.0004554946566418107,0.04843358429726734,IFNGR2,IFNγ
NUDCD1,-3.5036001,-0.560993,0.0004590142091838936,0.04858993271503788,IFNGR2,IFNγ
SOCS3,-3.507942,-0.6246117,0.00045158737963412734,0.04823441417065057,IFNGR2,IFNγ
CDK5RAP2,-3.5153234,-0.44165674,0.00043921858086744226,0.04712557008836557,IFNGR2,IFNγ
AC245297.3,-3.518554,-0.5724157,0.00043390552511344014,0.04698067493831001,IFNGR2,IFNγ
MYO1B,-3.5197177,-0.3073346,0.00043200642637684434,0.04698067493831001,IFNGR2,IFNγ
CHMP5,-3.5292006,-0.26128328,0.0004168169893122237,0.045546379956550455,IFNGR2,IFNγ
HIF1A,-3.5343764,-0.24925658,0.0004087386530415715,0.04487042102278586,IFNGR2,IFNγ
SYNE2,-3.53554,-0.7657931,0.0004069426327746735,0.04487042102278586,IFNGR2,IFNγ
ADH5,-3.5392742,-0.2167219,0.0004012289434479073,0.04445766685531204,IFNGR2,IFNγ
LINC00944,-3.5493999,-0.9058515,0.00038611044606965653,0.042983337545557256,IFNGR2,IFNγ
HLA-DPA1,-3.5576844,-1.6217635,0.00037413852728847237,0.04184704131634084,IFNGR2,IFNγ
IFNGR2,-3.5769281,-0.5740276,0.00034765559783111533,0.03906923950602562,IFNGR2,IFNγ
NEAT1,-3.5820692,-0.2703394,0.0003408834951882538,0.03849061637097083,IFNGR2,IFNγ
ICMT,-3.5827813,-0.75223774,0.0003399552582962962,0.03849061637097083,IFNGR2,IFNγ
C5orf15,-3.594939,-0.630653,0.00032446765877813816,0.03716800543452759,IFNGR2,IFNγ
HSBP1,-3.5949736,-0.22783527,0.00032442437007880687,0.03716800543452759,IFNGR2,IFNγ
SLC12A8,-3.6174133,-0.54797083,0.0002975619734024916,0.034418485430828684,IFNGR2,IFNγ
IFI27,-3.6265316,-1.9206053,0.0002872537417612964,0.033389023160018926,IFNGR2,IFNγ
CENPX,-3.6295536,-0.29391992,0.0002839117796670376,0.03316313359342264,IFNGR2,IFNγ
UBE2D3,-3.6570127,-0.28347275,0.0002551718580517382,0.030253175490614084,IFNGR2,IFNγ
DUSP6,-3.6690834,-0.36201444,0.00024342164344852218,0.0290050955248812,IFNGR2,IFNγ
MCUB,-3.672036,-0.5972785,0.00024062577359771278,0.028816759310853358,IFNGR2,IFNγ
USP30-AS1,-3.6943367,-1.6090286,0.00022046155486614907,0.026671348923398605,IFNGR2,IFNγ
CALM3,-3.7101936,-0.33140346,0.000207100691435567,0.025313255645980234,IFNGR2,IFNγ
APOBEC3G,-3.7217088,-0.8655166,0.0001978791388588288,0.024438073649065355,IFNGR2,IFNγ
EHD1,-3.72553,-0.62447804,0.00019490543091503956,0.024196845957368682,IFNGR2,IFNγ
MVP,-3.7267282,-0.8318069,0.00019398145266390075,0.024196845957368682,IFNGR2,IFNγ
ARHGEF35,-3.7280307,-0.8111997,0.00019298179792181537,0.024196845957368682,IFNGR2,IFNγ
MET,-3.7427938,-0.7616854,0.00018198563648098802,0.022953422405516954,IFNGR2,IFNγ
RFC1,-3.7579212,-0.33190072,0.00017133073055765897,0.02172510311755727,IFNGR2,IFNγ
STOM,-3.770027,-0.73620737,0.00016322995449355034,0.020921668545681435,IFNGR2,IFNγ
TSPO,-3.8429036,-0.23057643,0.0001215872845309962,0.015928606026513713,IFNGR2,IFNγ
SPP1,-3.8567634,-0.36206833,0.00011489834528224486,0.01513594201851439,IFNGR2,IFNγ
CNIH4,-3.8651867,-0.24614881,0.0001110042142751581,0.014704647647444408,IFNGR2,IFNγ
PARL,-3.8683825,-0.58349425,0.00010955969799679002,0.014594828982583625,IFNGR2,IFNγ
TRIM56,-3.8766325,-0.48122016,0.00010591219754387419,0.014269261523638322,IFNGR2,IFNγ
DOCK10,-3.8788903,-0.6566641,0.00010493408870559438,0.014218269207926022,IFNGR2,IFNγ
IFI44L,-3.8796196,-1.4399266,0.0001046199105233453,0.014218269207926022,IFNGR2,IFNγ
EIF4A3,-3.8856637,-0.37693506,0.00010205065788943886,0.013987428901007943,IFNGR2,IFNγ
GABARAPL1,-3.8938441,-1.4368011,9.86680429528254e-05,0.013602422293589512,IFNGR2,IFNγ
CREG1,-3.914547,-0.59575,9.057410602186332e-05,0.012559609368365046,IFNGR2,IFNγ
MOB1A,-3.914738,-0.5066643,9.05024209692056e-05,0.012559609368365046,IFNGR2,IFNγ
PRKAR1A,-3.9230573,-0.39034554,8.74323303116101e-05,0.01226742849910591,IFNGR2,IFNγ
CYTOR,-3.93426,-0.25068295,8.345348619258206e-05,0.01177886347975301,IFNGR2,IFNγ
MYCBP2,-3.9557962,-0.59624815,7.628015822462898e-05,0.010830868933068278,IFNGR2,IFNγ
NDUFA9,-3.9779232,-0.30771634,6.951981278269721e-05,0.009930444582550097,IFNGR2,IFNγ
AK4,-3.988761,-1.2192286,6.641932103748375e-05,0.009630011191313292,IFNGR2,IFNγ
RNF114,-3.995986,-0.3901012,6.442552706956946e-05,0.009429988258479204,IFNGR2,IFNγ
NEXN,-4.0577817,-0.63135105,4.9541021418617455e-05,0.007296377017877374,IFNGR2,IFNγ
BAK1,-4.1078715,-0.77148056,3.993222617190309e-05,0.00595517576722117,IFNGR2,IFNγ
KARS,-4.136598,-0.47199845,3.524923918425062e-05,0.005290063035043991,IFNGR2,IFNγ
DDX23,-4.1634145,-0.6504407,3.1352323253535634e-05,0.004765553134537416,IFNGR2,IFNγ
ZC3HAV1,-4.1840134,-0.80236983,2.8640740898971823e-05,0.004438753256185751,IFNGR2,IFNγ
KDSR,-4.202736,-0.5549204,2.637079941957993e-05,0.004113844709454469,IFNGR2,IFNγ
OGFR,-4.228389,-0.6310389,2.3537082083105878e-05,0.0036961012606265336,IFNGR2,IFNγ
ADAR,-4.271618,-0.4428082,1.940597850729732e-05,0.003088285653456604,IFNGR2,IFNγ
HLA-C,-4.29932,-0.09408948,1.7132283709961606e-05,0.0027448696711527675,IFNGR2,IFNγ
GCLM,-4.312485,-0.29867905,1.6142970426638487e-05,0.00262179530655104,IFNGR2,IFNγ
UBA6,-4.3446164,-0.71676105,1.3951938127158699e-05,0.002297419144938799,IFNGR2,IFNγ
TRIM38,-4.369296,-0.9967436,1.2464755827454199e-05,0.002066883148116042,IFNGR2,IFNγ
PARP12,-4.3845105,-1.0696131,1.1624674331069429e-05,0.0019411568854811147,IFNGR2,IFNγ
RALB,-4.405179,-0.8521364,1.0569665814708914e-05,0.001777502948924665,IFNGR2,IFNγ
ARNTL2,-4.434114,-1.0170078,9.245166484425894e-06,0.0015658670548479056,IFNGR2,IFNγ
CPNE1,-4.4511695,-0.40604138,8.540386910071349e-06,0.0014625712658979345,IFNGR2,IFNγ
PSMA2,-4.470969,-0.25257742,7.786590679633575e-06,0.001357614986731407,IFNGR2,IFNγ
OASL,-4.511993,-1.8869337,6.4221398831273445e-06,0.0011364312008113103,IFNGR2,IFNγ
PTPRN2,-4.515466,-0.7376152,6.3177586459280895e-06,0.0011263661128740365,IFNGR2,IFNγ
PSMA3,-4.547424,-0.13825183,5.430661102728666e-06,0.0009755442126356223,IFNGR2,IFNγ
ECI2,-4.553815,-0.5382743,5.268165981717077e-06,0.000953578257698285,IFNGR2,IFNγ
IL6,-4.57622,-0.8811547,4.734526931555839e-06,0.0008673116479091737,IFNGR2,IFNγ
NAMPT,-4.5889163,-0.2926311,4.4555350189483115e-06,0.0008253878622601747,IFNGR2,IFNγ
TMEM140,-4.6082296,-2.0647175,4.061124297645365e-06,0.0007582470814627314,IFNGR2,IFNγ
TGM2,-4.616358,-1.1451347,3.905335992062516e-06,0.0007349470400300507,IFNGR2,IFNγ
HLA-A,-4.631034,-0.16603613,3.6384455281054833e-06,0.0006901985628994977,IFNGR2,IFNγ
DDX60L,-4.6421843,-1.1137861,3.4474551091412276e-06,0.0006646020776256649,IFNGR2,IFNγ
PSME1,-4.661046,-0.5055812,3.1460662271602127e-06,0.0006114714949051063,IFNGR2,IFNγ
ZNFX1,-4.670216,-0.80883,3.0088287990010426e-06,0.0005896309791893614,IFNGR2,IFNγ
MT2A,-4.678692,-0.1449909,2.8871095145611287e-06,0.000570492840077279,IFNGR2,IFNγ
GTF2E2,-4.6887655,-0.6772176,2.7485832854421665e-06,0.0005476840912975182,IFNGR2,IFNγ
L3HYPDH,-4.7302055,-0.614311,2.2429248366220763e-06,0.0004507138451354464,IFNGR2,IFNγ
REEP5,-4.7702913,-0.38264957,1.839597095277595e-06,0.0003728250113095926,IFNGR2,IFNγ
TRIM69,-4.7996955,-1.9707932,1.5890705082667793e-06,0.0003276525208001902,IFNGR2,IFNγ
TEX29,-4.822465,-2.0542157,1.4179484806588704e-06,0.00029493328397704505,IFNGR2,IFNγ
CXCL9,-4.8488994,-3.1837022,1.2414838050416843e-06,0.0002605138405765347,IFNGR2,IFNγ
BTN3A2,-4.9157667,-1.126651,8.843570957052618e-07,0.0001872310308335997,IFNGR2,IFNγ
CDC26,-4.9938536,-0.48884103,5.918625816791308e-07,0.00012875454620895,IFNGR2,IFNγ
EIF1AY,-4.996598,-0.6716481,5.835058914567276e-07,0.00012811196016872153,IFNGR2,IFNγ
CASP8,-5.1516256,-0.6699984,2.5823821261511875e-07,5.831756664313996e-05,IFNGR2,IFNγ
CEBPB,-5.1563845,-0.23182428,2.5176373268149794e-07,5.7402131051381536e-05,IFNGR2,IFNγ
PPP1R12A,-5.159858,-0.43937325,2.471371306850777e-07,5.68943266291705e-05,IFNGR2,IFNγ
IRF3,-5.1729884,-0.7229993,2.3037937115353449e-07,5.3556427929339317e-05,IFNGR2,IFNγ
C1S,-5.1841736,-1.3273226,2.169749691425841e-07,5.093970760701934e-05,IFNGR2,IFNγ
ERAP2,-5.1861362,-0.92988014,2.1470202241129822e-07,5.091014355416703e-05,IFNGR2,IFNγ
RARS,-5.315615,-0.46001378,1.0629751098221469e-07,2.5459864448588633e-05,IFNGR2,IFNγ
CALCOCO2,-5.3376727,-0.6103934,9.414715532099627e-08,2.277976884664759e-05,IFNGR2,IFNγ
TMEM158,-5.350716,-0.15495788,8.760678835764886e-08,2.1415795520995565e-05,IFNGR2,IFNγ
SQOR,-5.380086,-1.1318675,7.445037011463371e-08,1.8389241418314525e-05,IFNGR2,IFNγ
CXCL10,-5.393216,-1.7838609,6.92076598023256e-08,1.7274231886660472e-05,IFNGR2,IFNγ
SAMD9,-5.4129634,-1.0266275,6.199010167614934e-08,1.5637332882392054e-05,IFNGR2,IFNγ
PSMA5,-5.5078454,-0.21149717,3.6325181687511475e-08,9.26174955026099e-06,IFNGR2,IFNγ
HSBP1L1,-5.5349574,-0.64683604,3.1130434460668584e-08,8.023531107949711e-06,IFNGR2,IFNγ
CNDP2,-5.5806875,-0.75442004,2.3956980158746244e-08,6.242504544221879e-06,IFNGR2,IFNγ
CCDC71L,-5.8140454,-1.1938715,6.098085508326994e-09,1.624694422173592e-06,IFNGR2,IFNγ
CARHSP1,-5.8650556,-0.6244068,4.489822953470771e-09,1.2098032030988514e-06,IFNGR2,IFNγ
LGALS3BP,-5.88779,-0.36731744,3.913929701196108e-09,1.0667482882156566e-06,IFNGR2,IFNγ
TAPBP,-5.982047,-0.7222796,2.2035041487235687e-09,6.075522136573635e-07,IFNGR2,IFNγ
CD7,-6.033995,-2.491563,1.5995480564608415e-09,4.462174531152879e-07,IFNGR2,IFNγ
PARP9,-6.091657,-1.40031,1.1174767305512128e-09,3.1544771708131375e-07,IFNGR2,IFNγ
CTSL,-6.0945926,-0.263943,1.097165357113379e-09,3.134456017815957e-07,IFNGR2,IFNγ
SP140L,-6.177456,-0.7855464,6.514279257593249e-10,1.883738899464038e-07,IFNGR2,IFNγ
OPTN,-6.227511,-1.1357198,4.73904290256534e-10,1.4046523163203666e-07,IFNGR2,IFNγ
STAT3,-6.2552304,-0.8270965,3.9692988483515453e-10,1.1913925859760992e-07,IFNGR2,IFNγ
SOCS1,-6.275134,-2.5761998,3.4933308198590813e-10,1.0619725692371608e-07,IFNGR2,IFNγ
GSDMD,-6.3477154,-0.7734414,2.1853581743338232e-10,6.729767925948522e-08,IFNGR2,IFNγ
IRF2,-6.384449,-1.3565999,1.7201569265615496e-10,5.366889610872035e-08,IFNGR2,IFNγ
CFH,-6.471116,-1.2403575,9.728178444130817e-11,3.1172238819895937e-08,IFNGR2,IFNγ
GUK1,-6.4835687,-0.16859373,8.957798519761885e-11,2.9096892945286825e-08,IFNGR2,IFNγ
CIITA,-6.572355,-2.6872602,4.952573488422917e-11,1.631047535520614e-08,IFNGR2,IFNγ
PSMA4,-6.6595078,-0.31644958,2.7474609565352078e-11,9.175745662163782e-09,IFNGR2,IFNγ
GOLM1,-6.7883964,-0.91165495,1.133866114118467e-11,3.840890471139584e-09,IFNGR2,IFNγ
SAMHD1,-6.8093076,-1.6323335,9.806946050700859e-12,3.370178329771286e-09,IFNGR2,IFNγ
CTSC,-6.8101935,-0.41882858,9.746751284996938e-12,3.370178329771286e-09,IFNGR2,IFNγ
DTX3L,-6.8371663,-1.6896503,8.077498675801114e-12,2.858711173143224e-09,IFNGR2,IFNγ
SP100,-6.872354,-0.67460155,6.315098179272095e-12,2.26884254586212e-09,IFNGR2,IFNγ
SOD2,-7.001399,-0.9299157,2.5341885959521353e-12,9.389168748002662e-10,IFNGR2,IFNγ
SP110,-7.002007,-1.2947834,2.523214513920947e-12,9.389168748002662e-10,IFNGR2,IFNγ
CASP1,-7.0613537,-1.4907287,1.648881055003697e-12,6.306172189717365e-10,IFNGR2,IFNγ
DYNLT1,-7.076169,-0.39937988,1.4819427657422922e-12,5.760627354308399e-10,IFNGR2,IFNγ
IFIT3,-7.113771,-2.0304532,1.129145925548405e-12,4.4623846977672964e-10,IFNGR2,IFNγ
BATF3,-7.149879,-1.8324785,8.685434455501331e-13,3.490661386590637e-10,IFNGR2,IFNγ
GSTK1,-7.238161,-0.96806896,4.548085227660856e-13,1.859382705487831e-10,IFNGR2,IFNγ
B2M,-7.359877,-0.15023953,1.84079783200735e-13,7.657718981150575e-11,IFNGR2,IFNγ
XRN1,-7.3791904,-1.1694863,1.5925503324928456e-13,6.74331312215542e-11,IFNGR2,IFNγ
CD74,-7.478119,-1.6656775,7.539385565198765e-14,3.2504347367635104e-11,IFNGR2,IFNγ
TAP2,-7.479717,-1.317203,7.44828467664965e-14,3.2504347367635104e-11,IFNGR2,IFNγ
DNPEP,-7.561347,-0.749742,3.9891614678905554e-14,1.784735787294733e-11,IFNGR2,IFNγ
HLA-DRA,-7.5916543,-1.8659899,3.1584636592373717e-14,1.4402594286122415e-11,IFNGR2,IFNγ
RBCK1,-7.678391,-0.60860395,1.6109937611006363e-14,7.490173345729076e-12,IFNGR2,IFNγ
CXCL11,-7.7716575,-1.9280685,7.746562459061764e-15,3.673729780585451e-12,IFNGR2,IFNγ
IFITM3,-8.056651,-0.6605642,7.841314116156464e-16,3.7945559249449403e-13,IFNGR2,IFNγ
ISG20,-8.10483,-1.5933774,5.281927246231722e-16,2.609272059638471e-13,IFNGR2,IFNγ
PML,-8.109589,-1.6430928,5.079127958502599e-16,2.5624740883407155e-13,IFNGR2,IFNγ
CSF1,-8.326864,-1.5729622,8.301196979978457e-17,4.279086582374982e-14,IFNGR2,IFNγ
NUB1,-8.381122,-0.7127173,5.242550115904546e-17,2.7624744077406356e-14,IFNGR2,IFNγ
PMAIP1,-8.437308,-0.8104117,3.247302135964609e-17,1.7500006419998365e-14,IFNGR2,IFNγ
PPA1,-8.578632,-0.4682285,9.600789823460489e-18,5.2942774021836074e-15,IFNGR2,IFNγ
MSRB1,-8.613524,-1.3547415,7.084790632664065e-18,3.999870368612626e-15,IFNGR2,IFNγ
XAF1,-8.782395,-2.2085087,1.6003001976816762e-18,9.255199582299489e-16,IFNGR2,IFNγ
HAPLN3,-8.967591,-2.303764,3.0306969237920356e-19,1.7965971364239185e-16,IFNGR2,IFNγ
BST2,-8.984594,-1.2098835,2.596900721827364e-19,1.5789156388710373e-16,IFNGR2,IFNγ
PLSCR1,-9.090679,-1.3113511,9.842249199947552e-20,6.141563500767272e-17,IFNGR2,IFNγ
CASP4,-9.367249,-0.9208892,7.444774400640872e-21,4.771094340216118e-18,IFNGR2,IFNγ
NMI,-9.631592,-1.4552952,5.881145218690129e-22,3.873714317377232e-19,IFNGR2,IFNγ
IFI16,-9.693561,-0.6062559,3.2113274062867193e-22,2.1756284416534484e-19,IFNGR2,IFNγ
CTSS,-9.90573,-1.6335655,3.930896080727793e-23,2.741453172535807e-20,IFNGR2,IFNγ
CD47,-9.981072,-0.9613315,1.844617268750757e-23,1.3254413538369076e-20,IFNGR2,IFNγ
ISG15,-10.095772,-0.9981153,5.767564419109101e-24,4.2737652345598445e-21,IFNGR2,IFNγ
APOL1,-10.364422,-1.7287333,3.5992916588233606e-25,2.753109800452243e-22,IFNGR2,IFNγ
GBP3,-10.663431,-1.7051756,1.5092465093378862e-26,1.1929084409806653e-23,IFNGR2,IFNγ
APOL6,-10.87164,-1.5489985,1.5734665357895627e-27,1.2865530516083487e-24,IFNGR2,IFNγ
PSME2,-10.978402,-0.7361149,4.854355900228585e-28,4.1109459680792927e-25,IFNGR2,IFNγ
NNMT,-10.991532,-0.5656244,4.197395957922662e-28,3.686246405713414e-25,IFNGR2,IFNγ
IFI35,-11.028196,-1.5880212,2.794128895773561e-28,2.5482455529454875e-25,IFNGR2,IFNγ
ETV7,-11.470528,-2.39671,1.8552527123090464e-30,1.7596700925708844e-27,IFNGR2,IFNγ
VAMP5,-11.500713,-1.1123354,1.3083002533404538e-30,1.2926006503003683e-27,IFNGR2,IFNγ
APOL2,-11.533052,-1.6311504,8.98986024804036e-31,9.268155052240565e-28,IFNGR2,IFNγ
HLA-B,-11.6057205,-1.0211291,3.854265252831771e-31,4.154197167052134e-28,IFNGR2,IFNγ
EPSTI1,-11.765646,-1.9350891,5.867527625764927e-32,6.625276907720854e-29,IFNGR2,IFNγ
CLEC2B,-12.392826,-1.2508368,2.8579068190962655e-35,3.388334324720532e-32,IFNGR2,IFNγ
SECTM1,-13.063218,-1.8191444,5.342091379317813e-39,6.666930041388631e-36,IFNGR2,IFNγ
SAMD9L,-13.130433,-1.9607034,2.203937177426402e-39,2.9033199083963802e-36,IFNGR2,IFNγ
RNF213,-14.484572,-1.365773,1.51663633755147e-47,2.1154400491776737e-44,IFNGR2,IFNγ
ICAM1,-14.7050085,-1.279351,5.986345364753542e-49,8.87176383056475e-46,IFNGR2,IFNγ
PSMB8,-15.273345,-1.0460362,1.1511315736877538e-52,1.819708791685601e-49,IFNGR2,IFNγ
PSMB9,-15.401591,-1.6017684,1.5969047701620924e-53,2.704700422148824e-50,IFNGR2,IFNγ
RARRES3,-15.552069,-2.0909371,1.540484409010155e-54,2.8098435620345227e-51,IFNGR2,IFNγ
LAP3,-15.678509,-1.2385862,2.1217789943850964e-55,4.19263529290495e-52,IFNGR2,IFNγ
HLA-E,-16.091835,-1.3382164,2.910809250107911e-58,6.274646267141708e-55,IFNGR2,IFNγ
PARP14,-16.514349,-2.0167606,2.892653183774446e-61,6.859059229365965e-58,IFNGR2,IFNγ
UBE2L6,-16.745674,-1.6257619,6.089587009157369e-63,1.604403190679328e-59,IFNGR2,IFNγ
STAT1,-16.852072,-1.2332219,1.013024067343103e-63,3.0026033356049575e-60,IFNGR2,IFNγ
TAP1,-17.373116,-1.8652024,1.3186791754545034e-67,4.4669315154824546e-64,IFNGR2,IFNγ
IRF1,-17.57917,-1.5509719,3.557414918040553e-69,1.4058903756096265e-65,IFNGR2,IFNγ
IDO1,-17.637075,-2.3811226,1.2791080098110088e-69,6.066041825727728e-66,IFNGR2,IFNγ
GBP2,-17.719765,-2.473272,2.9513974230690235e-70,1.7495883923953172e-66,IFNGR2,IFNγ
WARS,-17.869183,-1.5406092,2.0497267890013362e-71,1.6201040540266562e-67,IFNGR2,IFNγ
GBP4,-18.3037,-2.6694784,7.731692318714189e-75,9.166694413067543e-71,IFNGR2,IFNγ
GBP1,-18.359642,-1.4977045,2.7642544548540783e-75,6.554600163349991e-71,IFNGR2,IFNγ
LRPAP1,-13.290558,-1.7599956,2.6261311160547353e-40,6.227082102388989e-36,LRPAP1,IFNγ
TGFB1,-10.180999,-2.5009181,2.4107386375636567e-24,5.716343457390943e-20,TGFB1,IFNγ
STOM,-5.6799407,-1.3063534,1.3474152395960572e-08,0.0003194991016130171,STOM,IFNγ
ID3,-6.2190266,-0.74751323,5.002485558546242e-10,5.930946878212424e-06,SMAD4,IFNγ
PMEPA1,-6.336749,-0.3585459,2.346636602477672e-10,5.564344711795056e-06,SMAD4,IFNγ
ATP5MD,-6.592158,-0.6882981,4.3347880181087506e-11,1.027864934853947e-06,ATP5MD,IFNγ
CHCHD2,-9.959343,-0.22881147,2.2957450523641774e-23,5.443670668165938e-19,CHCHD2,IFNγ
CD47,-7.657125,-0.8177204,1.9014131684859677e-14,4.5086309051139267e-10,CD47,IFNγ
ATP1B1,-7.76331,-0.9315669,8.274098559726205e-15,1.9619542504822778e-10,ATP1B1,IFNγ
SQLE,4.465898,0.8571623,7.973351121476029e-06,0.02700915739891994,NPC1,IFNγ
QPRT,4.348409,0.8258413,1.371284894448536e-05,0.03612878601907076,NPC1,IFNγ
HMGB3,4.1863194,0.6624347,2.83514181967671e-05,0.04562536299383801,NPC1,IFNγ
FDFT1,4.1350446,0.6837688,3.5488551297326945e-05,0.04562536299383801,NPC1,IFNγ
MLEC,-4.0485377,-0.14438613,5.153862435124473e-05,0.047003225408335195,NPC1,IFNγ
TPM3,-4.052806,-0.11266204,5.060694092557633e-05,0.047003225408335195,NPC1,IFNγ
TIMP1,-4.0741663,-0.10645435,4.61795172002409e-05,0.04562536299383801,NPC1,IFNγ
VMP1,-4.0754504,-0.15109,4.592540616482728e-05,0.04562536299383801,NPC1,IFNγ
CST3,-4.0790854,-0.123111814,4.521319255805397e-05,0.04562536299383801,NPC1,IFNγ
DYNLT1,-4.0813284,-0.11767415,4.47790548975732e-05,0.04562536299383801,NPC1,IFNγ
PMEPA1,-4.0848007,-0.07845276,4.411463374151771e-05,0.04562536299383801,NPC1,IFNγ
MALAT1,-4.086899,-0.0794614,4.3717755468576546e-05,0.04562536299383801,NPC1,IFNγ
PLAUR,-4.0901546,-0.20986454,4.310860833413572e-05,0.04562536299383801,NPC1,IFNγ
TUBB4B,-4.1057267,-0.11197329,4.030456793736726e-05,0.04562536299383801,NPC1,IFNγ
GUK1,-4.1757207,-0.09392477,2.9704382222287684e-05,0.04562536299383801,NPC1,IFNγ
DDX5,-4.1783614,-0.14148651,2.9361668366561117e-05,0.04562536299383801,NPC1,IFNγ
TMEM59,-4.1904793,-0.23103243,2.7836572406248586e-05,0.04562536299383801,NPC1,IFNγ
TNFRSF12A,-4.261414,-0.101129636,2.031375127612088e-05,0.04378906093267076,NPC1,IFNγ
HLA-B,-4.308963,-0.1287493,1.6402179404543555e-05,0.03889284780405368,NPC1,IFNγ
SH3BGRL3,-4.3938603,-0.12839207,1.1135538329009268e-05,0.03300573560718347,NPC1,IFNγ
SSR4,-4.4678154,-0.14315243,7.902246076349259e-06,0.02700915739891994,NPC1,IFNγ
CCND1,-4.500136,-0.09086983,6.791010505941413e-06,0.02700915739891994,NPC1,IFNγ
PPIB,-4.714296,-0.13287947,2.4254777484524423e-06,0.014378232092826078,NPC1,IFNγ
HLA-A,-4.7795515,-0.16020215,1.7568657575586306e-06,0.013886266947743416,NPC1,IFNγ
IL6ST,-4.9630556,-0.27261698,6.939268732257382e-07,0.008227197008964352,NPC1,IFNγ
PLP2,-5.038096,-0.1806184,4.701858702789697e-07,0.008227197008964352,NPC1,IFNγ
LAMP2,-6.22632,-1.4504975,4.775188652785088e-10,1.1322927333484002e-05,LAMP2,IFNγ
CTSB,-8.9108925,-1.0424259,5.062335879322241e-19,1.2003810837048898e-14,CTSB,IFNγ
CMSS1,-9.676629,-2.0383341,3.79007371922942e-22,8.9870228030368e-18,CMSS1,IFNγ
IGFBP5,6.919846,1.2729996,4.521343684480027e-12,1.9492745717525527e-09,JAK1,IFNγ
PMEPA1,6.7102976,0.27034566,1.9422788174021863e-11,7.940571606593214e-09,JAK1,IFNγ
DCBLD2,6.4774923,0.48859328,9.325939263334648e-11,3.5101059017808127e-08,JAK1,IFNγ
NT5DC2,6.0887394,0.91104174,1.13803035750861e-09,3.854996548177737e-07,JAK1,IFNγ
ARL4C,6.0589123,0.7735387,1.3704515974394426e-09,4.513353927567231e-07,JAK1,IFNγ
TPM1,5.6157465,0.28894147,1.9571549106778343e-08,5.737346718354107e-06,JAK1,IFNγ
SLC7A11,5.567794,0.5313993,2.579849674922501e-08,7.370288613465343e-06,JAK1,IFNγ
AMIGO2,5.538151,0.80902225,3.0568183458687136e-08,8.628961502052254e-06,JAK1,IFNγ
THBS1,5.0459986,0.74046034,4.511582564879271e-07,0.00011628113671567094,JAK1,IFNγ
SOX9,4.909487,1.1893001,9.131506741474913e-07,0.00023034711473814162,JAK1,IFNγ
WWTR1,4.891786,0.6768566,9.992507751124762e-07,0.00024594858617779295,JAK1,IFNγ
ID3,4.822459,0.38855925,1.4179889364616756e-06,0.0003296407221703848,JAK1,IFNγ
GTF2I,4.73582,0.5373101,2.1817152027578417e-06,0.000497431066228788,JAK1,IFNγ
MICAL2,4.5083303,0.8258893,6.533977977079362e-06,0.001347249441673964,JAK1,IFNγ
ITGAV,4.48153,0.6259235,7.410981121588169e-06,0.0014892303758906665,JAK1,IFNγ
FSCN1,4.438192,0.7094393,9.071781622851058e-06,0.001748862486512555,JAK1,IFNγ
PTHLH,4.3205433,1.1363032,1.5564554168818827e-05,0.0028609822360545116,JAK1,IFNγ
MARCKSL1,4.143314,0.55733484,3.423229339226312e-05,0.006012712154943282,JAK1,IFNγ
CRIP2,4.141173,0.6892658,3.4553453833806276e-05,0.006024496303729517,JAK1,IFNγ
FAT1,4.1286216,0.71103877,3.6494433999614235e-05,0.006316467291962429,JAK1,IFNγ
LRRC17,4.0913005,0.74748755,4.289608933761728e-05,0.007281582578657397,JAK1,IFNγ
VCL,4.0790815,0.52303916,4.521396796365528e-05,0.007603642612441092,JAK1,IFNγ
CBX1,4.026994,0.38497224,5.6494381618672174e-05,0.00917530669138325,JAK1,IFNγ
ATP1A1,3.9646816,0.4742517,7.349394957887648e-05,0.011637715600482618,JAK1,IFNγ
MAPKAP1,3.9265852,0.7690951,8.616034088145071e-05,0.012930594955575692,JAK1,IFNγ
CD320,3.8534012,0.42854616,0.00011648831559539902,0.01674042993574607,JAK1,IFNγ
TSC22D1,3.8077557,0.38303494,0.0001402337601973266,0.019238159722201102,JAK1,IFNγ
ITGA2,3.8075342,0.80372185,0.0001403593805643046,0.019238159722201102,JAK1,IFNγ
BRI3BP,3.7614088,0.93329644,0.00016895909494453947,0.022507629546769214,JAK1,IFNγ
TNFRSF11B,3.7382998,0.5177763,0.00018526890476494291,0.024406090387701813,JAK1,IFNγ
SLC3A2,3.7336116,0.22756343,0.00018875347818619103,0.02472774847928708,JAK1,IFNγ
FAM136A,3.7252135,0.4607064,0.0001951500267391684,0.025148899098038916,JAK1,IFNγ
JUND,3.6075466,0.575797,0.0003091060771341679,0.03778104794332675,JAK1,IFNγ
BAG1,3.5929651,0.6118818,0.0003269363907869649,0.03915310958757834,JAK1,IFNγ
CCDC88A,3.5855637,0.43808943,0.0003363509878231647,0.03970745171300579,JAK1,IFNγ
COTL1,3.5811152,0.1769538,0.0003421305497638096,0.040119126411652696,JAK1,IFNγ
GORASP2,3.5801003,0.5784215,0.00034346249416183775,0.040119126411652696,JAK1,IFNγ
DKK1,3.5207038,0.6928897,0.0004304031160357777,0.049154822541225204,JAK1,IFNγ
SLC39A6,-3.5202239,-0.6322242,0.00043118265387039653,0.049154822541225204,JAK1,IFNγ
PSMA2,-3.5333657,-0.26335916,0.00041030453567931114,0.047228840534115656,JAK1,IFNγ
DRAM1,-3.5522478,-0.8250131,0.000381955052174491,0.04418008876664161,JAK1,IFNγ
OASL,-3.552857,-1.4059987,0.0003810717818874064,0.04418008876664161,JAK1,IFNγ
DDX60L,-3.5853791,-0.86450016,0.00033658897580609665,0.03970745171300579,JAK1,IFNγ
KARS,-3.5864127,-0.45369336,0.0003352582695740149,0.03970745171300579,JAK1,IFNγ
ATP6V1B2,-3.5949216,-1.0172861,0.0003244892783538886,0.03905730846866704,JAK1,IFNγ
PSMB8-AS1,-3.5965643,-2.1207554,0.0003224478777814834,0.039009612642625174,JAK1,IFNγ
MAX,-3.604132,-0.6124883,0.00031319796104577766,0.03808487206316657,JAK1,IFNγ
STAT2,-3.6224048,-1.8630977,0.0002918767901899811,0.03586001268904058,JAK1,IFNγ
CASP8,-3.6447017,-0.4242724,0.0002677022106094906,0.03306122301027209,JAK1,IFNγ
ERAP2,-3.6524723,-0.6606582,0.00025972768095988447,0.03224430770115592,JAK1,IFNγ
STOM,-3.6738276,-0.76856166,0.00023894395833545803,0.029820206000265165,JAK1,IFNγ
MVP,-3.681026,-0.8739642,0.00023229724959885858,0.0291440866798314,JAK1,IFNγ
SYNE2,-3.681026,-0.8449988,0.00023229724959885858,0.0291440866798314,JAK1,IFNγ
CDC26,-3.699059,-0.3884877,0.00021640021488445604,0.02744001013550921,JAK1,IFNγ
IFI27,-3.7059438,-2.2604012,0.0002106050308174728,0.026848744573892018,JAK1,IFNγ
POMP,-3.712607,-0.09521461,0.00020513534111508028,0.026292806532544778,JAK1,IFNγ
EIF1AY,-3.7261732,-0.5202934,0.00019440881510095963,0.025148899098038916,JAK1,IFNγ
PTPRN2,-3.7313044,-0.59468883,0.00019049085650059064,0.024818237304076955,JAK1,IFNγ
MITD1,-3.754487,-0.79640496,0.00017369677755491828,0.023009485974202357,JAK1,IFNγ
RSPO3,-3.7646756,-1.0002486,0.00016676538433593665,0.022340908437139716,JAK1,IFNγ
SPP1,-3.7705822,-0.44103757,0.00016286720902958119,0.02194265488925812,JAK1,IFNγ
OGFR,-3.771376,-0.6220124,0.00016234997429646295,0.02194265488925812,JAK1,IFNγ
NLRC5,-3.7904425,-1.5749198,0.0001503791884374542,0.020493053541545483,JAK1,IFNγ
CFH,-3.8077924,-0.6810029,0.00014021283376770212,0.019238159722201102,JAK1,IFNγ
PSMB2,-3.8256226,-0.2046767,0.00013044204167962916,0.018194362895925686,JAK1,IFNγ
ACO1,-3.8280773,-0.52913076,0.00012914816297811447,0.018120480713236985,JAK1,IFNγ
CD274,-3.835405,-1.2884555,0.00012535754619756156,0.017693322234741547,JAK1,IFNγ
HLA-DPA1,-3.838949,-2.0674343,0.0001235621580220819,0.017544346652812015,JAK1,IFNγ
TMEM140,-3.8466456,-1.6876562,0.00011974595127524677,0.017104915642401512,JAK1,IFNγ
TRIM69,-3.8574803,-1.51794,0.00011456193479964651,0.016563979255909866,JAK1,IFNγ
UHMK1,-3.8609133,-0.5089118,0.00011296396224688383,0.01643313786992705,JAK1,IFNγ
ZNF267,-3.8786695,-1.2337407,0.0001050293276306058,0.015373181585042745,JAK1,IFNγ
IRF2,-3.8821764,-0.80417544,0.0001035257127031936,0.015247215525578428,JAK1,IFNγ
MIR4435-2HG,-3.8959458,-0.37496558,9.781627156764577e-05,0.014496371446325103,JAK1,IFNγ
IL6,-3.9199407,-0.7835197,8.857079833648232e-05,0.013208746982104835,JAK1,IFNγ
NEAT1,-3.9265852,-0.31355554,8.616034088145071e-05,0.012930594955575692,JAK1,IFNγ
C1R,-3.9270651,-2.125938,8.598867401430722e-05,0.012930594955575692,JAK1,IFNγ
SQOR,-3.9326024,-0.8555918,8.403113896209995e-05,0.01285513785206009,JAK1,IFNγ
GCLM,-3.934725,-0.17560455,8.329197713029475e-05,0.012824801050087983,JAK1,IFNγ
DOCK10,-3.9403546,-0.70021516,8.13612378810157e-05,0.012609396553167609,JAK1,IFNγ
MCL1,-3.9403732,-0.45200753,8.135497773387324e-05,0.012609396553167609,JAK1,IFNγ
SCO1,-3.9611933,-0.55244714,7.457615386448058e-05,0.01171092556579181,JAK1,IFNγ
NTMT1,-3.9642756,-0.46415135,7.361915233098822e-05,0.011637715600482618,JAK1,IFNγ
ZNFX1,-3.9735413,-0.6894317,7.081186742436032e-05,0.011345209461935351,JAK1,IFNγ
CCDC71L,-4.0048084,-0.82602614,6.20677659283866e-05,0.010011910650978933,JAK1,IFNγ
CTSL,-4.0289507,-0.1498467,5.6026321300987405e-05,0.009162042280613885,JAK1,IFNγ
BAK1,-4.0481467,-0.8220057,5.1624779320836324e-05,0.008500880328164382,JAK1,IFNγ
NBN,-4.064906,-0.5992796,4.805178526819386e-05,0.0079678596662896,JAK1,IFNγ
CXCL9,-4.067933,-2.3376877,4.74319677254907e-05,0.007920470554273489,JAK1,IFNγ
VCAM1,-4.0907836,-1.5529157,4.2991799975203934e-05,0.007281582578657397,JAK1,IFNγ
CARHSP1,-4.11153,-0.4544678,3.930458573881125e-05,0.006753553166947045,JAK1,IFNγ
LGALS3BP,-4.1901035,-0.35198933,2.7882693487614185e-05,0.0049339882684948325,JAK1,IFNγ
HLA-C,-4.20786,-0.1508728,2.5780059487255935e-05,0.0045962163200136295,JAK1,IFNγ
LMO4,-4.2090783,-0.85770077,2.5641473985485203e-05,0.0045962163200136295,JAK1,IFNγ
APOBEC3G,-4.234605,-1.1346506,2.289538877684161e-05,0.00414424014256846,JAK1,IFNγ
NAMPT,-4.2779245,-0.24555154,1.8864374680022164e-05,0.003440861941636043,JAK1,IFNγ
PSMA5,-4.332633,-0.17301264,1.4733663470563118e-05,0.0027294111579218177,JAK1,IFNγ
MCUB,-4.3468637,-0.76055247,1.3809796161506778e-05,0.0025784085557610135,JAK1,IFNγ
USP30-AS1,-4.353102,-2.4642465,1.3422443277647385e-05,0.0025259759920601174,JAK1,IFNγ
HLA-DRB1,-4.353176,-1.6946774,1.3417921880942637e-05,0.0025259759920601174,JAK1,IFNγ
DESI1,-4.3845725,-0.66385525,1.1621377711012626e-05,0.002222307324867189,JAK1,IFNγ
TRIM38,-4.4569817,-1.0567474,8.31217877731417e-06,0.0016155605177678163,JAK1,IFNγ
IFI44L,-4.458384,-1.986042,8.25797751984732e-06,0.0016155605177678163,JAK1,IFNγ
GUK1,-4.469256,-0.11719915,7.849223985793587e-06,0.0015510066595928128,JAK1,IFNγ
TAPBP,-4.478761,-0.60282326,7.507740388449819e-06,0.001495996135217833,JAK1,IFNγ
NEXN,-4.4819174,-0.77547044,7.397530358687834e-06,0.0014892303758906665,JAK1,IFNγ
TEX29,-4.4924383,-1.9818702,7.041228333225016e-06,0.0014393241917019964,JAK1,IFNγ
PSME1,-4.5231886,-0.5386896,6.091488802299876e-06,0.0012670296708783741,JAK1,IFNγ
IL11,-4.5277476,-0.37453973,5.961569773436731e-06,0.0012509800218383344,JAK1,IFNγ
RBCK1,-4.549269,-0.33023056,5.383253765893153e-06,0.0011397117258648073,JAK1,IFNγ
CREG1,-4.569905,-0.76035553,4.879459269912858e-06,0.0010423580018754388,JAK1,IFNγ
IFI44,-4.5786905,-1.061363,4.678958144889718e-06,0.0010086132321056817,JAK1,IFNγ
HEG1,-4.5890636,-1.1511633,4.452385806124496e-06,0.0009685777269249913,JAK1,IFNγ
CXCL10,-4.5982924,-1.5210853,4.259677493187303e-06,0.0009352358585042347,JAK1,IFNγ
CYB5A,-4.6443624,-0.55409616,3.4112813437413605e-06,0.0007559654506803284,JAK1,IFNγ
ECI2,-4.685412,-0.58237815,2.7939719112516752e-06,0.0006250062449018843,JAK1,IFNγ
SOCS3,-4.704682,-0.9040249,2.5426222983435513e-06,0.0005741967613173551,JAK1,IFNγ
GOLM1,-4.789697,-0.6330944,1.6703312920261696e-06,0.0003845329669565489,JAK1,IFNγ
DNPEP,-4.823198,-0.5006397,1.4127481072674479e-06,0.0003296407221703848,JAK1,IFNγ
BATF3,-4.8312454,-1.0856093,1.3568178026642302e-06,0.00032172863736774226,JAK1,IFNγ
OPTN,-4.864358,-0.86262286,1.1482888504124632e-06,0.00027503257798970024,JAK1,IFNγ
CD7,-4.879936,-1.8616818,1.0612015573711346e-06,0.00025676746253453414,JAK1,IFNγ
BTN3A2,-4.8904386,-1.2380471,1.0061155895430969e-06,0.00024594858617779295,JAK1,IFNγ
PLAUR,-4.906072,-0.4838071,9.291837685953961e-07,0.0002319242686414109,JAK1,IFNγ
CIITA,-4.999947,-1.7244672,5.734601469561857e-07,0.0001462138387594094,JAK1,IFNγ
SOCS1,-5.076177,-1.8854527,3.8510480632401127e-07,0.00010034730953357094,JAK1,IFNγ
RALB,-5.153791,-1.1218349,2.5527260126293157e-07,6.72558213460737e-05,JAK1,IFNγ
SLC12A8,-5.176992,-0.9313614,2.254918541484366e-07,6.0077110624356505e-05,JAK1,IFNγ
GSTK1,-5.202408,-0.72556525,1.9672267875857754e-07,5.3007819985493076e-05,JAK1,IFNγ
MT2A,-5.237902,-0.20227307,1.6241231393768428e-07,4.4265756184946776e-05,JAK1,IFNγ
CNDP2,-5.258556,-0.79866326,1.4519102425073337e-07,4.0032204267830114e-05,JAK1,IFNγ
CEBPB,-5.3923545,-0.3399376,6.954032054972761e-08,1.9399295069119307e-05,JAK1,IFNγ
PARP9,-5.5777793,-1.3232571,2.4360850939233622e-08,7.044445091111069e-06,JAK1,IFNγ
DYNLT1,-5.6155066,-0.25519153,1.9598729933648897e-08,5.737346718354107e-06,JAK1,IFNγ
HLA-A,-5.6393538,-0.19870445,1.706896578601236e-08,5.123282490100317e-06,JAK1,IFNγ
GSDMD,-5.657534,-0.653896,1.5356310603716776e-08,4.6683184235299e-06,JAK1,IFNγ
PSMA4,-5.694191,-0.23907024,1.2395823996508538e-08,3.81726985201572e-06,JAK1,IFNγ
DTX3L,-5.863299,-1.4662784,4.5375978706817676e-09,1.4157305356527115e-06,JAK1,IFNγ
C1S,-6.0018415,-1.8203685,1.9509214142227636e-09,6.16803314320669e-07,JAK1,IFNγ
IFIT3,-6.017198,-1.6693286,1.774618080707037e-09,5.686451882395305e-07,JAK1,IFNγ
ADAR,-6.036855,-0.7592916,1.5714638457738313e-09,5.104459001505354e-07,JAK1,IFNγ
PML,-6.063822,-1.1895468,1.3292433028074513e-09,4.439298196643702e-07,JAK1,IFNγ
SAMHD1,-6.0953107,-1.4689358,1.0922523511111095e-09,3.753548949209656e-07,JAK1,IFNγ
SP110,-6.129457,-1.2068051,8.817952221716148e-10,3.074871810019607e-07,JAK1,IFNγ
SP140L,-6.159026,-0.872844,7.31937292931112e-10,2.5904025507436605e-07,JAK1,IFNγ
CASP1,-6.188724,-1.3407689,6.065311258418852e-10,2.1791009175701186e-07,JAK1,IFNγ
CALCOCO2,-6.2245502,-0.91848105,4.82939313422755e-10,1.7617626153662104e-07,JAK1,IFNγ
CSF1,-6.3036222,-1.1284462,2.9076837681068437e-10,1.0772968360835856e-07,JAK1,IFNγ
B2M,-6.505788,-0.14912648,7.72871859228859e-11,2.95586089129592e-08,JAK1,IFNγ
STAT3,-6.606326,-0.9261717,3.9397423890306726e-11,1.5314618283392673e-08,JAK1,IFNγ
TAP2,-6.6159244,-1.2061715,3.6923767623144537e-11,1.459227296466672e-08,JAK1,IFNγ
TMEM158,-6.6342893,-0.26448968,3.260695106899251e-11,1.310467836860933e-08,JAK1,IFNγ
XRN1,-6.859656,-1.1027744,6.902651919945908e-12,2.8715031986974975e-09,JAK1,IFNγ
CTSC,-6.879295,-0.6031187,6.014951859908628e-12,2.546902473252739e-09,JAK1,IFNγ
ISG20,-6.980276,-1.4202057,2.9460035088089547e-12,1.2936228740903321e-09,JAK1,IFNγ
CD74,-7.0033484,-1.6416497,2.4991682046676327e-12,1.1181184239448852e-09,JAK1,IFNγ
HLA-DRA,-7.1588717,-1.8527095,8.134392946902564e-13,3.709283183787569e-10,JAK1,IFNγ
PMAIP1,-7.160477,-0.67395645,8.03966791483183e-13,3.709283183787569e-10,JAK1,IFNγ
XAF1,-7.224285,-1.7108153,5.037451841305134e-13,2.3889611612205466e-10,JAK1,IFNγ
PPA1,-7.242263,-0.4714192,4.4126026482305534e-13,2.135339469282508e-10,JAK1,IFNγ
HSBP1L1,-7.251159,-0.85586834,4.1321969294533477e-13,2.0413052831499538e-10,JAK1,IFNγ
JAK1,-7.29542,-1.5603033,2.977279898347003e-13,1.5020693819064708e-10,JAK1,IFNγ
HAPLN3,-7.6538477,-1.9238955,1.9505350722586465e-14,1.0054584268129788e-11,JAK1,IFNγ
CXCL11,-7.7306123,-2.2543943,1.0703036163278006e-14,5.639786522303291e-12,JAK1,IFNγ
SP100,-7.8641715,-0.8641673,3.715487569519528e-15,2.0023100283737965e-12,JAK1,IFNγ
CTSS,-7.877682,-1.3597236,3.335095274748547e-15,1.839111143135757e-12,JAK1,IFNγ
CASP4,-7.915668,-0.779894,2.459292874717224e-15,1.3884464915546386e-12,JAK1,IFNγ
SOD2,-7.935251,-1.1882552,2.100694564770545e-15,1.2149187687765648e-12,JAK1,IFNγ
MSRB1,-7.9468794,-1.2866665,1.9126813512291225e-15,1.1338375050086238e-12,JAK1,IFNγ
CD47,-7.948504,-0.9352527,1.8877744498297282e-15,1.1338375050086238e-12,JAK1,IFNγ
BST2,-8.280205,-1.0944146,1.2296393696615715e-16,7.672949666688206e-14,JAK1,IFNγ
NMI,-8.574197,-1.3792949,9.978107255172462e-18,6.394618357693227e-15,JAK1,IFNγ
PLSCR1,-8.652715,-1.2878084,5.028860046393027e-18,3.3123424838908734e-15,JAK1,IFNγ
APOL1,-9.372781,-1.6034448,7.064630376206729e-21,4.78618615658897e-18,JAK1,IFNγ
NUB1,-9.549143,-0.9285008,1.3077408921726712e-21,9.120338833881876e-19,JAK1,IFNγ
GBP3,-9.575574,-1.6480286,1.0129326451707364e-21,7.278381479481365e-19,JAK1,IFNγ
IFI35,-9.77654,-1.4504173,1.4198197865878353e-22,1.052086461861586e-19,JAK1,IFNγ
ISG15,-9.917057,-0.99122864,3.509518822072954e-23,2.6844422680320607e-20,JAK1,IFNγ
PSME2,-9.994874,-0.6729968,1.6049127903762106e-23,1.2685230695133568e-20,JAK1,IFNγ
ETV7,-10.083064,-2.0751789,6.5646390686068886e-24,5.367611089476087e-21,JAK1,IFNγ
CLEC2B,-10.08777,-1.0405662,6.2574378850605765e-24,5.2991559689484424e-21,JAK1,IFNγ
APOL2,-10.111452,-1.5547173,4.9150438585468974e-24,4.316500739772742e-21,JAK1,IFNγ
IFITM3,-10.31323,-1.0627341,6.140240035877352e-25,5.599898912720146e-22,JAK1,IFNγ
VAMP5,-10.385454,-1.0888118,2.8879151538643017e-25,2.739129765137213e-22,JAK1,IFNγ
APOL6,-10.822584,-1.6819494,2.6908112703635597e-27,2.658521535119197e-24,JAK1,IFNγ
HLA-B,-10.826793,-1.054798,2.57000171570337e-27,2.649560029685144e-24,JAK1,IFNγ
EPSTI1,-11.20185,-1.956678,3.9930631992318396e-29,4.3037961172811535e-26,JAK1,IFNγ
IFI16,-11.313666,-0.92130935,1.1229751084611273e-29,1.2679993224681071e-26,JAK1,IFNγ
NNMT,-11.786585,-0.7317828,4.577261297885086e-32,5.426800994772558e-29,JAK1,IFNγ
SAMD9L,-11.816782,-1.9435517,3.196982921883858e-32,3.989834686511055e-29,JAK1,IFNγ
SECTM1,-12.403105,-1.8739446,2.51392151010869e-35,3.3116726026498475e-32,JAK1,IFNγ
PSMB9,-12.819968,-1.3865721,1.2675271076409616e-37,1.7679766339048517e-34,JAK1,IFNγ
PARP14,-13.496123,-1.7509849,1.6482326378242898e-41,2.4426807692555975e-38,JAK1,IFNγ
RARRES3,-13.555151,-1.7917775,7.386026777395192e-42,1.1675831129706321e-38,JAK1,IFNγ
RNF213,-13.774981,-1.46364,3.604821373150108e-43,6.105537457152525e-40,JAK1,IFNγ
PSMB8,-13.816104,-1.0873194,2.0380672961401582e-43,3.7174347481596486e-40,JAK1,IFNγ
LAP3,-14.173183,-1.1499472,1.3427310335072871e-45,2.6532365222103995e-42,JAK1,IFNγ
HLA-E,-14.56105,-1.4074956,4.9688487088592334e-48,1.0711030962224558e-44,JAK1,IFNγ
WARS,-15.0913725,-1.3261666,1.8456250684926365e-51,4.3763461624097393e-48,JAK1,IFNγ
ICAM1,-15.168913,-1.5618376,5.681005568423034e-52,1.4967556004271886e-48,JAK1,IFNγ
TAP1,-15.229693,-1.785328,2.2464220942077982e-52,6.658395087231914e-49,JAK1,IFNγ
UBE2L6,-15.252747,-1.5315633,1.5785011946463447e-52,5.347060046779161e-49,JAK1,IFNγ
GBP4,-15.374548,-2.2018912,2.4252878337162997e-53,9.584737518846816e-50,JAK1,IFNγ
IDO1,-15.52422,-2.132292,2.3787672375792097e-54,1.1281065747495643e-50,JAK1,IFNγ
IRF1,-15.703462,-1.660496,1.4320906211413287e-55,8.489433202125797e-52,JAK1,IFNγ
GBP2,-15.817216,-2.286875,2.3673234773983366e-56,1.871132476535645e-52,JAK1,IFNγ
STAT1,-16.238121,-1.3953934,2.710984403853056e-59,3.2141431092081832e-55,JAK1,IFNγ
GBP1,-16.57595,-1.4135983,1.0400576500356175e-61,2.4661846997644562e-57,JAK1,IFNγ
PMEPA1,5.945553,0.26918846,2.7552510421107685e-09,8.065742309942042e-07,JAK2,IFNγ
SLC7A11,5.78843,0.5595068,7.104725939107157e-09,2.005562636525106e-06,JAK2,IFNγ
LRRC17,5.5583534,0.9894132,2.7233130370226754e-08,7.096175685041943e-06,JAK2,IFNγ
WWTR1,5.5512185,0.78350943,2.83685417534702e-08,7.311683283242232e-06,JAK2,IFNγ
NT5DC2,5.524075,0.8741591,3.312260821638024e-08,8.406921464617026e-06,JAK2,IFNγ
ARL4C,5.297743,0.70118177,1.1724291110745932e-07,2.6227018001698827e-05,JAK2,IFNγ
TNFRSF11B,5.258546,0.72562265,1.45198867057285e-07,3.217715453890039e-05,JAK2,IFNγ
DCBLD2,5.0676103,0.3921656,4.028410072045102e-07,8.52871960967263e-05,JAK2,IFNγ
FAT1,4.838167,0.8355947,1.3104195098358946e-06,0.0002567989042746176,JAK2,IFNγ
RAI14,4.782837,0.60481024,1.7283833810577088e-06,0.00032786741385312313,JAK2,IFNγ
FSCN1,4.762493,0.7914026,1.912155376003052e-06,0.0003598494307601934,JAK2,IFNγ
MICAL2,4.4386907,0.8317353,9.050776597261221e-06,0.001490361213015681,JAK2,IFNγ
SNCA,4.3272295,0.75807405,1.5099675075911854e-05,0.0023555493118422493,JAK2,IFNγ
ID3,4.268639,0.41903943,1.9666932369654455e-05,0.0029515335465142177,JAK2,IFNγ
SOX9,4.139852,1.0766183,3.475301185364276e-05,0.00502477693337547,JAK2,IFNγ
ETV4,4.0819693,0.8004669,4.465566654693586e-05,0.006192252427841773,JAK2,IFNγ
PALLD,4.0385623,0.9925637,5.377981403656363e-05,0.007414110176947656,JAK2,IFNγ
PLOD3,3.972427,0.5883238,7.114407391037261e-05,0.009639818746072887,JAK2,IFNγ
VCL,3.954114,0.52013797,7.681880705105181e-05,0.010176131579857767,JAK2,IFNγ
CDK6,3.9167056,0.5159606,8.976729852674823e-05,0.01176001205892958,JAK2,IFNγ
LINC00937,3.776275,0.89856637,0.00015919128323143282,0.019660123479081953,JAK2,IFNγ
AMIGO2,3.7432072,0.57370216,0.00018168627477644335,0.02186875607867525,JAK2,IFNγ
BIRC2,3.7257326,0.70290166,0.00019474879421798314,0.023322643477256644,JAK2,IFNγ
IGFBP5,3.614383,0.7562395,0.00030106381405777335,0.03432127480258616,JAK2,IFNγ
TTC3,3.5452108,0.56099916,0.00039229906353867766,0.04286725988308353,JAK2,IFNγ
PLEKHA3,3.5338655,0.48855293,0.00040952954439604745,0.0440641546800537,JAK2,IFNγ
PPP3CA,3.5331202,0.7595487,0.00041068565217155313,0.0440641546800537,JAK2,IFNγ
SSU72,-3.5151427,-0.3191148,0.00043951793922014724,0.046526113280304156,JAK2,IFNγ
GYPC,-3.524923,-0.9589766,0.0004236056297632229,0.04504276543921767,JAK2,IFNγ
DYNC1H1,-3.5316672,-0.2683314,0.0004129488354534806,0.04410739993816636,JAK2,IFNγ
PSMB4,-3.5366971,-0.25367525,0.00040516400146050745,0.04386871599375138,JAK2,IFNγ
S100A13,-3.543441,-0.25808004,0.0003949415494167485,0.04295804596224743,JAK2,IFNγ
DRAP1,-3.5454345,-0.21325204,0.0003919664535621161,0.04286725988308353,JAK2,IFNγ
GSTO1,-3.5461984,-0.29847842,0.0003908320232961818,0.04286725988308353,JAK2,IFNγ
RALA,-3.5521226,-0.25678807,0.00038213688853961275,0.04234219579930513,JAK2,IFNγ
HLA-DMA,-3.5632071,-1.9172171,0.00036635131335877334,0.04078367296884147,JAK2,IFNγ
SEPHS2,-3.5757449,-0.41246557,0.00034923199446520737,0.03906126911678773,JAK2,IFNγ
RWDD1,-3.582284,-0.25763857,0.0003406032411328721,0.038276701676505515,JAK2,IFNγ
BIN1,-3.5824516,-0.58972603,0.00034038463637163426,0.038276701676505515,JAK2,IFNγ
SQOR,-3.585656,-0.76907784,0.0003362319984147299,0.03814704854741663,JAK2,IFNγ
SCML1,-3.6149418,-0.97201157,0.0003004150780733935,0.03432127480258616,JAK2,IFNγ
APOBEC3G,-3.621276,-0.9028926,0.0002931536610125069,0.03374397868897361,JAK2,IFNγ
MRPL14,-3.625188,-0.23247208,0.0002887511496425004,0.033399352489380335,JAK2,IFNγ
EMP3,-3.6319506,-0.23774517,0.00028128683965102964,0.032695458538260856,JAK2,IFNγ
HLA-DPA1,-3.6374092,-1.888079,0.00027539420288330574,0.03216821349147264,JAK2,IFNγ
TRIM69,-3.6470966,-1.3939128,0.0002652201709818777,0.031133171754070706,JAK2,IFNγ
SAT1,-3.699148,-0.19975382,0.00021632442733292154,0.025519824979692712,JAK2,IFNγ
DENND5A,-3.7035446,-1.0887446,0.0002126077695006782,0.02520677715200041,JAK2,IFNγ
ARNTL2,-3.7131202,-0.88419724,0.00020471953550296843,0.02439351570777079,JAK2,IFNγ
PSMB2,-3.7503052,-0.18932171,0.00017661951819650698,0.02136735722181415,JAK2,IFNγ
TNFRSF1A,-3.7539566,-0.6396832,0.0001740650499910055,0.02116631007890627,JAK2,IFNγ
TMEM50A,-3.7550557,-0.3647275,0.00017330293281440551,0.02116631007890627,JAK2,IFNγ
EDF1,-3.758465,-0.22413991,0.00017095899223545024,0.021004039502005162,JAK2,IFNγ
NASP,-3.779032,-0.32689065,0.0001574391246408603,0.01954553153656586,JAK2,IFNγ
PPP1R12A,-3.8005495,-0.38541868,0.0001443756326716077,0.018018078957416642,JAK2,IFNγ
IFI27,-3.8059707,-2.4432888,0.00014124914121716416,0.017721162098102625,JAK2,IFNγ
CYB5A,-3.8070884,-0.44354862,0.0001406124835605365,0.017721162098102625,JAK2,IFNγ
CALM3,-3.8112986,-0.331064,0.00013823858824479947,0.017528948686955537,JAK2,IFNγ
MRPL9,-3.8290715,-0.45973027,0.0001286276622349168,0.016397952295238428,JAK2,IFNγ
FASTK,-3.8375294,-0.64642435,0.00012427839604013885,0.01592913149677715,JAK2,IFNγ
LSM6,-3.8836565,-0.34811002,0.00010289727737521072,0.01326032739739672,JAK2,IFNγ
TEAD4,-3.890773,-0.86087716,9.992539257161446e-05,0.012947709883377716,JAK2,IFNγ
CXCL9,-3.9031618,-2.172495,9.494421873393242e-05,0.012369875355049482,JAK2,IFNγ
KCNE4,-3.9268029,-0.62219214,8.608250548222935e-05,0.011339935388859013,JAK2,IFNγ
GADD45B,-3.962814,-0.88749516,7.407149723865463e-05,0.009867322149005498,JAK2,IFNγ
NAMPT,-3.9693902,-0.24205722,7.205678442223472e-05,0.00965316650971768,JAK2,IFNγ
LINC00944,-3.970713,-1.1222664,7.165787020478775e-05,0.00965316650971768,JAK2,IFNγ
IL15RA,-3.975091,-1.8815261,7.035236849251444e-05,0.009587329664910932,JAK2,IFNγ
NTMT1,-3.990032,-0.33513597,6.606439579141712e-05,0.009055022849746143,JAK2,IFNγ
DDX60L,-4.103934,-1.0422778,4.061836337350281e-05,0.005665544895955874,JAK2,IFNγ
GCLM,-4.11146,-0.22043325,3.931645671363242e-05,0.0055164013112050415,JAK2,IFNγ
HLA-C,-4.111553,-0.108497724,3.9300594907915403e-05,0.0055164013112050415,JAK2,IFNγ
DOCK10,-4.1115723,-0.72672,3.929742327568199e-05,0.0055164013112050415,JAK2,IFNγ
SPCS3,-4.114739,-0.32414973,3.8761762477364406e-05,0.0055164013112050415,JAK2,IFNγ
LIMA1,-4.1208124,-0.22288057,3.7753883060132114e-05,0.005425576212859713,JAK2,IFNγ
KDSR,-4.156358,-0.57950324,3.2336127959425394e-05,0.004704013902907331,JAK2,IFNγ
PRKAR1A,-4.1592827,-0.44269037,3.192486310673467e-05,0.004672854036956126,JAK2,IFNγ
TNFRSF14,-4.1781173,-2.3622353,2.939320963231935e-05,0.004329017309326438,JAK2,IFNγ
ERAP2,-4.2408805,-0.77883345,2.2264446677001528e-05,0.003299590997531626,JAK2,IFNγ
BAK1,-4.266273,-0.8731144,1.987655760355794e-05,0.0029642322886513574,JAK2,IFNγ
NUCB1,-4.271657,-0.69258493,1.940259094586001e-05,0.0029304091497339654,JAK2,IFNγ
ECI2,-4.2771153,-0.4676519,1.8933063966682333e-05,0.002877825722935715,JAK2,IFNγ
TMEM140,-4.292597,-2.0479457,1.7659559603536624e-05,0.002701570821413293,JAK2,IFNγ
SAMD9,-4.3140397,-0.88369703,1.6029830560348685e-05,0.002468177547058364,JAK2,IFNγ
ENY2,-4.315977,-0.20114098,1.5889855252828034e-05,0.002462615998399074,JAK2,IFNγ
HEG1,-4.3611727,-1.0644894,1.2936727279223937e-05,0.0020314945512911126,JAK2,IFNγ
RALB,-4.37371,-0.8902687,1.22152423160125e-05,0.001930985505315256,JAK2,IFNγ
IRF3,-4.3822985,-0.65248775,1.1743368088164848e-05,0.0018688506315876837,JAK2,IFNγ
OASL,-4.396308,-2.032293,1.1010757860473079e-05,0.0017641019620779571,JAK2,IFNγ
CYTOR,-4.4030333,-0.18564771,1.0674767936018583e-05,0.0017219054238018544,JAK2,IFNγ
ATOX1,-4.4299536,-0.36080685,9.425345751032819e-06,0.0015307794414280151,JAK2,IFNγ
AC245297.3,-4.4329157,-0.7851526,9.296730459616226e-06,0.0015203039493684135,JAK2,IFNγ
HLA-DRB1,-4.4548426,-1.7937888,8.395474456746603e-06,0.0013921223099187094,JAK2,IFNγ
PSMA3,-4.4809985,-0.138617,7.429455244063081e-06,0.0012406143855438294,JAK2,IFNγ
L3HYPDH,-4.494785,-0.6218741,6.964037182621486e-06,0.0011711436147114943,JAK2,IFNγ
TOP1,-4.5084777,-0.24640185,6.529448513833216e-06,0.001105902022571523,JAK2,IFNγ
NUDCD1,-4.5161343,-0.8281286,6.297872430563294e-06,0.001074353604845445,JAK2,IFNγ
IFI44L,-4.5319695,-2.0906317,5.843627255140236e-06,0.0010040876048832267,JAK2,IFNγ
PSMB3,-4.546911,-0.14694291,5.443911668282906e-06,0.0009422338210096662,JAK2,IFNγ
RAB5IF,-4.548848,-0.27056256,5.394037101010138e-06,0.0009404662333761206,JAK2,IFNγ
CNIH4,-4.5513816,-0.31612316,5.329476275558198e-06,0.0009360928996002666,JAK2,IFNγ
MT2A,-4.5514936,-0.12092609,5.326645111978532e-06,0.0009360928996002666,JAK2,IFNγ
TRIM56,-4.551717,-0.619692,5.320987104149388e-06,0.0009360928996002666,JAK2,IFNγ
FBL,-4.583574,-0.54833895,4.570954677702699e-06,0.0008211096766491395,JAK2,IFNγ
TYMP,-4.592311,-1.0868726,4.383642074565225e-06,0.0007934726784129054,JAK2,IFNγ
TGM2,-4.6032653,-1.2671006,4.159177116239275e-06,0.0007586339060020439,JAK2,IFNγ
POMP,-4.619585,-0.15143591,3.8450837693715134e-06,0.0007067800491421498,JAK2,IFNγ
YBX3,-4.645685,-0.5008617,3.3894958547137827e-06,0.0006279041070857283,JAK2,IFNγ
SLC12A8,-4.6465793,-0.79554504,3.3748427910596283e-06,0.0006279041070857283,JAK2,IFNγ
CDC26,-4.7892084,-0.5186043,1.6744061705416913e-06,0.00032018967028939183,JAK2,IFNγ
DDX23,-4.806571,-0.7436491,1.5354085443076562e-06,0.00029599680815140764,JAK2,IFNγ
RNF114,-4.812421,-0.44247478,1.4911291721836079e-06,0.00028981684369522716,JAK2,IFNγ
CIITA,-4.8900323,-1.6783191,1.0081950871029524e-06,0.0001992193492115434,JAK2,IFNγ
ZNFX1,-4.9541183,-0.90029305,7.265900214830855e-07,0.00014478069402862963,JAK2,IFNγ
TEX29,-4.95464,-2.4590726,7.246436068753617e-07,0.00014478069402862963,JAK2,IFNγ
BRI3,-4.9814854,-0.17860451,6.30980822546679e-07,0.00012787878003612694,JAK2,IFNγ
DNAJA1,-4.985174,-0.21228461,6.190608686480756e-07,0.00012654458032226867,JAK2,IFNγ
BTN3A2,-4.9875026,-1.2631682,6.116477254097821e-07,0.00012611644230362394,JAK2,IFNγ
CD274,-5.0018663,-1.9703639,5.677800240224496e-07,0.00011809824499666951,JAK2,IFNγ
TSPO,-5.061686,-0.3336484,4.155648422197094e-07,8.720242069658186e-05,JAK2,IFNγ
SOCS3,-5.0687466,-1.0211719,4.004436219178192e-07,8.52871960967263e-05,JAK2,IFNγ
CSRP1,-5.0826817,-0.39444923,3.721429342993817e-07,8.022048416460853e-05,JAK2,IFNγ
IRF2,-5.1809535,-1.0908664,2.2075469954809878e-07,4.802326087783962e-05,JAK2,IFNγ
ADAR,-5.2470703,-0.57532007,1.5453709937220178e-07,3.392947870660786e-05,JAK2,IFNγ
OPTN,-5.313336,-1.0058721,1.076363593715369e-07,2.4307365270646503e-05,JAK2,IFNγ
CCDC71L,-5.33096,-1.1656508,9.76951552882827e-08,2.2274495405728454e-05,JAK2,IFNγ
GSDMD,-5.3338284,-0.6599066,9.616331620675196e-08,2.213810246499517e-05,JAK2,IFNγ
CXCL10,-5.3418393,-1.9968184,9.20081874573515e-08,2.1389197460673715e-05,JAK2,IFNγ
CPNE1,-5.3553643,-0.5319094,8.538412018078422e-08,2.0045824333928268e-05,JAK2,IFNγ
DNPEP,-5.422655,-0.51042193,5.8720285229830704e-08,1.3923754033697457e-05,JAK2,IFNγ
HLA-A,-5.4280205,-0.16217135,5.698257041312327e-08,1.3648188986222009e-05,JAK2,IFNγ
HMGN3,-5.478395,-0.4674401,4.2920129685906086e-08,1.0384919541961276e-05,JAK2,IFNγ
STOM,-5.498515,-1.2660215,3.8300295424733683e-08,9.362645413518404e-06,JAK2,IFNγ
PARP12,-5.5033216,-1.6451832,3.7270193889909134e-08,9.205737890807556e-06,JAK2,IFNγ
SOCS1,-5.5140524,-2.260253,3.506645904225696e-08,8.752588176947338e-06,JAK2,IFNγ
CD7,-5.5229945,-2.3680685,3.33270334714069e-08,8.406921464617026e-06,JAK2,IFNγ
CARHSP1,-5.559937,-0.63333666,2.6987191837882857e-08,7.096175685041943e-06,JAK2,IFNγ
PSMA2,-5.572177,-0.31956595,2.515759327457227e-08,6.702661255355705e-06,JAK2,IFNγ
OGFR,-5.580914,-0.9205683,2.3925777578270254e-08,6.446909521999367e-06,JAK2,IFNγ
EIF4A3,-5.608132,-0.5526448,2.0452191800561045e-08,5.574280137642569e-06,JAK2,IFNγ
IL6,-5.6515765,-1.1968741,1.5898288610145907e-08,4.3834909246951135e-06,JAK2,IFNγ
TMEM158,-5.781835,-0.22424838,7.389003451032012e-09,2.0612711744808364e-06,JAK2,IFNγ
DTX3L,-5.7976704,-1.458644,6.7242392807955914e-09,1.921026046099097e-06,JAK2,IFNγ
RBCK1,-5.8999476,-0.4107078,3.6361723172667432e-09,1.0514746095979148e-06,JAK2,IFNγ
CTSL,-5.9676104,-0.26036257,2.4075318673026895e-09,7.135924454685172e-07,JAK2,IFNγ
CFH,-5.9920526,-1.178154,2.072087681166671e-09,6.219410518458746e-07,JAK2,IFNγ
CTSC,-6.0096207,-0.38143626,1.8595812590984992e-09,5.653127027659438e-07,JAK2,IFNγ
SP110,-6.0141287,-1.1628687,1.8085660115964423e-09,5.569443800905824e-07,JAK2,IFNγ
CALCOCO2,-6.0770783,-0.8502747,1.2239179546752412e-09,3.8186240185867524e-07,JAK2,IFNγ
KARS,-6.0833383,-0.81862545,1.1770572906759863e-09,3.721384330201198e-07,JAK2,IFNγ
C1S,-6.088145,-1.8789468,1.142266740993495e-09,3.660193103032129e-07,JAK2,IFNγ
CASP1,-6.134924,-1.3934281,8.520004407991833e-10,2.7674841715383883e-07,JAK2,IFNγ
PARP9,-6.154932,-1.5744382,7.510969501724264e-10,2.4736126225678575e-07,JAK2,IFNγ
SP140L,-6.1687365,-0.8692945,6.88377693549863e-10,2.2989875872470917e-07,JAK2,IFNγ
DYNLT1,-6.1970725,-0.3617542,5.752304666800707e-10,1.9485521179882624e-07,JAK2,IFNγ
PSMA5,-6.25801,-0.32011953,3.899205626243842e-10,1.3399704899926663e-07,JAK2,IFNγ
CASP8,-6.316321,-0.8493165,2.6786333050028436e-10,9.340551901209915e-08,JAK2,IFNγ
PSME1,-6.320941,-0.7695612,2.599749611258307e-10,9.200785489874175e-08,JAK2,IFNγ
IFIT3,-6.3416014,-1.876635,2.2738884949738885e-10,8.169461211033462e-08,JAK2,IFNγ
GUK1,-6.4892044,-0.23354203,8.629075892578939e-11,3.147886885612797e-08,JAK2,IFNγ
ISG20,-6.49701,-1.3333786,8.193181905896165e-11,3.035573896134529e-08,JAK2,IFNγ
PML,-6.5357976,-1.2553388,6.32715289152917e-11,2.381419831173646e-08,JAK2,IFNγ
B2M,-6.646942,-0.15093878,2.9924469384715576e-11,1.1444661581457673e-08,JAK2,IFNγ
BATF3,-6.7153873,-1.7723972,1.875670120550758e-11,7.291129491557307e-09,JAK2,IFNγ
GOLM1,-6.7310367,-0.9683406,1.6845869732138144e-11,6.657487718140994e-09,JAK2,IFNγ
SAMHD1,-6.9213386,-1.8204069,4.473951797585244e-12,1.7980736444803612e-09,JAK2,IFNγ
GSTK1,-7.003272,-1.0384349,2.500524757785044e-12,1.0222835009758442e-09,JAK2,IFNγ
CSF1,-7.0896764,-1.3182852,1.3442574778458124e-12,5.592111107838579e-10,JAK2,IFNγ
HSBP1L1,-7.293262,-0.98996735,3.02539295873503e-13,1.2810378185272326e-10,JAK2,IFNγ
PSMA4,-7.3136616,-0.39341435,2.599598231489852e-13,1.1207576957288612e-10,JAK2,IFNγ
TAP2,-7.3487782,-1.3534297,2.000266243024917e-13,8.783391324927191e-11,JAK2,IFNγ
NMI,-7.4896,-1.2126951,6.908377073623226e-14,3.090781833391584e-11,JAK2,IFNγ
MSRB1,-7.7083497,-1.1808343,1.2745490072718589e-14,5.811943473159677e-12,JAK2,IFNγ
STAT3,-7.713324,-1.1140337,1.2258233068848776e-14,5.6993573044812196e-12,JAK2,IFNγ
XRN1,-7.9123077,-1.3265051,2.5266091541390723e-15,1.1982191252589136e-12,JAK2,IFNγ
CXCL11,-7.9348683,-2.362667,2.107188482989522e-15,1.019707210380562e-12,JAK2,IFNγ
CD74,-7.9841995,-2.0600517,1.4143690430692968e-15,6.986983072762326e-13,JAK2,IFNγ
HLA-DRA,-8.045958,-2.4536262,8.557396587994917e-16,4.3172976147773505e-13,JAK2,IFNγ
XAF1,-8.399363,-2.2412152,4.489098818516369e-17,2.3140328518404378e-14,JAK2,IFNγ
SP100,-8.485506,-0.7966479,2.1478213894483595e-17,1.1317586841466555e-14,JAK2,IFNγ
BST2,-8.509259,-1.1789751,1.7504872806017935e-17,9.433535090370392e-15,JAK2,IFNγ
PPA1,-8.632606,-0.5469627,5.996974484050043e-18,3.3069827666463865e-15,JAK2,IFNγ
SOD2,-8.672828,-1.3343958,4.215204316699011e-18,2.3797839227992132e-15,JAK2,IFNγ
NUB1,-8.8543,-0.82681847,8.421118497996613e-19,4.870281995719407e-16,JAK2,IFNγ
PMAIP1,-9.107067,-0.9161948,8.463924649637124e-20,5.0174145323048867e-17,JAK2,IFNγ
CASP4,-9.239692,-0.944195,2.47208744559761e-20,1.503029166923347e-17,JAK2,IFNγ
IFI16,-9.249789,-0.6230997,2.2493652047654407e-20,1.403603887773635e-17,JAK2,IFNγ
HAPLN3,-9.337814,-2.8220482,9.834335219463292e-21,6.302479911457123e-18,JAK2,IFNγ
IFITM3,-9.367678,-0.86216444,7.414602073222848e-21,4.883751232229449e-18,JAK2,IFNγ
GBP3,-9.422412,-1.6484078,4.408444805559145e-21,2.986658377983384e-18,JAK2,IFNγ
PLSCR1,-9.556807,-1.5031074,1.2144678416125602e-21,8.469841605975596e-19,JAK2,IFNγ
CLEC2B,-9.884726,-0.97421604,4.84907057496286e-23,3.484277620409677e-20,JAK2,IFNγ
ISG15,-10.055523,-1.0404441,8.685911345655953e-24,6.4362603071310615e-21,JAK2,IFNγ
NNMT,-10.13727,-0.43632546,3.775022721404453e-24,2.887527057094916e-21,JAK2,IFNγ
CTSS,-10.262964,-2.0311873,1.034802935694605e-24,8.179082403730158e-22,JAK2,IFNγ
APOL1,-10.379418,-1.8826125,3.0764294143513486e-25,2.5154584232103165e-22,JAK2,IFNγ
CD47,-10.440692,-1.2237438,1.6162875180686134e-25,1.3687646295872486e-22,JAK2,IFNγ
PSME2,-10.561505,-0.6869947,4.493972624048372e-26,3.946706624497593e-23,JAK2,IFNγ
HLA-B,-10.893113,-1.0004296,1.2431598397156781e-27,1.1337617738206986e-24,JAK2,IFNγ
SAMD9L,-11.233702,-1.8547841,2.785589834722964e-29,2.6420762464380367e-26,JAK2,IFNγ
APOL2,-11.658868,-1.8285103,2.0677238319318157e-31,2.042911145948634e-28,JAK2,IFNγ
VAMP5,-11.924714,-1.1899021,8.798574109952835e-33,9.070947360660939e-30,JAK2,IFNγ
ETV7,-11.941332,-2.9433,7.206020325470742e-33,7.766779725343739e-30,JAK2,IFNγ
APOL6,-12.246113,-2.0592327,1.762419022428752e-34,1.9900228504681223e-31,JAK2,IFNγ
EPSTI1,-12.289782,-2.2409122,1.0278374397535187e-34,1.2186040685717718e-31,JAK2,IFNγ
IFI35,-12.599183,-2.0610108,2.133425312374973e-36,2.6625147898439662e-33,JAK2,IFNγ
PSMB9,-13.472152,-1.4846315,2.2812003875456548e-41,3.005101310526809e-38,JAK2,IFNγ
RNF213,-13.746101,-1.4838983,5.374895327139495e-43,7.497030470419511e-40,JAK2,IFNγ
SECTM1,-14.031433,-2.386293,1.0010738215550202e-44,1.48359140354454e-41,JAK2,IFNγ
ICAM1,-14.2659445,-1.3612964,3.567317086523391e-46,5.639214850376177e-43,JAK2,IFNγ
PSMB8,-14.4080515,-1.0650852,4.605216431962189e-47,7.79992085962053e-44,JAK2,IFNγ
LAP3,-15.0011835,-1.1958861,7.212201567577678e-51,1.3155055659261684e-47,JAK2,IFNγ
PARP14,-15.004835,-1.8368425,6.826081038859968e-51,1.3155055659261684e-47,JAK2,IFNγ
RARRES3,-15.289869,-2.1563246,8.932978991304495e-53,1.9256254349255655e-49,JAK2,IFNγ
HLA-E,-15.29162,-1.4476571,8.69596702358016e-53,1.9256254349255655e-49,JAK2,IFNγ
WARS,-15.910871,-1.2854793,5.326732793888105e-57,1.4034165334297192e-53,JAK2,IFNγ
UBE2L6,-16.169806,-1.6702554,8.23587050022919e-59,2.441112016267932e-55,JAK2,IFNγ
GBP2,-16.420113,-2.4348454,1.3730985108509526e-60,4.651273127042541e-57,JAK2,IFNγ
GBP4,-16.43649,-2.5635464,1.0481836110646167e-60,4.142421630927365e-57,JAK2,IFNγ
IRF1,-16.71776,-1.586775,9.73086525456642e-63,4.6147655383255785e-59,JAK2,IFNγ
STAT1,-16.9244,-1.2877839,2.9735965327934848e-64,1.762748024639978e-60,JAK2,IFNγ
IDO1,-17.429974,-2.6777375,4.8869159914471614e-68,3.862618399639836e-64,JAK2,IFNγ
TAP1,-18.117725,-2.0310423,2.3094873155738582e-73,2.7381281613443666e-69,JAK2,IFNγ
GBP1,-18.197405,-1.5040953,5.4111893932194755e-74,1.283101228920202e-69,JAK2,IFNγ
VDAC2,-12.620032,-1.7330488,1.6375434379870255e-36,3.882943000154835e-32,VDAC2,IFNγ
CKS1B,-8.143996,-1.0325974,3.8243971855278044e-16,9.06841060632353e-12,CKS1B,IFNγ
GRN,-6.9263787,-1.5288928,4.317493099926199e-12,1.0237639638545003e-07,GRN,IFNγ
CDKN2A,5.5440054,0.48640242,2.9562934679353005e-08,0.0007009963071168185,CDKN2A,IFNγ
SDCBP,-9.282125,-1.4960458,1.661308581430185e-20,3.9392949082872547e-16,SDCBP,IFNγ
S100A6,-7.7134943,-0.16902135,1.224190295535701e-14,2.9028000287742547e-10,S100A6,IFNγ
CTSA,-11.020498,-1.8741621,3.0437085820270277e-28,7.217241789702489e-24,CTSA,IFNγ
NPC2,-9.912062,-1.1130147,3.6895287354052213e-23,8.74861053739286e-19,NPC2,IFNγ
SEC11C,-4.804607,-0.72240514,1.5505599898460835e-06,0.03676687847923033,SEC11C,IFNγ
NME1,-5.121463,-0.30808178,3.0317448119776275e-07,0.007188873298161351,NME1,IFNγ
SCARB2,-7.663308,-1.2200418,1.8120404098268333e-14,4.296710219781387e-10,SCARB2,IFNγ
TIMP1,-6.9039345,-0.50755656,5.058168022479913e-12,1.1993928014904372e-07,TIMP1,IFNγ
SP100,-7.4359694,-1.003667,1.0380387680654802e-13,2.461397526836867e-09,SP100,IFNγ
AKR1C2,4.8823104,0.77335364,1.04850008096099e-06,0.004972406783949399,TXNDC17,IFNγ
OSGIN1,4.7476034,0.88464993,2.0584134322654234e-06,0.006452102440509923,TXNDC17,IFNγ
MRPS21,-4.4411125,-0.29832354,8.949499655635368e-06,0.016323887371878912,TXNDC17,IFNγ
HLA-C,-4.479891,-0.1845504,7.46811857075384e-06,0.014757002295809587,TXNDC17,IFNγ
PKIB,-4.619744,-0.45943555,3.842140725119006e-06,0.008282258261274716,TXNDC17,IFNγ
XAF1,-4.65592,-0.90094954,3.2253695799967565e-06,0.007647996348088309,TXNDC17,IFNγ
SERPINE2,-4.66989,-0.27057707,3.013613959791521e-06,0.007647996348088309,TXNDC17,IFNγ
CD47,-4.7362747,-0.40599293,2.1768226857320928e-06,0.006452102440509923,TXNDC17,IFNγ
SECTM1,-4.8318124,-0.39349195,1.3529573910896927e-06,0.005346887609586465,TXNDC17,IFNγ
IGFBP7,-4.917802,-0.23194826,8.752139524108454e-07,0.004972406783949399,TXNDC17,IFNγ
CLEC2B,-5.223647,-0.3504622,1.7543304356694372e-07,0.0013866227763531232,TXNDC17,IFNγ
IDO1,-5.413176,-0.40919754,6.191647790347481e-08,0.0007340817620235974,TXNDC17,IFNγ
TXNDC17,-8.762897,-1.05471,1.90297084360388e-18,4.51232446435352e-14,TXNDC17,IFNγ
TAPBP,-5.5346184,-0.78178805,3.1190697607547805e-08,0.0007395938216701736,TAPBP,IFNγ
AHNAK,-5.850996,-0.6650233,4.88637898164809e-09,0.00011586581841283951,AHNAK,IFNγ
ITGA3,-8.010477,-0.782059,1.1426454141526705e-15,2.7094408060388122e-11,ITGA3,IFNγ
CD151,-6.5434747,-1.2737753,6.010572469574601e-11,1.4252269439855293e-06,CD151,IFNγ
BZW2,-6.5509186,-1.1093255,5.718422193290684e-11,1.355952270473087e-06,BZW2,IFNγ
CDK4,-5.921856,-1.1013793,3.1832862757664545e-09,7.548208417097418e-05,CDK4,IFNγ
CD63,-10.666219,-0.6003245,1.4646658231968523e-26,3.4730155999643763e-22,CD63,IFNγ
HSPA1A,-8.363111,-2.1161714,6.108602347326545e-17,1.4484717885980704e-12,HSPA1A,IFNγ
SERPINE2,-11.495245,-1.2799834,1.393847600951608e-30,3.305091431376453e-26,SERPINE2,IFNγ
FSCN1,6.0329657,1.0063493,1.609777251719133e-09,5.532034520690446e-07,STAT1,IFNγ
NT5DC2,6.026442,0.98120034,1.6760814688818154e-09,5.67760625573223e-07,STAT1,IFNγ
PMEPA1,5.759391,0.25017038,8.441808992259011e-09,2.5663099336467395e-06,STAT1,IFNγ
SLC7A11,5.1180873,0.5043398,3.0864968028514555e-07,7.86957120314126e-05,STAT1,IFNγ
ARL4C,4.9971337,0.67566514,5.818876637688623e-07,0.0001422445390029615,STAT1,IFNγ
IGFBP5,4.7749977,1.0109481,1.797091279626454e-06,0.00039330238528808366,STAT1,IFNγ
TTC3,4.773786,0.75880593,1.8079436570681984e-06,0.00039330238528808366,STAT1,IFNγ
DCBLD2,4.67424,0.39563128,2.9504397414340385e-06,0.0006191223641494152,STAT1,IFNγ
MICAL2,4.619731,0.91956544,3.842375998550493e-06,0.0007992142076985025,STAT1,IFNγ
LRRC17,4.5562553,0.89950395,5.207367332504952e-06,0.0010644577085203225,STAT1,IFNγ
RCN2,4.52374,0.4565272,6.075646177074213e-06,0.0012208959504303705,STAT1,IFNγ
FAT1,4.4064817,0.81238705,1.0506317103332869e-05,0.001993006329233832,STAT1,IFNγ
CDC42EP3,4.394687,0.8097201,1.1093234078010447e-05,0.0020876410036332043,STAT1,IFNγ
ITGA2,4.3287473,0.97390366,1.499598364887286e-05,0.0026990155660635315,STAT1,IFNγ
NFIB,4.2575364,0.94672376,2.0669209668727538e-05,0.003603737497535789,STAT1,IFNγ
SNCA,4.2335234,0.7851136,2.300583529172892e-05,0.003981856689324643,STAT1,IFNγ
MAPKAP1,4.2149835,0.88324016,2.497966000267456e-05,0.004261278402758411,STAT1,IFNγ
PEG10,4.173824,0.58594275,2.9952925563529682e-05,0.005037189864981673,STAT1,IFNγ
ANKRD11,4.1642914,0.2953258,3.123209704124817e-05,0.005142885312792198,STAT1,IFNγ
ATP2B1,4.0727634,0.5972382,4.645864846925337e-05,0.007393472969818361,STAT1,IFNγ
SFRP1,4.0101557,0.54335475,6.067873175106535e-05,0.009420114285724437,STAT1,IFNγ
SOX4,3.8744385,0.8044961,0.00010687077243150796,0.015642714542567385,STAT1,IFNγ
ST3GAL5,3.815345,1.0528747,0.00013599270649346517,0.01908082281877542,STAT1,IFNγ
KCMF1,3.8105788,0.6129483,0.00013864174687469363,0.019234415166334416,STAT1,IFNγ
CDH2,3.8104577,0.57630295,0.00013870972475721934,0.019234415166334416,STAT1,IFNγ
SPTBN1,3.7902617,0.5510371,0.00015048861802745937,0.020626509310214546,STAT1,IFNγ
WLS,3.754535,0.97983766,0.00017366354516386003,0.023397215812076416,STAT1,IFNγ
SLC3A2,3.732784,0.25990734,0.0001893750078632689,0.024947001035854625,STAT1,IFNγ
IGF2BP3,3.7203434,0.3342501,0.00019895220053968478,0.026063837454127103,STAT1,IFNγ
TNFRSF11B,3.7064888,0.537346,0.00021015253055924518,0.02737987255286166,STAT1,IFNγ
MAP4K4,3.677144,0.39363235,0.00023585988562049802,0.03023086274504459,STAT1,IFNγ
RHOBTB3,3.6173437,0.45757508,0.00029764194986528876,0.03695123515814517,STAT1,IFNγ
DEXI,3.5799205,1.8184947,0.00034369870441158725,0.042009194221688445,STAT1,IFNγ
DPP7,3.576992,0.6599106,0.00034757064449538225,0.04226459037063848,STAT1,IFNγ
TIMP3,3.5731752,0.60142785,0.0003526787846729774,0.04266693541921245,STAT1,IFNγ
SQOR,-3.5317128,-0.82761866,0.00041287763776127367,0.049445224982804646,STAT1,IFNγ
PDCD1LG2,-3.5319955,-2.344471,0.0004124364332195713,0.049445224982804646,STAT1,IFNγ
LINC00944,-3.6089017,-1.0882522,0.0003074959929715926,0.037778989561359604,STAT1,IFNγ
DPH3,-3.6154857,-0.63396806,0.0002997850539873474,0.03702345416743741,STAT1,IFNγ
SLC12A8,-3.631481,-0.6818837,0.00028179952077008916,0.035168580192107134,STAT1,IFNγ
ERI1,-3.634793,-1.1680009,0.0002782038790295172,0.03490354698173498,STAT1,IFNγ
NLRC5,-3.6454363,-1.6823343,0.00026693850793223597,0.03366832925579351,STAT1,IFNγ
USP30-AS1,-3.6505864,-2.0292044,0.00026164237736682087,0.033176813112952175,STAT1,IFNγ
ILF2,-3.6536157,-0.27349702,0.00025857319330504873,0.032963911611017825,STAT1,IFNγ
BAZ1A,-3.6878479,-0.7695229,0.00022615876593117586,0.029144981835652402,STAT1,IFNγ
TRIM69,-3.6921294,-1.6051389,0.000222384219204391,0.02881516178018863,STAT1,IFNγ
GLA,-3.7367425,-0.6031119,0.00018641974467078785,0.024694888187897886,STAT1,IFNγ
CAPRIN1,-3.740398,-0.4854332,0.00018372920020206162,0.024475206714557784,STAT1,IFNγ
EIF4A3,-3.7483752,-0.42061812,0.0001779838118304619,0.023843797435728318,STAT1,IFNγ
TNFRSF14,-3.7715602,-2.2456803,0.00016222996499207025,0.021981696742239827,STAT1,IFNγ
APOBEC3G,-3.7880807,-1.0550176,0.00015181561357864172,0.02068880361595835,STAT1,IFNγ
CXCL9,-3.7912312,-2.404379,0.00014990235410473793,0.020626509310214546,STAT1,IFNγ
IFI27,-3.8224542,-3.0051012,0.00013213005035618704,0.01864921282170183,STAT1,IFNγ
MT2A,-3.8270185,-0.13135587,0.00012970479811058393,0.018416527980827345,STAT1,IFNγ
ITM2B,-3.8351371,-0.30341625,0.00012549420493647868,0.01792601558707098,STAT1,IFNγ
HLA-A,-3.84778,-0.08596491,0.00011919305228902221,0.017129125187135122,STAT1,IFNγ
IL11,-3.8478203,-0.30572805,0.00011917340749872294,0.017129125187135122,STAT1,IFNγ
FASTK,-3.861594,-0.6983562,0.00011264966504808793,0.01638741630441878,STAT1,IFNγ
TRIM38,-3.882921,-1.0279186,0.00010320913300824311,0.0152005898254128,STAT1,IFNγ
SAMD9,-3.9012387,-0.80737126,9.570172572170565e-05,0.014182995751956777,STAT1,IFNγ
PSME1,-3.9021475,-0.46106708,9.534301858301173e-05,0.014182995751956777,STAT1,IFNγ
RMDN3,-3.9171934,-1.0996001,8.958582721768162e-05,0.013444678069529535,STAT1,IFNγ
UBA6,-3.9203844,-0.76503885,8.840780134481111e-05,0.013352393538141154,STAT1,IFNγ
SOCS1,-3.9319973,-1.4137189,8.424305089070247e-05,0.012804943735386777,STAT1,IFNγ
CD274,-3.947528,-1.5127285,7.896231723597785e-05,0.012079706234190366,STAT1,IFNγ
TRIM56,-3.9933121,-0.6429879,6.515668564699239e-05,0.010032437208191452,STAT1,IFNγ
CYTOR,-4.009752,-0.25625715,6.0782620011632884e-05,0.009420114285724437,STAT1,IFNγ
IFI44L,-4.017022,-1.9114935,5.8938149566149346e-05,0.009255241076241942,STAT1,IFNγ
IFI44,-4.0695724,-1.0279455,4.7099530968192134e-05,0.007445493855451813,STAT1,IFNγ
VEGFC,-4.078984,-1.3206176,4.523303005843558e-05,0.0072470649239569215,STAT1,IFNγ
DOCK10,-4.0884757,-0.8291682,4.342170212876121e-05,0.007004186400525073,STAT1,IFNγ
ENY2,-4.0900307,-0.28123486,4.313159251731211e-05,0.007004186400525073,STAT1,IFNγ
DYNC1H1,-4.0904145,-0.29859224,4.306029038241088e-05,0.007004186400525073,STAT1,IFNγ
RALB,-4.165584,-1.0096155,3.105565736639425e-05,0.005142885312792198,STAT1,IFNγ
BBX,-4.168573,-0.54955024,3.065126132749027e-05,0.005118328933784853,STAT1,IFNγ
OPTN,-4.193495,-0.8565442,2.7468933409168577e-05,0.004652452492844323,STAT1,IFNγ
DUSP6,-4.2242737,-0.5428888,2.3971277650061313e-05,0.004118890837958361,STAT1,IFNγ
OGFR,-4.2893047,-0.76083297,1.7923342189712205e-05,0.003148135481499673,STAT1,IFNγ
TMEM140,-4.314307,-2.4350412,1.6010416415349598e-05,0.002833126821199773,STAT1,IFNγ
ECI2,-4.320992,-0.605023,1.553292328789967e-05,0.0027692983233283982,STAT1,IFNγ
KARS,-4.3283234,-0.6229631,1.5024884224037877e-05,0.0026990155660635315,STAT1,IFNγ
NUCB1,-4.3436317,-0.77510446,1.4014632803324308e-05,0.0025562690233263538,STAT1,IFNγ
SNAPC1,-4.3552647,-0.47067803,1.3290621853229458e-05,0.002443001747161061,STAT1,IFNγ
IRF2,-4.377844,-0.98163086,1.198591945064545e-05,0.00222039157823207,STAT1,IFNγ
LIMA1,-4.3781466,-0.33500865,1.1969275000908049e-05,0.00222039157823207,STAT1,IFNγ
PSMA3,-4.4074917,-0.1408006,1.0457469460175868e-05,0.001993006329233832,STAT1,IFNγ
BTN3A2,-4.4140754,-1.1700761,1.0144259676835808e-05,0.0019556153289197616,STAT1,IFNγ
CALM3,-4.4244156,-0.5070352,9.670363015019776e-06,0.001879538096820893,STAT1,IFNγ
CXCL10,-4.4347963,-1.6504622,9.215930448038086e-06,0.0018060177089576786,STAT1,IFNγ
HLA-C,-4.452549,-0.14739664,8.485695967966669e-06,0.0016767735232702137,STAT1,IFNγ
CFH,-4.4721994,-0.9211624,7.741916289597309e-06,0.0015426581433523646,STAT1,IFNγ
CREG1,-4.5355744,-0.8268651,5.7446902936827235e-06,0.001164257232853032,STAT1,IFNγ
CEBPB,-4.5592847,-0.2604324,5.13281825451633e-06,0.001058342490879054,STAT1,IFNγ
MITD1,-4.6908007,-1.1588627,2.721377829611054e-06,0.0005761545633547974,STAT1,IFNγ
CSRP1,-4.7127743,-0.44222644,2.4436709215238334e-06,0.0005220209449655238,STAT1,IFNγ
MCUB,-4.752055,-0.95203805,2.0135931953277442e-06,0.0004340574713419224,STAT1,IFNγ
TGM2,-4.7894382,-1.474566,1.6724903498839722e-06,0.00037063636613503503,STAT1,IFNγ
HLA-DRB1,-4.8047466,-2.4005592,1.5494762650872477e-06,0.00034661491695989454,STAT1,IFNγ
CCDC71L,-4.829507,-1.1266711,1.3687159113236065e-06,0.0003090951589457653,STAT1,IFNγ
CIITA,-4.837767,-1.8704034,1.3130591528963845e-06,0.00029937748686037567,STAT1,IFNγ
DTX3L,-4.8481274,-1.2882292,1.24632246423447e-06,0.0002869203715721141,STAT1,IFNγ
SAMHD1,-4.8545904,-1.2087132,1.2063589717989799e-06,0.00028044297979703343,STAT1,IFNγ
EIF1AY,-4.9077864,-0.753294,9.211003503510705e-07,0.0002162488268071741,STAT1,IFNγ
NUDCD1,-4.9138455,-1.0241534,8.930722045059796e-07,0.0002117652811324579,STAT1,IFNγ
DDX60L,-4.9805727,-1.5080801,6.339632886207361e-07,0.00015184381312903934,STAT1,IFNγ
CTSL,-4.986389,-0.27699342,6.151812671098557e-07,0.0001488487572011112,STAT1,IFNγ
NEXN,-5.020278,-0.9645142,5.159670581275395e-07,0.00012744386335750225,STAT1,IFNγ
CD7,-5.0379496,-2.2874265,4.7054515518026004e-07,0.00011744807073299291,STAT1,IFNγ
ERAP2,-5.1055455,-1.0407689,3.298413840722621e-07,8.32042436076753e-05,STAT1,IFNγ
CASP1,-5.1981845,-1.2064455,2.012442016176561e-07,5.186850552997675e-05,STAT1,IFNγ
SP110,-5.2122006,-1.0944512,1.8661355740478528e-07,4.8626161243761193e-05,STAT1,IFNγ
PSMA5,-5.2450795,-0.3267482,1.5621477910469144e-07,4.1157387134782706e-05,STAT1,IFNγ
TEX29,-5.258712,-3.6503491,1.4506787981629526e-07,3.8649995125887565e-05,STAT1,IFNγ
IRF3,-5.2993865,-0.877799,1.1619230114819022e-07,3.130854369120326e-05,STAT1,IFNγ
SAT1,-5.336305,-0.47657686,9.485979541298977e-08,2.5854200791181764e-05,STAT1,IFNγ
ZNFX1,-5.363691,-1.10205,8.153846179546408e-08,2.2481860535977258e-05,STAT1,IFNγ
CASP8,-5.371729,-0.8054254,7.79853605537172e-08,2.1755163169996968e-05,STAT1,IFNγ
C1S,-5.49448,-1.8359306,3.918634306943136e-08,1.1061744843599482e-05,STAT1,IFNγ
IFIT3,-5.5036488,-1.6660429,3.720099825255739e-08,1.06278321754776e-05,STAT1,IFNγ
HSBP1L1,-5.553957,-0.808809,2.7927398823884202e-08,8.07578635258466e-06,STAT1,IFNγ
IL6,-5.701731,-1.3078791,1.1859675529365356e-08,3.471810199411251e-06,STAT1,IFNγ
NAMPT,-5.7391543,-0.45592034,9.515047469749312e-09,2.820260070033696e-06,STAT1,IFNγ
TYMP,-5.743436,-1.6415355,9.277449742078642e-09,2.7846441554958067e-06,STAT1,IFNγ
GOLM1,-5.833611,-0.9096885,5.4240502117787506e-09,1.670325696385685e-06,STAT1,IFNγ
CARHSP1,-5.8358326,-0.73179215,5.352263360616135e-09,1.6699061685122343e-06,STAT1,IFNγ
PML,-5.8519287,-1.3267164,4.859048338277991e-09,1.5362367226299695e-06,STAT1,IFNγ
CNDP2,-5.9052663,-1.0176837,3.520774756281907e-09,1.1281704192021158e-06,STAT1,IFNγ
ADAR,-5.922413,-0.7453428,3.172521683099106e-09,1.030504577392411e-06,STAT1,IFNγ
GUK1,-5.9514546,-0.18731584,2.6576980826177423e-09,8.752685685421098e-07,STAT1,IFNγ
PARP9,-5.9698935,-1.6861509,2.3740850687846994e-09,7.928775373383492e-07,STAT1,IFNγ
GSDMD,-6.0846066,-0.88672787,1.1677760619755055e-09,4.0721038208181154e-07,STAT1,IFNγ
SP140L,-6.1045804,-1.0269324,1.0307100703089616e-09,3.647790624950164e-07,STAT1,IFNγ
TMEM158,-6.105772,-0.25822952,1.0230489840687117e-09,3.647790624950164e-07,STAT1,IFNγ
RBCK1,-6.2367635,-0.61596286,4.46717193898721e-10,1.6296243233425342e-07,STAT1,IFNγ
PSMA4,-6.2412267,-0.31488574,4.341527811305777e-10,1.6085360540887904e-07,STAT1,IFNγ
DYNLT1,-6.3260093,-0.363434,2.515825842890759e-10,9.469089267718363e-08,STAT1,IFNγ
STAT3,-6.5789237,-0.9910944,4.7386585441472145e-11,1.812307603206754e-08,STAT1,IFNγ
BATF3,-6.628808,-2.0643687,3.3840889504210164e-11,1.3154674949571007e-08,STAT1,IFNγ
B2M,-6.6339374,-0.16438003,3.2684812076351584e-11,1.2917037732574145e-08,STAT1,IFNγ
GSTK1,-6.6461763,-1.0497358,3.0080486114541765e-11,1.2089296385559564e-08,STAT1,IFNγ
TAP2,-7.1848435,-1.551301,6.728410856217065e-13,2.7507599693555005e-10,STAT1,IFNγ
CALCOCO2,-7.186197,-1.0950965,6.662097643284366e-13,2.7507599693555005e-10,STAT1,IFNγ
CXCL11,-7.20714,-2.2572496,5.713921476399207e-13,2.41943760800675e-10,STAT1,IFNγ
XRN1,-7.306363,-1.3428206,2.744701311915055e-13,1.1833155910569052e-10,STAT1,IFNγ
ISG20,-7.312563,-1.73766,2.6209405726575615e-13,1.1508841270158537e-10,STAT1,IFNγ
HLA-DRA,-7.472879,-2.5032642,7.845905564231444e-14,3.51022854224634e-11,STAT1,IFNγ
XAF1,-7.529488,-2.161728,5.0939573859441126e-14,2.3228445679905154e-11,STAT1,IFNγ
SP100,-7.5434637,-0.9763316,4.576496987817224e-14,2.1278018936298437e-11,STAT1,IFNγ
IFITM3,-7.605365,-0.75149435,2.8410188622713915e-14,1.3473247852435847e-11,STAT1,IFNγ
PLSCR1,-7.6415963,-1.1686566,2.145451943738124e-14,1.0382236018350694e-11,STAT1,IFNγ
CTSC,-7.6942267,-0.65335613,1.423522357113476e-14,7.032200444140571e-12,STAT1,IFNγ
CSF1,-7.859511,-1.8618886,3.856363597677023e-15,1.945576460172714e-12,STAT1,IFNγ
CD74,-7.9102836,-2.3947556,2.568032399461079e-15,1.3237648751308934e-12,STAT1,IFNγ
NMI,-8.498108,-1.4784807,1.9270579093815695e-17,1.0154310477167951e-14,STAT1,IFNγ
PMAIP1,-8.5189905,-0.9868552,1.609498441914281e-17,8.673733421516234e-15,STAT1,IFNγ
MSRB1,-8.615972,-1.5297977,6.935084171544118e-18,3.824295718038468e-15,STAT1,IFNγ
BST2,-8.655718,-1.4455283,4.898205607486981e-18,2.765386937255507e-15,STAT1,IFNγ
DNPEP,-8.682719,-1.0908391,3.86416471461407e-18,2.234806675925093e-15,STAT1,IFNγ
HAPLN3,-8.728928,-2.8873823,2.570979734403886e-18,1.5240767865546235e-15,STAT1,IFNγ
NUB1,-8.769563,-1.0032126,1.793622163102709e-18,1.090522275166447e-15,STAT1,IFNγ
CTSS,-8.790627,-1.8032176,1.4872801012011065e-18,9.280627831494905e-16,STAT1,IFNγ
HLA-B,-9.476159,-0.9294377,2.638148371927873e-21,1.6906965998690196e-18,STAT1,IFNγ
CASP4,-9.625307,-1.175084,6.2520169223910795e-22,4.1179951462149244e-19,STAT1,IFNγ
SOD2,-9.665275,-1.7295023,4.2348307840510384e-22,2.869037358611949e-19,STAT1,IFNγ
ISG15,-9.719885,-1.0757259,2.48062834577283e-22,1.7300193922048629e-19,STAT1,IFNγ
GBP3,-9.721419,-1.8943869,2.4435135678023834e-22,1.7300193922048629e-19,STAT1,IFNγ
IFI16,-9.732608,-0.87522364,2.189073536437383e-22,1.622103490500101e-19,STAT1,IFNγ
PPA1,-9.735557,-0.73425,2.1265044380990024e-22,1.622103490500101e-19,STAT1,IFNγ
NNMT,-9.94511,-0.5592838,2.648809523504974e-23,2.0936190473783315e-20,STAT1,IFNγ
CD47,-10.127298,-1.2888983,4.180411333035506e-24,3.418134949273721e-21,STAT1,IFNγ
VAMP5,-10.301711,-1.1607821,6.9219276284749335e-25,5.8618838545142e-22,STAT1,IFNγ
APOL1,-10.324654,-2.1762083,5.451539499990122e-25,4.787663134213548e-22,STAT1,IFNγ
CLEC2B,-11.138633,-1.3153079,8.135909969124764e-29,7.419949891841785e-26,STAT1,IFNγ
ETV7,-11.150972,-2.844314,7.082829456131159e-29,6.717922082551282e-26,STAT1,IFNγ
PSME2,-11.151457,-0.80603886,7.044348328264111e-29,6.717922082551282e-26,STAT1,IFNγ
APOL2,-11.289557,-2.0515697,1.4777963353999515e-29,1.5235437697827672e-26,STAT1,IFNγ
IFI35,-11.506825,-2.0974276,1.2188289554795e-30,1.3136760087422684e-27,STAT1,IFNγ
APOL6,-11.58563,-2.1264577,4.873691601702083e-31,5.503094059979038e-28,STAT1,IFNγ
EPSTI1,-11.845775,-2.5328069,2.263172974919919e-32,2.6832178790650557e-29,STAT1,IFNγ
SAMD9L,-12.041171,-2.20215,2.1586980120379164e-33,2.69405511902332e-30,STAT1,IFNγ
ICAM1,-13.030633,-1.3825463,8.192529853436508e-39,1.0792292660260359e-35,STAT1,IFNγ
SECTM1,-13.471935,-2.4446974,2.2878928968600426e-41,3.191206845314431e-38,STAT1,IFNγ
PARP14,-13.684236,-1.8739454,1.2612650192511761e-42,1.869194758530243e-39,STAT1,IFNγ
RNF213,-13.827627,-1.6977328,1.736549012308377e-43,2.7451366786570822e-40,STAT1,IFNγ
PSMB8,-14.29884,-1.0862906,2.22487481665931e-46,3.768302260901825e-43,STAT1,IFNγ
PSMB9,-14.623107,-1.8766322,2.0005911413267445e-48,3.649078241779982e-45,STAT1,IFNγ
IDO1,-15.495089,-2.50251,3.744440681333533e-54,7.399014786315061e-51,STAT1,IFNγ
RARRES3,-15.516779,-2.7435107,2.671268606949001e-54,5.75828374617952e-51,STAT1,IFNγ
UBE2L6,-15.653385,-1.7005718,3.1500984787671076e-55,7.469513512852566e-52,STAT1,IFNγ
HLA-E,-15.765129,-1.6013792,5.406168071912212e-56,1.4243450813464707e-52,STAT1,IFNγ
LAP3,-16.259466,-1.676556,1.9139768119407164e-59,5.673027270592284e-56,STAT1,IFNγ
GBP4,-16.528801,-3.0399551,2.2763015880540945e-61,7.71080903656267e-58,STAT1,IFNγ
WARS,-16.773697,-1.7139674,3.8010814133299653e-63,1.5021873745480022e-59,STAT1,IFNγ
GBP2,-17.213545,-3.074338,2.101634717353943e-66,9.966792483579338e-63,STAT1,IFNγ
TAP1,-17.222754,-2.2912529,1.792508163041811e-66,9.966792483579338e-63,STAT1,IFNγ
IRF1,-17.643133,-2.2159705,1.1490782504269859e-69,9.082314491374896e-66,STAT1,IFNγ
GBP1,-17.885687,-1.6982018,1.5246057569043955e-71,1.8075725853858514e-67,STAT1,IFNγ
STAT1,-18.021162,-1.8978386,1.3292123561574017e-72,3.151828338920431e-68,STAT1,IFNγ
CTSL,-10.127965,-1.0175005,4.152021510544738e-24,9.845273405803684e-20,CTSL,IFNγ
STAT3,-6.3774247,-0.9336196,1.800906922331925e-10,4.270310494233461e-06,STAT3,IFNγ
HLA-E,-12.0083065,-1.1562809,3.213590614488588e-33,7.620066065075341e-29,HLA-E,IFNγ
TAP1,-4.957522,-0.2868724,7.139791378856932e-07,0.016929873317545557,PSMB8-AS1,IFNγ
PTMA,-9.444679,-0.40451622,3.564946386475925e-21,8.453200871611714e-17,PTMA,IFNγ
LGALS3,-6.122022,-0.5555102,9.239521564572282e-10,2.19087535339138e-05,LGALS3,IFNγ
SNHG7,7.615099,0.9010157,2.6348991771080076e-14,6.247872928758508e-10,EIF3K,IFNγ
SNHG8,7.513065,0.86517495,5.775884857773957e-14,6.847889087376804e-10,EIF3K,IFNγ
C6orf48,5.729028,0.68204165,1.010076514494689e-08,5.987733577924517e-05,EIF3K,IFNγ
ZFAND2A,5.6229997,1.1072733,1.8766999622494067e-08,8.900061900971586e-05,EIF3K,IFNγ
SNHG15,5.174092,0.7518322,2.2902207967848752e-07,0.0009050952588893827,EIF3K,IFNγ
PLA2G16,4.4253016,0.5855941,9.630756123758026e-06,0.03262349845807862,EIF3K,IFNγ
EIF3K,-6.892502,-0.70637393,5.481961468601605e-12,4.332942344782709e-08,EIF3K,IFNγ
SSR2,-7.83529,-0.5955199,4.677619272030335e-15,1.1091570817838332e-10,SSR2,IFNγ
TIMP2,-7.338619,-0.9125851,2.1580876057480607e-13,5.117257330749802e-09,TIMP2,IFNγ
DCBLD2,5.8852496,0.48223117,3.974535424241021e-09,1.5200674835419852e-06,IFNGR1,IFNγ
NT5DC2,5.731221,0.9479141,9.97102610021695e-09,3.7529042998149894e-06,IFNGR1,IFNγ
PMEPA1,5.6399703,0.21403724,1.700796140596383e-08,6.110496679669915e-06,IFNGR1,IFNγ
ID3,5.204378,0.45798197,1.9464712421197832e-07,6.237125147722202e-05,IFNGR1,IFNγ
TPM1,4.86966,0.22142087,1.1179036387564635e-06,0.000304686564163141,IFNGR1,IFNγ
SLC3A2,4.778201,0.28755227,1.768704980439569e-06,0.00046599480551314513,IFNGR1,IFNγ
SLC7A11,4.7595387,0.514378,1.940361457675428e-06,0.0004935232244185382,IFNGR1,IFNγ
RHOBTB3,4.5098433,0.53657144,6.48755349552119e-06,0.001493522995007752,IFNGR1,IFNγ
LRRC17,4.4260283,0.8791676,9.598391608568032e-06,0.002127075344134254,IFNGR1,IFNγ
GCSH,4.368749,0.511861,1.249601398218119e-05,0.0026455846745132173,IFNGR1,IFNγ
MCAM,4.2451515,0.6264999,2.1844588563208288e-05,0.004465335206989611,IFNGR1,IFNγ
MARCKSL1,4.174417,0.5885732,2.987502178586939e-05,0.006054671081936197,IFNGR1,IFNγ
SOX9,3.8842306,1.1145095,0.0001026544345918867,0.018301819195810656,IFNGR1,IFNγ
ARL4C,3.7873769,0.5214417,0.00015224607981292662,0.025786136032315114,IFNGR1,IFNγ
MALSU1,3.7526345,0.31181312,0.00017498588443772627,0.028814342304078925,IFNGR1,IFNγ
FSCN1,3.7427616,0.68341404,0.00018200883334558936,0.029764092802004243,IFNGR1,IFNγ
ETV4,3.703437,0.8092025,0.00021269803845625867,0.03430949583588303,IFNGR1,IFNγ
RFLNB,3.6807754,0.9661444,0.0002325258634977283,0.037177328347907976,IFNGR1,IFNγ
CUL3,3.6587384,0.52131206,0.00025345984003952084,0.03940597991286994,IFNGR1,IFNγ
MYO19,3.657926,0.7856933,0.00025426429346613955,0.03940597991286994,IFNGR1,IFNγ
COTL1,3.6452415,0.21976553,0.0002671409012642441,0.04086738742437262,IFNGR1,IFNγ
GNG12,3.6023343,0.43621197,0.0003153725797215474,0.04711516713331783,IFNGR1,IFNγ
PKIB,3.5935862,0.33589223,0.00032615781013672413,0.0482828261983995,IFNGR1,IFNγ
HLA-DPA1,-3.592253,-2.2596447,0.00032783126762577256,0.0482828261983995,IFNGR1,IFNγ
VPS13C,-3.601876,-1.2681307,0.0003159291318403144,0.04711516713331783,IFNGR1,IFNγ
CTSL,-3.6048336,-0.15332994,0.0003123529633056482,0.04711516713331783,IFNGR1,IFNγ
DRAM1,-3.6341188,-0.96267277,0.00027893225592007855,0.042397702899851945,IFNGR1,IFNγ
DNPEP,-3.6537395,-0.45318523,0.00025844843036671665,0.03979434533023107,IFNGR1,IFNγ
IFI44,-3.672777,-0.96884817,0.00023992880812722555,0.03767676753849518,IFNGR1,IFNγ
ECI2,-3.67788,-0.56822085,0.00023518046778787938,0.037177328347907976,IFNGR1,IFNγ
RALA,-3.679484,-0.36632097,0.000233706438658165,0.037177328347907976,IFNGR1,IFNγ
PPP1R12A,-3.721933,-0.40902707,0.00019770355142931207,0.03210922336638252,IFNGR1,IFNγ
PCED1A,-3.7532594,-1.3236986,0.0001745500811783579,0.028814342304078925,IFNGR1,IFNγ
FASTK,-3.7698808,-0.74486536,0.00016332558282408007,0.027273071971299905,IFNGR1,IFNγ
MCL1,-3.7780871,-0.53921497,0.00015803750989813509,0.026577201664571483,IFNGR1,IFNγ
CALM3,-3.7880642,-0.49474314,0.00015182560146250387,0.025786136032315114,IFNGR1,IFNγ
SCO1,-3.7916467,-0.57923937,0.00014965165829327085,0.025714058851087233,IFNGR1,IFNγ
CASP8,-3.7976038,-0.5857594,0.00014610159841367567,0.02528730731083998,IFNGR1,IFNγ
NLRC5,-3.8185158,-1.9368327,0.00013425694218090545,0.02340809274260022,IFNGR1,IFNγ
UHMK1,-3.8462389,-0.577266,0.00011994478786636684,0.021067635628794743,IFNGR1,IFNγ
TRIM38,-3.8816895,-1.0800806,0.0001037332663983671,0.01835614337938866,IFNGR1,IFNγ
CD274,-3.8974986,-1.5504465,9.719140685536861e-05,0.017459110904200763,IFNGR1,IFNγ
PSMA5,-3.9207852,-0.23516947,8.82609475799696e-05,0.015975905259665947,IFNGR1,IFNγ
EIF1AY,-3.936615,-0.6216335,8.263904245018844e-05,0.015073361342914373,IFNGR1,IFNγ
ARNTL2,-3.952299,-1.1288706,7.740393484043997e-05,0.014227923278577616,IFNGR1,IFNγ
CALCOCO2,-3.9669209,-0.64425755,7.280717232090978e-05,0.013487528672448536,IFNGR1,IFNγ
IFNGR1,-3.973586,-1.2340792,7.079857689949701e-05,0.013218707523156481,IFNGR1,IFNγ
TRIM69,-4.0154724,-1.9584864,5.93267802906622e-05,0.011164735033747477,IFNGR1,IFNγ
JUN,-4.0439873,-0.5790637,5.2549785457555165e-05,0.009968484102156384,IFNGR1,IFNγ
SYNE2,-4.0448203,-1.1471152,5.2363258165642936e-05,0.009968484102156384,IFNGR1,IFNγ
CXCL9,-4.0580883,-2.964917,4.9476064342050695e-05,0.009538019818526065,IFNGR1,IFNγ
MITD1,-4.0601087,-0.9779309,4.9049879971091014e-05,0.009533366835036968,IFNGR1,IFNγ
SAMD9,-4.0782714,-0.8804498,4.537179227888472e-05,0.008891371392701772,IFNGR1,IFNγ
ERI1,-4.0836453,-1.4575373,4.4334709619238614e-05,0.00876053862076155,IFNGR1,IFNγ
IL6,-4.142424,-0.95351475,3.436543530513437e-05,0.006847673966011312,IFNGR1,IFNγ
SP140L,-4.169314,-0.61306566,3.055180043634119e-05,0.0061393584063264605,IFNGR1,IFNγ
PARP12,-4.2754574,-1.3469088,1.9074541347780626e-05,0.003933004560335428,IFNGR1,IFNγ
ZC3HAV1,-4.2885585,-1.0087895,1.798364151071923e-05,0.0037405974342295998,IFNGR1,IFNγ
NUCB1,-4.316094,-0.83607244,1.5881426476041317e-05,0.0033325697752202804,IFNGR1,IFNγ
IRF3,-4.3864746,-0.70096517,1.1520264733346147e-05,0.0024609776338477825,IFNGR1,IFNγ
DDX23,-4.394285,-0.8498235,1.1113777211245803e-05,0.002395726229391459,IFNGR1,IFNγ
APOBEC3G,-4.417655,-1.4045296,9.977742900430839e-06,0.0021705710060093216,IFNGR1,IFNγ
ADAR,-4.418822,-0.6740105,9.924052394489526e-06,0.0021705710060093216,IFNGR1,IFNγ
LGALS3BP,-4.426445,-0.33227164,9.57988281920693e-06,0.002127075344134254,IFNGR1,IFNγ
SIN3B,-4.4648113,-1.7475443,8.01392759234822e-06,0.0018097738197120092,IFNGR1,IFNγ
TEX29,-4.4759965,-2.4722455,7.605571455402355e-06,0.001734070291831737,IFNGR1,IFNγ
GSDMD,-4.5242567,-0.6614419,6.0608104343146024e-06,0.0014089601668477241,IFNGR1,IFNγ
KARS,-4.533734,-0.7598118,5.7950036180290666e-06,0.0013605061959475763,IFNGR1,IFNγ
OGFR,-4.5370874,-0.878492,5.7036500230595e-06,0.0013524494934678685,IFNGR1,IFNγ
TYMP,-4.582619,-1.2920388,4.591882992636202e-06,0.0010998255507211072,IFNGR1,IFNγ
CARHSP1,-4.595387,-0.650113,4.3194682573048915e-06,0.001045135013440955,IFNGR1,IFNγ
HLA-DRB1,-4.635649,-2.375614,3.5581931489055305e-06,0.000869813154091216,IFNGR1,IFNγ
CFH,-4.662914,-1.0046892,3.117632975873833e-06,0.0007700553450408367,IFNGR1,IFNγ
OPTN,-4.7384596,-1.0118881,2.1534878164877394e-06,0.0005375105589953398,IFNGR1,IFNγ
CXCL10,-4.757872,-1.9243187,1.9564432816861753e-06,0.0004935232244185382,IFNGR1,IFNγ
DTX3L,-4.762663,-1.3113275,1.910549689291767e-06,0.0004924234155705042,IFNGR1,IFNγ
PSME1,-4.7723064,-0.67938125,1.8212806201865072e-06,0.0004745736930314556,IFNGR1,IFNγ
ERAP2,-4.7847414,-1.0934372,1.7120773261044131e-06,0.00045614356805154883,IFNGR1,IFNγ
CNDP2,-4.799321,-0.8677909,1.5920413603022428e-06,0.00042898278108507705,IFNGR1,IFNγ
BAK1,-4.8730135,-1.1653969,1.099086795131787e-06,0.00030304123356005735,IFNGR1,IFNγ
HSBP1L1,-4.912838,-0.7842283,8.976737974331685e-07,0.00025041930687923875,IFNGR1,IFNγ
GSTK1,-4.9242525,-0.7650384,8.468351773224848e-07,0.00023904947291274715,IFNGR1,IFNγ
C1S,-4.9436646,-1.6007441,7.666751698183114e-07,0.0002190289352618289,IFNGR1,IFNγ
CCDC71L,-4.9680343,-1.2964371,6.763498041975025e-07,0.00019558056776989243,IFNGR1,IFNγ
ZNFX1,-4.969576,-1.1762435,6.709957480058454e-07,0.00019558056776989243,IFNGR1,IFNγ
IFIT3,-5.0146284,-1.5336348,5.313608711045421e-07,0.00015749536219538627,IFNGR1,IFNγ
MCUB,-5.087175,-1.1285591,3.634366960489163e-07,0.00010908621438875827,IFNGR1,IFNγ
DDX60L,-5.1191263,-1.6142027,3.0695453069572814e-07,9.331417733150137e-05,IFNGR1,IFNγ
BTN3A2,-5.1456203,-1.5654182,2.6663815590309815e-07,8.211070068538005e-05,IFNGR1,IFNγ
PSMA4,-5.162346,-0.29718962,2.438741560275312e-07,7.608873668058973e-05,IFNGR1,IFNγ
SP110,-5.1867156,-1.1477028,2.140352986852628e-07,6.766940003233269e-05,IFNGR1,IFNγ
DYNLT1,-5.2665315,-0.387991,1.3902552910875133e-07,4.515853898940701e-05,IFNGR1,IFNγ
TMEM158,-5.274238,-0.27459377,1.333088345217762e-07,4.39030428358383e-05,IFNGR1,IFNγ
SOCS1,-5.2858396,-2.5958574,1.2512950735300757e-07,4.178973068104951e-05,IFNGR1,IFNγ
CD7,-5.3522415,-2.824594,8.687126541182238e-08,2.9427020649216174e-05,IFNGR1,IFNγ
B2M,-5.396607,-0.15951276,6.79129398814788e-08,2.3338429427096017e-05,IFNGR1,IFNγ
BATF3,-5.539367,-1.6098851,3.0356642203074154e-08,1.0585539704695504e-05,IFNGR1,IFNγ
CTSC,-5.542471,-0.5078535,2.982332282634696e-08,1.055478553519909e-05,IFNGR1,IFNγ
CASP1,-5.7033315,-1.4401165,1.1748833127421298e-08,4.28597432488329e-06,IFNGR1,IFNγ
RBCK1,-5.7100797,-0.570479,1.129232186658318e-08,4.183805251569068e-06,IFNGR1,IFNγ
SAMHD1,-5.8930397,-1.7174243,3.791554375916072e-09,1.4738579895364244e-06,IFNGR1,IFNγ
CIITA,-5.9342804,-3.2268035,2.95136753078897e-09,1.166380448167801e-06,IFNGR1,IFNγ
PPA1,-6.000266,-0.45327443,1.9699444530746528e-09,7.917173368017995e-07,IFNGR1,IFNγ
PML,-6.0471516,-1.462992,1.4742899760907967e-09,6.027304122942236e-07,IFNGR1,IFNγ
XRN1,-6.3158426,-1.2840862,2.686933490198781e-10,1.1177643319226928e-07,IFNGR1,IFNγ
CSF1,-6.385848,-1.3677015,1.7045012697690273e-10,7.217345376564852e-08,IFNGR1,IFNγ
TAP2,-6.4153,-1.4123054,1.4054584072399262e-10,6.05931450044966e-08,IFNGR1,IFNγ
HLA-DRA,-6.52236,-1.9892874,6.920974445539839e-11,3.039076778752605e-08,IFNGR1,IFNγ
MSRB1,-6.82923,-1.2632415,8.53716467727105e-12,3.819495260895305e-09,IFNGR1,IFNγ
CXCL11,-6.920189,-2.2542558,4.510410496432354e-12,2.0567471863731535e-09,IFNGR1,IFNγ
GBP3,-6.9779263,-1.341834,2.9956838632748633e-12,1.3928167797249718e-09,IFNGR1,IFNγ
CD74,-7.1735086,-2.2426584,7.309969968487063e-13,3.4666801578553047e-10,IFNGR1,IFNγ
PARP9,-7.4556756,-2.7837658,8.94083876191343e-14,4.3266360963773724e-11,IFNGR1,IFNγ
NUB1,-7.52741,-0.96210784,5.1756659871557844e-14,2.5567789976549574e-11,IFNGR1,IFNγ
HLA-B,-7.559132,-0.7145604,4.0576734107951914e-14,2.0471394024845867e-11,IFNGR1,IFNγ
XAF1,-7.69379,-2.3406508,1.4283927272476144e-14,7.363053988803354e-12,IFNGR1,IFNγ
NMI,-7.7286367,-1.5106046,1.0870445142708313e-14,5.7279998938644344e-12,IFNGR1,IFNγ
SP100,-7.7815833,-1.0215088,7.162240966668265e-15,3.859796768219043e-12,IFNGR1,IFNγ
BST2,-7.7832913,-1.2373292,7.066166315223922e-15,3.859796768219043e-12,IFNGR1,IFNγ
IFITM3,-7.899578,-0.8526216,2.7984860837954376e-15,1.5799452861656527e-12,IFNGR1,IFNγ
CASP4,-7.948755,-1.1734259,1.8839521860702407e-15,1.0895676642950621e-12,IFNGR1,IFNγ
SOD2,-7.9770823,-1.4117074,1.4983315171564177e-15,8.882109233703244e-13,IFNGR1,IFNγ
GOLM1,-7.977207,-1.4572397,1.4968157736890241e-15,8.882109233703244e-13,IFNGR1,IFNγ
NNMT,-8.017427,-0.43094474,1.079828483975583e-15,6.738129740007638e-13,IFNGR1,IFNγ
ISG20,-8.127924,-2.2370794,4.367048702730527e-16,2.798688076733683e-13,IFNGR1,IFNγ
ISG15,-8.244523,-0.9830542,1.6581980549311632e-16,1.0921997855146596e-13,IFNGR1,IFNγ
HAPLN3,-8.329942,-2.928435,8.088186851058253e-17,5.4796310460655224e-14,IFNGR1,IFNγ
PLSCR1,-8.367538,-1.5650423,5.883452194607189e-17,4.103188777603696e-14,IFNGR1,IFNγ
IFI16,-8.392824,-0.73711115,4.746011014715596e-17,3.410224641846552e-14,IFNGR1,IFNγ
PSME2,-8.503883,-0.66012055,1.8335212452952313e-17,1.3586392427637664e-14,IFNGR1,IFNγ
CTSS,-8.75437,-1.9275024,2.052470764294978e-18,1.5699415084826617e-15,IFNGR1,IFNγ
APOL1,-8.821647,-1.8700976,1.12788628876838e-18,8.914813226425276e-16,IFNGR1,IFNγ
CD47,-9.079048,-1.1523101,1.095280963997436e-19,8.95562145458869e-17,IFNGR1,IFNγ
VAMP5,-9.33041,-1.0874038,1.0546213612780745e-20,8.931136328080606e-18,IFNGR1,IFNγ
ETV7,-9.336326,-2.3853018,9.973549951808089e-21,8.758993202121238e-18,IFNGR1,IFNγ
STAT3,-9.376608,-1.6979048,6.812911106477988e-21,6.213374929107926e-18,IFNGR1,IFNγ
IFI35,-9.732572,-1.735872,2.189852789694883e-22,2.0770315739698027e-19,IFNGR1,IFNγ
APOL2,-9.934153,-1.871855,2.956795960544961e-23,2.921314409018422e-20,IFNGR1,IFNγ
PMAIP1,-9.934236,-1.2759881,2.954325429482825e-23,2.921314409018422e-20,IFNGR1,IFNγ
APOL6,-10.065041,-1.913367,7.885494538990755e-24,8.499129386752217e-21,IFNGR1,IFNγ
EPSTI1,-10.747307,-2.2865458,6.1016916827623854e-27,6.889681580079128e-24,IFNGR1,IFNγ
CLEC2B,-10.959761,-1.399569,5.965693427601253e-28,7.072926127764045e-25,IFNGR1,IFNγ
SAMD9L,-11.167715,-2.155901,5.867078119388395e-29,7.322113492996717e-26,IFNGR1,IFNγ
PSMB9,-11.442217,-1.6239432,2.572264410683352e-30,3.388529650340203e-27,IFNGR1,IFNγ
SECTM1,-11.463192,-2.239468,2.01933177463856e-30,2.816611472954678e-27,IFNGR1,IFNγ
PSMB8,-11.587144,-0.9690823,4.788349745992182e-31,7.096334323560415e-28,IFNGR1,IFNγ
ICAM1,-12.452329,-1.3429856,1.3582327595092308e-35,2.147094346232192e-32,IFNGR1,IFNγ
RNF213,-12.782319,-1.5551516,2.058395456071378e-37,3.486333789597465e-34,IFNGR1,IFNγ
LAP3,-13.293123,-1.363924,2.537601558049052e-40,4.628585241881471e-37,IFNGR1,IFNγ
RARRES3,-13.315868,-2.3070178,1.8718321973714387e-40,3.6987404220059626e-37,IFNGR1,IFNγ
UBE2L6,-13.545047,-1.4840214,8.475932175792322e-42,1.8271027613853415e-38,IFNGR1,IFNγ
PARP14,-13.578186,-2.108356,5.394611246525686e-42,1.2791702187761705e-38,IFNGR1,IFNγ
STAT1,-13.931108,-1.1776023,4.0994408110158497e-44,1.0800660056756426e-40,IFNGR1,IFNγ
WARS,-13.954603,-1.3566242,2.9493865698302066e-44,8.741981792976733e-41,IFNGR1,IFNγ
IRF1,-14.078117,-1.5463376,5.177038166080712e-45,1.7536846999157975e-41,IFNGR1,IFNγ
GBP2,-14.145728,-2.3455582,1.984525280952233e-45,7.842843910323225e-42,IFNGR1,IFNγ
HLA-E,-14.223669,-1.5657042,6.5335512690292005e-46,3.098471353824408e-42,IFNGR1,IFNγ
GBP4,-14.768091,-2.8383815,2.3528225848719697e-49,1.3947532283121036e-45,IFNGR1,IFNγ
IDO1,-14.851615,-2.4495475,6.791305018882461e-50,5.367847486924697e-46,IFNGR1,IFNγ
GBP1,-14.90879,-1.3613957,2.8894319590421805e-50,3.4257105306404095e-46,IFNGR1,IFNγ
TAP1,-15.077648,-2.096069,2.2721901683225094e-51,5.387817327126334e-47,IFNGR1,IFNγ
LGALS3BP,-5.6001773,-0.5863471,2.141329528533316e-08,0.0005077520578058199,LGALS3BP,IFNγ
PRELID3B,-4.7036276,-0.4859418,2.555794169825132e-06,0.020200997118297846,NONO,IFNγ
NBDY,-6.07389,-1.1660057,1.2484828718744826e-09,1.4802012928943867e-05,NONO,IFNγ
NONO,-7.70131,-1.4467196,1.3467834835951006e-14,3.193492996300703e-10,NONO,IFNγ
FKBP4,-9.507068,-1.630728,1.9611219124480972e-21,4.650212278796928e-17,FKBP4,IFNγ
HLA-B,-5.6467156,-0.42035723,1.635418967603778e-08,0.00019389527279910392,HLA-C,IFNγ
HLA-C,-13.470988,-1.1624308,2.317420882403945e-41,5.495068396356234e-37,HLA-C,IFNγ
RAB7A,-4.6120844,-0.5796765,3.986512557653256e-06,0.047264092883537,CST3,IFNγ
CST3,-8.107072,-0.7205247,5.185435604354035e-16,1.2295704905044287e-11,CST3,IFNγ
GPATCH4,-5.8070407,-0.74044013,6.358661781912016e-09,0.00015077658817269773,GPATCH4,IFNγ
SET,-13.466681,-1.0823088,2.456660189388311e-41,5.825232641077563e-37,SET,IFNγ
MT-ND2,6.218198,0.15732569,5.028971386408741e-10,5.962348475726203e-06,C1QBP,IFNγ
C1QBP,-11.94564,-1.31313,6.842171753063764e-33,1.62241576608648e-28,C1QBP,IFNγ
MT2A,-5.014452,-0.21565893,5.31848243731834e-07,0.01261118555536925,MT2A,IFNγ
MT-ND4L,7.138562,0.49001533,9.43120510209111e-13,2.236327353807844e-08,MDH2,IFNγ
MT-ND5,4.642047,0.10876363,3.4497472296597e-06,0.027266802103230268,MDH2,IFNγ
MDH2,-6.1892986,-0.8336068,6.043242923270594e-10,7.164868809829616e-06,MDH2,IFNγ
DDX39A,-5.244035,-1.0669466,1.5710240994683204e-07,0.0037252123446592815,DDX39A,IFNγ
LGALS1,-5.064549,-0.16196178,4.093680456539572e-07,0.009706935098546634,E2F1,IFNγ
HNRNPA1,-7.452322,-0.8083111,9.171166990741022e-14,2.1746671168445114e-09,HNRNPA1,IFNγ
MT-ND5,-4.802941,-0.38434085,1.5635205900152854e-06,0.004119355581160272,SLIRP,IFNγ
MT-ND4,-5.948636,-0.23755156,2.7038595591873884e-09,8.01423973343142e-06,SLIRP,IFNγ
MT-ND3,-6.1013145,-0.3286377,1.0519980142014777e-09,3.5635681303922053e-06,SLIRP,IFNγ
MT-ND2,-6.122659,-0.30919674,9.202627951482442e-10,3.5635681303922053e-06,SLIRP,IFNγ
MT-CYB,-6.395481,-0.39280933,1.600425564059508e-10,7.589858194995811e-07,SLIRP,IFNγ
MT-ND1,-6.4491773,-0.30571496,1.1245914235172763e-10,6.666577958610414e-07,SLIRP,IFNγ
MT-CO2,-6.5167966,-0.26988828,7.182472539946334e-11,5.677026295573583e-07,SLIRP,IFNγ
MT-CO1,-7.2516737,-0.34612226,4.116524109610316e-13,4.88055098435399e-09,SLIRP,IFNγ
MT-CO3,-7.4639525,-0.3425772,8.396472376963263e-14,1.990971530025529e-09,SLIRP,IFNγ
HLA-C,-4.785226,-0.28951198,1.7079497518998234e-06,0.020249452258524307,HLA-B,IFNγ
HLA-B,-6.1699677,-0.6488172,6.830389978270611e-10,1.6196220716475274e-05,HLA-B,IFNγ
JPT1,-6.1989546,-0.7135141,5.683951103705576e-10,1.3477784857106664e-05,JPT1,IFNγ
ATAD2,-4.3309383,-1.1705481,1.4847526841268306e-05,0.044008069557519264,CCND1,IFNγ
PARP1,-4.341869,-0.44337353,1.4127593505640617e-05,0.044008069557519264,CCND1,IFNγ
STMN1,-4.458994,-0.8347676,8.234534093503613e-06,0.03254287873752628,CCND1,IFNγ
MCM3,-4.5495462,-1.1561115,5.376166057780527e-06,0.025495929912418367,CCND1,IFNγ
GMNN,-4.709168,-0.98231566,2.4872986601289685e-06,0.014744706457244527,CCND1,IFNγ
PCNA,-4.7403574,-0.8175654,2.1334149479572886e-06,0.014744706457244527,CCND1,IFNγ
TYMS,-4.970838,-0.8359013,6.666403457433154e-07,0.007903687939132747,CCND1,IFNγ
CCND1,-7.50363,-0.50071937,6.20741780192933e-14,1.471902909193483e-09,CCND1,IFNγ
MT-ATP8,9.260931,2.146228,2.026575375588378e-20,4.805415530595162e-16,MRPL47,IFNγ
MT-ND2,8.282657,0.2825795,1.2045692932630892e-16,1.4281373540927185e-12,MRPL47,IFNγ
MT-ND4L,6.308987,0.53594035,2.808675207337404e-10,2.219976883879484e-06,MRPL47,IFNγ
MT-ND5,6.2089663,0.23990065,5.333424899235913e-10,3.1616542802670495e-06,MRPL47,IFNγ
MT-CYB,6.0402517,0.19835587,1.538740549898527e-09,7.297323183838774e-06,MRPL47,IFNγ
MT-ND1,5.944019,0.19520758,2.78117749864416e-09,1.099121347464172e-05,MRPL47,IFNγ
MT-ATP6,5.7565436,0.18526956,8.58535196274742e-09,2.9082266534380972e-05,MRPL47,IFNγ
MT-ND3,5.389784,0.18716295,7.05424669975975e-08,0.00020908787218087898,MRPL47,IFNγ
ACSL3,-5.241015,-1.0744691,1.5969568506132595e-07,0.0037867040841741612,ACSL3,IFNγ
UQCRFS1,-5.1925592,-0.6024736,2.0742302765379457e-07,0.004918414831726777,UQCRFS1,IFNγ
SERPINE2,5.180792,0.34233868,2.2094601097818947e-07,0.005239071812314829,PFN1,IFNγ
MXD4,5.760718,1.3241891,8.375683603380047e-09,4.965105240083692e-05,CDK6,IFNγ
DBN1,4.0312824,1.0416412,5.5473380197853664e-05,0.028595321548945785,CDK6,IFNγ
FLNC,3.9665322,1.3048284,7.292592357488489e-05,0.03325422115014751,CDK6,IFNγ
COA5,3.9417,1.2372624,8.090610834561244e-05,0.03584198039664273,CDK6,IFNγ
MAGED2,3.8187258,0.9263639,0.00013414272463089196,0.045031904490697224,CDK6,IFNγ
MT-ND6,-3.7743444,-0.5888706,0.00016042898827966945,0.04877041243701952,CDK6,IFNγ
CYCS,-3.788159,-0.2021133,0.00015176778125667039,0.04673659258646972,CDK6,IFNγ
PDCD5,-3.7908144,-0.11612874,0.0001501541097220019,0.04673659258646972,CDK6,IFNγ
NME1,-3.796408,-0.09507214,0.000146807796098568,0.04641475281452326,CDK6,IFNγ
ITGA6,-3.803188,-0.48443496,0.00014284579244788987,0.04577242473681574,CDK6,IFNγ
PDAP1,-3.8105898,-0.1843385,0.00013863567087638736,0.045031904490697224,CDK6,IFNγ
RPS9,-3.8120306,-0.1333097,0.00013782985318128627,0.045031904490697224,CDK6,IFNγ
RPS2,-3.813669,-0.1474222,0.00013691879570370747,0.045031904490697224,CDK6,IFNγ
PPM1G,-3.8173134,-0.1618573,0.00013491277847662355,0.045031904490697224,CDK6,IFNγ
BTF3,-3.826975,-0.1807581,0.00012972768163256606,0.045031904490697224,CDK6,IFNγ
RPA3,-3.8283594,-0.4085886,0.0001290003542405458,0.045031904490697224,CDK6,IFNγ
RAC1,-3.8382752,-0.13383281,0.00012390158214272052,0.04451445932982105,CDK6,IFNγ
MT-ND1,-3.8461006,-0.1328974,0.00012001252511987525,0.04378056916373049,CDK6,IFNγ
MT-ATP6,-3.8490105,-0.11298885,0.00011859599503373797,0.04378056916373049,CDK6,IFNγ
XRCC6,-3.855169,-0.18609785,0.00011564973228726996,0.04352835638088485,CDK6,IFNγ
XRCC5,-3.8557057,-0.13641185,0.00011539624495897696,0.04352835638088485,CDK6,IFNγ
MT-CYB,-3.85596,-0.1585901,0.00011527635499250372,0.04352835638088485,CDK6,IFNγ
GBP1,-3.8891826,-0.13318627,0.00010058246631248989,0.039750190686696,CDK6,IFNγ
HSPE1,-3.8973186,-0.16574755,9.726361906552205e-05,0.03909008364884167,CDK6,IFNγ
H3F3B,-3.9022906,-0.107152686,9.528662337516606e-05,0.03895580023227478,CDK6,IFNγ
PSMB2,-3.9091272,-0.15089151,9.263014320147264e-05,0.03853413957181261,CDK6,IFNγ
PABPC1,-3.913591,-0.16851725,9.0933655842751e-05,0.03850390798827342,CDK6,IFNγ
YBX1,-3.9204276,-0.10041229,8.839203216706655e-05,0.03810821575900876,CDK6,IFNγ
PLP2,-3.9395814,-0.25343162,8.162394321097787e-05,0.03584198039664273,CDK6,IFNγ
VDAC2,-3.9718997,-0.34847692,7.130171306994131e-05,0.03315110235910683,CDK6,IFNγ
PPIA,-3.9833412,-0.13339335,6.79530762183998e-05,0.032226066865813925,CDK6,IFNγ
HNRNPM,-4.0014215,-0.22382642,6.296308047701721e-05,0.030468991107572084,CDK6,IFNγ
HNRNPA1,-4.010631,-0.20064147,6.055664890877682e-05,0.029914984560935748,CDK6,IFNγ
NUDC,-4.01097,-0.1433507,6.046975230570933e-05,0.029914984560935748,CDK6,IFNγ
HSP90AB1,-4.0346723,-0.1235075,5.467855719932762e-05,0.028595321548945785,CDK6,IFNγ
NPM1,-4.040718,-0.11049075,5.3287830485232037e-05,0.028595321548945785,CDK6,IFNγ
SNRPG,-4.0426674,-0.16343062,5.2846610805232004e-05,0.028595321548945785,CDK6,IFNγ
SNRPF,-4.052131,-0.15706089,5.075321811280375e-05,0.028595321548945785,CDK6,IFNγ
ADRM1,-4.062414,-0.16103007,4.8567795468550396e-05,0.028088769906104073,CDK6,IFNγ
HNRNPA2B1,-4.071737,-0.1188557,4.666387516762752e-05,0.02766234519936959,CDK6,IFNγ
LAP3,-4.0763135,-0.19849665,4.5755331789889174e-05,0.02766234519936959,CDK6,IFNγ
PPA1,-4.118604,-0.13857062,3.8117392781842215e-05,0.023785253095869544,CDK6,IFNγ
PSMB7,-4.1901627,-0.22020249,2.787544461233833e-05,0.01786439304453423,CDK6,IFNγ
ERH,-4.20361,-0.15567489,2.626914459605219e-05,0.017302609907266373,CDK6,IFNγ
SET,-4.207113,-0.2089355,2.5865380547686662e-05,0.017302609907266373,CDK6,IFNγ
TPM4,-4.2293177,-0.23640805,2.344009583979121e-05,0.0163473986045038,CDK6,IFNγ
SNU13,-4.2803946,-0.21021672,1.865621653897115e-05,0.013405339593093453,CDK6,IFNγ
HIST1H4C,-4.2850842,-0.3863463,1.8266995180562612e-05,0.013405339593093453,CDK6,IFNγ
IDO1,-4.29678,-0.3792101,1.7329708396122103e-05,0.013255549854478946,CDK6,IFNγ
DUT,-4.3145213,-0.29979876,1.599491749603972e-05,0.012642382788869795,CDK6,IFNγ
NDUFAB1,-4.3159056,-0.23729849,1.589499830475796e-05,0.012642382788869795,CDK6,IFNγ
NCL,-4.37283,-0.1141994,1.2264615046202615e-05,0.010386376856269872,CDK6,IFNγ
FUS,-4.4164486,-0.3236996,1.0033564113044036e-05,0.008811698972166675,CDK6,IFNγ
HSPD1,-4.4283705,-0.13569601,9.494769331117628e-06,0.008659229629979278,CDK6,IFNγ
NUCKS1,-4.476227,-0.30074733,7.597378808129981e-06,0.007205961851935124,CDK6,IFNγ
DNMT1,-4.4815946,-0.43460298,7.408746392110982e-06,0.007205961851935124,CDK6,IFNγ
SNRPB,-4.4973583,-0.109519705,6.880304911732872e-06,0.0070932952203047765,CDK6,IFNγ
NAP1L1,-4.511116,-0.21297882,6.448741887691067e-06,0.0069505712564059356,CDK6,IFNγ
MAGOH,-4.546881,-0.49263573,5.444672646706191e-06,0.0061478132285093905,CDK6,IFNγ
HMGN2,-4.57273,-0.42538324,4.814096378784107e-06,0.005707592666686437,CDK6,IFNγ
SRSF7,-4.613665,-0.28780615,3.956295450480019e-06,0.004937456722199063,CDK6,IFNγ
ANP32B,-4.636124,-0.21321154,3.550025399890086e-06,0.004676566793455207,CDK6,IFNγ
SEPT7,-4.737939,-0.24229948,2.1590287405876664e-06,0.003011464088047926,CDK6,IFNγ
CNIH4,-4.7483916,-0.38672462,2.050407626127437e-06,0.003011464088047926,CDK6,IFNγ
RANBP1,-4.7496347,-0.3225795,2.037845309573488e-06,0.003011464088047926,CDK6,IFNγ
PA2G4,-4.8019543,-0.3262992,1.5712446298783337e-06,0.002661239475976789,CDK6,IFNγ
H2AFV,-4.8116727,-0.24650963,1.496724160917661e-06,0.002661239475976789,CDK6,IFNγ
PTMA,-4.841166,-0.1550606,1.2907945994771137e-06,0.0025506101285667766,CDK6,IFNγ
CKS1B,-4.9452972,-0.73405266,7.602778820833029e-07,0.001638882649087207,CDK6,IFNγ
SRSF3,-4.9929276,-0.28140068,5.947090494840721e-07,0.0014101740981366318,CDK6,IFNγ
H2AFZ,-4.995724,-0.19642766,5.861537101974312e-07,0.0014101740981366318,CDK6,IFNγ
HNRNPU,-4.995894,-0.2801606,5.856390359029318e-07,0.0014101740981366318,CDK6,IFNγ
TYMS,-5.143502,-0.7382794,2.6966332213640695e-07,0.0009134652420712116,CDK6,IFNγ
PARP1,-5.260459,-0.4043197,1.436961111759177e-07,0.0005678870313672267,CDK6,IFNγ
TUBA1B,-5.3966265,-0.209531,6.790560781868538e-08,0.00032203555451933353,CDK6,IFNγ
HMGB1,-5.9509,-0.30715054,2.666718495234152e-09,2.107774298633074e-05,CDK6,IFNγ
NASP,-6.449718,-0.74114484,1.1205830025839997e-10,1.32856320786359e-06,CDK6,IFNγ
DEK,-7.186405,-0.5965618,6.651947790477999e-13,1.577309860078143e-08,CDK6,IFNγ
DNMT1,-4.84992,-1.0096185,1.235114658568997e-06,0.029287038783988056,DNMT1,IFNγ
MSMP,5.0055814,1.4638673,5.569367617814264e-07,0.013206084495361183,TMED10,IFNγ
CIB1,4.6541524,0.767172,3.2531584465410023e-06,0.026664103578415373,TMED10,IFNγ
PTPRN2,4.6466618,1.025884,3.373494885933119e-06,0.026664103578415373,TMED10,IFNγ
TTC14,4.5178704,0.8718555,6.246464550826873e-06,0.029623233485841362,TMED10,IFNγ
TMED10,-4.586029,-1.2020051,4.5175535581758585e-06,0.02678005749286649,TMED10,IFNγ
ILF2,-5.754767,-0.9152674,8.676139684788985e-09,0.00020572862420571643,ILF2,IFNγ
MANF,5.5678835,1.085216,2.5785234944611756e-08,0.000611419491006634,GPI,IFNγ
SDF2L1,4.772659,1.379406,1.818096403539182e-06,0.021555350960360542,GPI,IFNγ
HSPA5,4.560971,0.41356787,5.091771807964557e-06,0.04024536437015186,GPI,IFNγ
CAV1,8.756288,0.29868266,2.017867363861505e-18,9.968264777475835e-16,IFNGR2,Co-culture
ID3,7.6807613,0.2905067,1.5814570573707163e-14,6.249918290729071e-12,IFNGR2,Co-culture
TRIM16,7.2299924,0.5072519,4.830212716046865e-13,1.7620615988138965e-10,IFNGR2,Co-culture
PRSS23,7.1580973,1.1523995,8.180463184934297e-13,2.939017318805486e-10,IFNGR2,Co-culture
COLEC12,6.508108,1.262483,7.610312573253009e-11,2.2006796553289674e-08,IFNGR2,Co-culture
HMOX1,6.308117,0.83631,2.8245076266860063e-10,7.525249982469504e-08,IFNGR2,Co-culture
LSM2,6.282983,0.3031814,3.321372790463057e-10,8.560477348636958e-08,IFNGR2,Co-culture
RHOBTB3,6.2694483,0.38281396,3.623294797454549e-10,9.238232928735728e-08,IFNGR2,Co-culture
COTL1,6.147692,0.16320004,7.861850359040358e-10,1.9218576877687112e-07,IFNGR2,Co-culture
NT5DC2,5.8438973,0.34860387,5.099348511283636e-09,1.1589743502983722e-06,IFNGR2,Co-culture
TPM1,5.717779,0.18426386,1.0792540464095708e-08,2.369562217450347e-06,IFNGR2,Co-culture
SERPINE2,5.668297,0.27534464,1.4422414306426159e-08,3.108948073036155e-06,IFNGR2,Co-culture
SLC7A11,5.447772,0.37094602,5.100470508056094e-08,1.0516726668437053e-05,IFNGR2,Co-culture
TMEM14A,5.3209944,0.50202787,1.032015727469773e-07,2.0392630774802715e-05,IFNGR2,Co-culture
AC245595.1,5.246154,0.33577213,1.5530731031824064e-07,3.0185630674312477e-05,IFNGR2,Co-culture
MT-ND4L,5.207485,0.24057022,1.9141716301038643e-07,3.6901494059368156e-05,IFNGR2,Co-culture
SLC3A2,5.100007,0.13165006,3.396411393855463e-07,6.341394249692971e-05,IFNGR2,Co-culture
CAPN2,5.0105515,0.21230769,5.427426321344245e-07,9.824055948985858e-05,IFNGR2,Co-culture
AES,4.907996,0.32859823,9.201161047358779e-07,0.00016161328204071954,IFNGR2,Co-culture
AKAP12,4.872371,0.5334989,1.1026674028996927e-06,0.0001922533048349817,IFNGR2,Co-culture
PYGL,4.8124256,0.40228254,1.491092855686922e-06,0.00024553329023644646,IFNGR2,Co-culture
CENPW,4.751723,0.26479226,2.016906607390454e-06,0.0003275677361263181,IFNGR2,Co-culture
UQCRC2,4.6294336,0.28989854,3.6666729850310557e-06,0.0005609299988455251,IFNGR2,Co-culture
TXNRD1,4.62524,0.15972817,3.7416502380131072e-06,0.0005687308361779923,IFNGR2,Co-culture
PEG10,4.5883665,0.44981208,4.467276403630302e-06,0.0006704307473600109,IFNGR2,Co-culture
PTGR1,4.5860806,0.08512494,4.516446900333338e-06,0.0006726709725822286,IFNGR2,Co-culture
TNPO1,4.5850425,0.3461145,4.538940435777521e-06,0.0006726709725822286,IFNGR2,Co-culture
CSRP2,4.5638638,0.565412,5.022065363343073e-06,0.0007350815672567343,IFNGR2,Co-culture
MCM3,4.5489125,0.38807434,5.392384403683502e-06,0.0007743833569951022,IFNGR2,Co-culture
CLTB,4.531661,0.34418872,5.852169650281897e-06,0.0008259919449255021,IFNGR2,Co-culture
TMPO,4.496148,0.34725055,6.919551597202484e-06,0.0009595111548120778,IFNGR2,Co-culture
PALLD,4.472094,0.9746378,7.74572631877056e-06,0.001055391989460077,IFNGR2,Co-culture
ALDH3A2,4.4510136,0.5582185,8.546585566058237e-06,0.001138520432260522,IFNGR2,Co-culture
CSDE1,4.4158516,0.20608038,1.0061310616705589e-05,0.0013328145102978934,IFNGR2,Co-culture
ADI1,4.3966928,0.31766406,1.0991283861303007e-05,0.0014320072687869063,IFNGR2,Co-culture
DPY30,4.3468037,0.35045666,1.3813587348203022e-05,0.0017705285578410274,IFNGR2,Co-culture
LRRC17,4.3228335,0.95970505,1.5403783011320558e-05,0.0019637338858302855,IFNGR2,Co-culture
ODC1,4.306227,0.19777936,1.6606235177539037e-05,0.002083423537194739,IFNGR2,Co-culture
HJURP,4.299621,0.32059503,1.710901878787498e-05,0.002135205544726798,IFNGR2,Co-culture
FAM49B,4.2713737,0.3443362,1.9427249895287198e-05,0.0023623535872669232,IFNGR2,Co-culture
MT-ND6,4.2262535,0.35883424,2.3761444706511004e-05,0.002845613014549439,IFNGR2,Co-culture
AHSA1,4.166771,0.21758877,3.089449215882232e-05,0.0036628509903499744,IFNGR2,Co-culture
RCN2,4.1322117,0.20555983,3.592893756309723e-05,0.0041762106249811845,IFNGR2,Co-culture
TYMS,4.116545,0.18539736,3.845942241049572e-05,0.004448535727793535,IFNGR2,Co-culture
VOPP1,4.095829,0.46239844,4.206599993857084e-05,0.004795523992997076,IFNGR2,Co-culture
EI24,4.0643697,0.21498825,4.816242478086805e-05,0.005412452210445228,IFNGR2,Co-culture
CNN3,4.0538087,0.31576633,5.03904790017932e-05,0.005636127538162832,IFNGR2,Co-culture
COL5A2,4.0490956,0.502562,5.1415883133518004e-05,0.0057238188772862865,IFNGR2,Co-culture
PYURF,4.0150275,0.25644013,5.943882630622876e-05,0.006525062265617113,IFNGR2,Co-culture
WDR61,4.006767,0.3433286,6.155564634845458e-05,0.006726301779790576,IFNGR2,Co-culture
SPP1,3.994424,0.31952727,6.485171185723804e-05,0.006958207201623658,IFNGR2,Co-culture
SMS,3.9782524,0.15917593,6.942362663362073e-05,0.007348986762216137,IFNGR2,Co-culture
LSM3,3.9290226,0.11398599,8.529182439295389e-05,0.008870349736867204,IFNGR2,Co-culture
TMEM14B,3.9018269,0.13317528,9.546940536838559e-05,0.009757631638341202,IFNGR2,Co-culture
SYNGR1,3.883804,0.7436708,0.00010283480313607697,0.01041825087327624,IFNGR2,Co-culture
PAICS,3.8632145,0.21066523,0.0001119046953488951,0.011196135595413504,IFNGR2,Co-culture
NAP1L1,3.8396654,0.080860324,0.00012320209076852731,0.012172366567930498,IFNGR2,Co-culture
NCAPG2,3.8365238,0.51610816,0.00012478816269050676,0.012277912505051022,IFNGR2,Co-culture
MT-ND2,3.8201978,0.058990784,0.00013334465070044462,0.012936443595852819,IFNGR2,Co-culture
SAC3D1,3.802666,0.35780558,0.00014314736485055823,0.013577241261345746,IFNGR2,Co-culture
COPS8,3.7906458,0.14678301,0.00015025602935224972,0.014194705051795002,IFNGR2,Co-culture
GSR,3.773717,0.41469046,0.00016083319495822465,0.01501447527106072,IFNGR2,Co-culture
EDN1,3.765498,1.0589426,0.00016621745731053362,0.015456268030381857,IFNGR2,Co-culture
AKR1B1,3.7630014,0.07113737,0.00016788623712141773,0.015538694780749925,IFNGR2,Co-culture
MGAT4B,3.762216,0.23586857,0.00016841449724412663,0.015538694780749925,IFNGR2,Co-culture
PHF19,3.7571948,0.2564377,0.000171828713852732,0.01579225760804644,IFNGR2,Co-culture
ZNF428,3.7442212,0.26609278,0.00018095422464461247,0.016486688793552896,IFNGR2,Co-culture
SPANXB1,3.743506,0.16263774,0.0001814703852529228,0.016486688793552896,IFNGR2,Co-culture
TFRC,3.7384706,0.35757157,0.00018514310811657475,0.016734342456219697,IFNGR2,Co-culture
MAZ,3.737012,0.20858419,0.00018622005566643412,0.016734342456219697,IFNGR2,Co-culture
GPC1,3.7300131,0.22002728,0.00019146974068731622,0.017132567891236385,IFNGR2,Co-culture
FSCN1,3.7257774,0.3678439,0.00019471413460436793,0.017357374284732226,IFNGR2,Co-culture
DCBLD2,3.7197745,0.2724723,0.0001994007267315523,0.01764250012036779,IFNGR2,Co-culture
MAGEF1,3.689283,0.38252336,0.00022488710923191722,0.019750085681878596,IFNGR2,Co-culture
TM2D3,3.6878242,0.37493584,0.00022617985995101647,0.01979032043969927,IFNGR2,Co-culture
CMSS1,3.6849208,0.30279487,0.000228773716489691,0.01987063137510459,IFNGR2,Co-culture
GNL3,3.6728868,0.26622477,0.00023982566321491058,0.020679076822370763,IFNGR2,Co-culture
MMP1,3.648833,0.325238,0.0002634343171298525,0.022632443941242978,IFNGR2,Co-culture
CBX1,3.640081,0.24948533,0.00027255231245525553,0.023331265100862888,IFNGR2,Co-culture
TBL1X,3.6330402,0.49895498,0.00028010144571102917,0.02389124273633066,IFNGR2,Co-culture
TRIM16L,3.6134603,0.35033923,0.0003021375570899495,0.025678443561709254,IFNGR2,Co-culture
DCTPP1,3.5943716,0.26590598,0.0003251755716848297,0.027439726533062925,IFNGR2,Co-culture
LIMCH1,3.5898552,0.4822994,0.0003308616231885774,0.027624615524815307,IFNGR2,Co-culture
NR3C1,3.5830529,0.28227073,0.00033960187611590403,0.028254876092843214,IFNGR2,Co-culture
PMEPA1,3.580444,0.118055485,0.0003430107524439926,0.02843870965717466,IFNGR2,Co-culture
CCNG1,3.569378,0.50311077,0.00035782998585582893,0.029359393164752303,IFNGR2,Co-culture
POLD2,3.5625052,0.16695125,0.0003673324620546655,0.030035128759449067,IFNGR2,Co-culture
NELFCD,3.559588,0.2214451,0.0003714370660752335,0.030235293398761118,IFNGR2,Co-culture
CHMP2B,3.5589569,0.39545038,0.00037233070480930525,0.030235293398761118,IFNGR2,Co-culture
CINP,3.5565445,0.23989324,0.00037576494670607486,0.0303065932527022,IFNGR2,Co-culture
CDCA4,3.547484,0.30425847,0.0003889295364749809,0.031156409354374148,IFNGR2,Co-culture
GCSH,3.5422242,0.21556401,0.00039676796054834124,0.03165000731213294,IFNGR2,Co-culture
PIGK,3.5415652,0.37791058,0.00039776071942542243,0.03165000731213294,IFNGR2,Co-culture
DKK1,3.527343,0.7517923,0.0004197524357434837,0.03315536639459515,IFNGR2,Co-culture
TMEM30A,3.5265858,0.43224064,0.0004209548591267767,0.03315536639459515,IFNGR2,Co-culture
CDK6,3.5257583,0.39950627,0.000422272294668005,0.03315536639459515,IFNGR2,Co-culture
GGCT,3.4945092,0.23181525,0.00047493431983181895,0.036923418333941284,IFNGR2,Co-culture
CHML,3.4914656,0.5069965,0.0004803783246413229,0.03710335776513045,IFNGR2,Co-culture
OSGIN1,3.4764302,0.45017442,0.0005081365878115697,0.03899331640837521,IFNGR2,Co-culture
MYBL2,3.457201,0.31931823,0.0005458175120880445,0.041482130918691386,IFNGR2,Co-culture
GLRX5,3.4520257,0.18219016,0.0005563949793319087,0.04215091932881221,IFNGR2,Co-culture
NOP56,3.4393885,0.12586576,0.0005830298903215224,0.04353057760976556,IFNGR2,Co-culture
AKR1C2,3.4367938,0.28534803,0.0005886436307389984,0.04375522812565244,IFNGR2,Co-culture
ZCCHC17,3.4233012,0.2910175,0.0006186550235030875,0.04584233724157878,IFNGR2,Co-culture
BRK1,3.4223473,0.09237613,0.0006208293932885221,0.04586014508927551,IFNGR2,Co-culture
EBNA1BP2,3.4151382,0.15686706,0.0006374965302520014,0.04689623446324738,IFNGR2,Co-culture
SPANXC,3.411281,0.2900782,0.0006465837697329515,0.047320352925641185,IFNGR2,Co-culture
ARL4C,3.4006917,0.35964537,0.0006721555376666869,0.04889003714463951,IFNGR2,Co-culture
DDX46,3.3987703,0.22594817,0.0006768953167152921,0.049084225535024485,IFNGR2,Co-culture
MRPS7,-3.3978586,-0.16808431,0.0006791549682566939,0.04909793477836196,IFNGR2,Co-culture
IRF2,-3.4103415,-0.5924805,0.0006488159298574421,0.04733761024239898,IFNGR2,Co-culture
BTN3A1,-3.4145772,-1.6770408,0.0006388108861179531,0.04689623446324738,IFNGR2,Co-culture
VEGFA,-3.4390378,-0.2967449,0.0005837855802929085,0.04353057760976556,IFNGR2,Co-culture
SMIM37,-3.440132,-0.33520445,0.0005814308385517288,0.04353057760976556,IFNGR2,Co-culture
POMP,-3.440216,-0.05566936,0.0005812500713377846,0.04353057760976556,IFNGR2,Co-culture
HSBP1L1,-3.4453213,-0.27342382,0.0005703808911539129,0.04307283978038721,IFNGR2,Co-culture
CIITA,-3.4584634,-2.4969506,0.0005432662137073514,0.041420991830960506,IFNGR2,Co-culture
GOSR2,-3.465967,-0.30667573,0.0005283280505043877,0.040411983011484,IFNGR2,Co-culture
ARF3,-3.4808762,-0.260488,0.0004997763191198427,0.03847628597068088,IFNGR2,Co-culture
CXorf38,-3.4928963,-0.6200756,0.0004778121823092883,0.03702575969580995,IFNGR2,Co-culture
TRIM38,-3.503247,-0.5809498,0.0004596228549710727,0.03585058268774367,IFNGR2,Co-culture
SAT1,-3.5151408,-0.13205509,0.00043952084396807353,0.034395769809145084,IFNGR2,Co-culture
PCGF5,-3.5344822,-0.63323116,0.00040857503369816557,0.032401776585454525,IFNGR2,Co-culture
SLPI,-3.551916,-0.4484751,0.0003824369525821396,0.030740152608907438,IFNGR2,Co-culture
ADAR,-3.558031,-0.34009826,0.00037364501124335036,0.030238465892840693,IFNGR2,Co-culture
CALR,-3.5709627,-0.10450528,0.0003556714617558201,0.029283617017895856,IFNGR2,Co-culture
TMEM50A,-3.5743148,-0.22397569,0.0003511461400343543,0.02901176749998122,IFNGR2,Co-culture
SAMHD1,-3.5900235,-0.75688636,0.00033064806205421334,0.027624615524815307,IFNGR2,Co-culture
IGF2BP1,-3.5905144,-0.45853016,0.00033002591197577453,0.027624615524815307,IFNGR2,Co-culture
DPH3,-3.612198,-0.30676222,0.00030361252569326044,0.025711643604423542,IFNGR2,Co-culture
EIF1AY,-3.6768982,-0.3783989,0.00023608719378485446,0.02043102021542507,IFNGR2,Co-culture
RAB27B,-3.6859167,-0.54471815,0.00022788090663250084,0.0198658531546686,IFNGR2,Co-culture
SPCS3,-3.7073479,-0.2184251,0.00020944120465988655,0.01846196968362539,IFNGR2,Co-culture
C1orf43,-3.7205179,-0.29414326,0.0001988146812592092,0.01764250012036779,IFNGR2,Co-culture
PSMB2,-3.7368858,-0.10054134,0.00018631352937086704,0.016734342456219697,IFNGR2,Co-culture
FMNL2,-3.7531273,-0.99652416,0.00017464203625755452,0.01598884928084607,IFNGR2,Co-culture
SMIM3,-3.777616,-0.5688021,0.000158336683827965,0.014839839711180657,IFNGR2,Co-culture
CASP8,-3.785779,-0.46087375,0.00015322779058252412,0.01441800543766989,IFNGR2,Co-culture
MKNK2,-3.8039,-0.25148955,0.0001424356296837511,0.013563990566510467,IFNGR2,Co-culture
ADAM15,-3.8058918,-0.425479,0.00014129417163640136,0.013509545959041731,IFNGR2,Co-culture
GNG11,-3.8101275,-0.061866328,0.00013889514722044565,0.013333934133162783,IFNGR2,Co-culture
RUNX3,-3.817589,-0.64134717,0.00013476211624433113,0.012989753253599917,IFNGR2,Co-culture
TSKU,-3.8196087,-0.43507853,0.0001336634902574199,0.012936443595852819,IFNGR2,Co-culture
BET1,-3.8204222,-0.29653963,0.00013322337661470258,0.012936443595852819,IFNGR2,Co-culture
SEPT6,-3.8304646,-0.6050702,0.00012790151948692123,0.01253223483501602,IFNGR2,Co-culture
GTF2E2,-3.8442378,-0.24686474,0.00012092771186744923,0.011997648133058394,IFNGR2,Co-culture
NME3,-3.8516715,-0.30376023,0.00011731439798069191,0.01168806304587465,IFNGR2,Co-culture
PRDX6,-3.8666227,-0.06643331,0.00011035297499996598,0.011087668403386411,IFNGR2,Co-culture
CCDC25,-3.8828223,-0.3954572,0.00010325105242998973,0.01041825087327624,IFNGR2,Co-culture
IL15RA,-3.8868897,-1.0675812,0.00010153687820557814,0.010333229424938492,IFNGR2,Co-culture
CXCL10,-3.9116309,-2.2243106,9.167496760406507e-05,0.009410375895357537,IFNGR2,Co-culture
EPHB2,-3.914394,-0.5981054,9.063158379023742e-05,0.009343722238409173,IFNGR2,Co-culture
PLAUR,-3.918812,-0.17212425,8.89865041764348e-05,0.009214183349483067,IFNGR2,Co-culture
SP100,-3.934731,-0.2929328,8.328992007718829e-05,0.008700310946565148,IFNGR2,Co-culture
DUSP23,-3.9673405,-0.29057807,7.267909910235656e-05,0.007625516804933977,IFNGR2,Co-culture
MBOAT7,-3.968056,-0.32844216,7.24613463341532e-05,0.007625516804933977,IFNGR2,Co-culture
MOV10,-3.9863734,-0.85012674,6.709092068266065e-05,0.007133900947207396,IFNGR2,Co-culture
TBRG1,-3.9912262,-0.52128893,6.573255080945329e-05,0.007020947048620525,IFNGR2,Co-culture
APOL3,-3.9983933,-1.7554653,6.377392538565665e-05,0.006873669630657684,IFNGR2,Co-culture
MFSD12,-4.0014367,-0.40585917,6.295900379198289e-05,0.006816821451668942,IFNGR2,Co-culture
PRNP,-4.0016613,-0.073695265,6.28993092624031e-05,0.006816821451668942,IFNGR2,Co-culture
FABP5,-4.0224614,-0.4061272,5.759313820193916e-05,0.006351853456020378,IFNGR2,Co-culture
XPO6,-4.039222,-0.53890663,5.3628827789423666e-05,0.005942274600667355,IFNGR2,Co-culture
DYNLT1,-4.0763197,-0.15673463,4.575412739411936e-05,0.00516629461318742,IFNGR2,Co-culture
SERPINB6,-4.085633,-0.23315486,4.395689206054603e-05,0.004987109208323768,IFNGR2,Co-culture
CHST11,-4.1014395,-0.759735,4.105879679769719e-05,0.004703314925927515,IFNGR2,Co-culture
DUSP6,-4.114203,-0.38615018,3.8851984737086054e-05,0.004472127485853323,IFNGR2,Co-culture
SLC35F6,-4.155073,-0.73327535,3.251831623398706e-05,0.0037983956381295626,IFNGR2,Co-culture
GOLM1,-4.1632786,-0.4545766,3.137105301221269e-05,0.0036825267773543924,IFNGR2,Co-culture
CD151,-4.1655083,-0.32010356,3.106594362007041e-05,0.003664854005567709,IFNGR2,Co-culture
REX1BD,-4.1962523,-0.40940937,2.713676123340218e-05,0.0032335019214393594,IFNGR2,Co-culture
RAB13,-4.2263937,-0.16011257,2.374664615984703e-05,0.002845613014549439,IFNGR2,Co-culture
PTPN12,-4.245244,-0.35043374,2.183556433438711e-05,0.002641657660698914,IFNGR2,Co-culture
TFPI,-4.2737303,-0.26473287,1.9222974906472676e-05,0.0023495627885684544,IFNGR2,Co-culture
RAB31,-4.275553,-0.5233785,1.906631066733933e-05,0.0023424889043727986,IFNGR2,Co-culture
CD55,-4.2815423,-0.35130516,1.8560241680750474e-05,0.0022921898475726835,IFNGR2,Co-culture
GFPT2,-4.288092,-0.48931766,1.80214227266408e-05,0.0022372983020633856,IFNGR2,Co-culture
PTPRN2,-4.3170133,-0.44865555,1.5815478231027726e-05,0.0019947692543304755,IFNGR2,Co-culture
TBX2,-4.318612,-0.9481886,1.570135296212548e-05,0.001990965141379248,IFNGR2,Co-culture
USP30-AS1,-4.3560605,-2.1349688,1.3242425350815074e-05,0.001706545597383299,IFNGR2,Co-culture
OGFR,-4.3844204,-0.38144243,1.1629511407463859e-05,0.00150687964204253,IFNGR2,Co-culture
STC1,-4.407871,-0.5109129,1.0439168591629946e-05,0.0013675887604681176,IFNGR2,Co-culture
CASP4,-4.412163,-0.27148783,1.0234309247117206e-05,0.0013481996714869067,IFNGR2,Co-culture
CSF1,-4.4557967,-0.6747077,8.358228265988599e-06,0.0011197192578707438,IFNGR2,Co-culture
LGALS3,-4.4600744,-0.109940335,8.19312336573585e-06,0.0011038371661836845,IFNGR2,Co-culture
OPTN,-4.470902,-0.5793287,7.789035009932248e-06,0.001055391989460077,IFNGR2,Co-culture
CARD19,-4.4770875,-0.3460067,7.566827945987602e-06,0.0010371365563887746,IFNGR2,Co-culture
S100A13,-4.488532,-0.21652487,7.171555406894666e-06,0.0009886739640016648,IFNGR2,Co-culture
SHISA5,-4.507593,-0.4683208,6.55671637134653e-06,0.0009145462270433466,IFNGR2,Co-culture
MCL1,-4.5255737,-0.34619159,6.02318194264565e-06,0.0008450987587219743,IFNGR2,Co-culture
PPA1,-4.542713,-0.1861029,5.55347757940816e-06,0.0007885273075624329,IFNGR2,Co-culture
HAS1,-4.5477905,-0.36266994,5.421206024847629e-06,0.0007743833569951022,IFNGR2,Co-culture
C3,-4.5548596,-0.9657712,5.242062578066029e-06,0.0007579255356774493,IFNGR2,Co-culture
TGIF1,-4.5589128,-0.450275,5.141911113921841e-06,0.0007480061124743233,IFNGR2,Co-culture
PML,-4.5730367,-0.62165624,4.807061230918525e-06,0.0007079815894878266,IFNGR2,Co-culture
IRF3,-4.5943136,-0.42039588,4.3417632697314275e-06,0.0006557445264450421,IFNGR2,Co-culture
RAB27A,-4.630289,-0.44933915,3.651554543039567e-06,0.0005609299988455251,IFNGR2,Co-culture
IFI44L,-4.6710477,-1.6284966,2.9966751555288592e-06,0.00046442589077059024,IFNGR2,Co-culture
SLC22A4,-4.6782007,-0.8868113,2.8940329828852275e-06,0.00045146914533009553,IFNGR2,Co-culture
TIMP1,-4.70743,-0.07716335,2.5085936678240974e-06,0.00039393227186387413,IFNGR2,Co-culture
CYBA,-4.7082996,-0.16990262,2.497917771577937e-06,0.00039393227186387413,IFNGR2,Co-culture
IFI6,-4.7195764,-0.7014133,2.3633651395521507e-06,0.00037610814891986976,IFNGR2,Co-culture
CALCOCO2,-4.7319326,-0.44369283,2.223920922645989e-06,0.00035630819539041685,IFNGR2,Co-culture
CCDC71L,-4.7469683,-0.6936462,2.064883898795555e-06,0.0003330784150220422,IFNGR2,Co-culture
REEP5,-4.7798724,-0.2647691,1.7540657578421647e-06,0.00028684418793071317,IFNGR2,Co-culture
ATG101,-4.8187795,-0.34423077,1.4443919055066727e-06,0.00023950643960401555,IFNGR2,Co-culture
ZC3HAV1,-4.821767,-0.7255282,1.4229224085890415e-06,0.00023760800107368557,IFNGR2,Co-culture
IFI16,-4.832426,-0.19508417,1.3487907608902346e-06,0.0002268264292356684,IFNGR2,Co-culture
TNFRSF14,-4.849341,-1.413371,1.238722221439408e-06,0.000209804152248366,IFNGR2,Co-culture
SLC20A1,-4.8542924,-0.2576145,1.2081748830765809e-06,0.0002061024663849776,IFNGR2,Co-culture
LINC00944,-4.8594117,-0.911854,1.1773517345768781e-06,0.00020229974152381836,IFNGR2,Co-culture
MVP,-4.8611507,-0.5994231,1.1670535556006092e-06,0.00020199397014891712,IFNGR2,Co-culture
TAGLN2,-4.9127507,-0.07606602,8.980732958600665e-07,0.00015891876113010369,IFNGR2,Co-culture
CEBPB,-4.9891763,-0.11479918,6.063722759182344e-07,0.00010810751433513664,IFNGR2,Co-culture
CCND3,-4.997886,-0.34657604,5.796211234925719e-07,0.00010412103091102929,IFNGR2,Co-culture
PLSCR1,-5.051871,-0.6012911,4.375032003967089e-07,7.980058375235971e-05,IFNGR2,Co-culture
IFNGR2,-5.09197,-0.47358862,3.5436180437446976e-07,6.51366442273444e-05,IFNGR2,Co-culture
NLRC5,-5.0958834,-1.9528564,3.471188319312756e-07,6.43037636152688e-05,IFNGR2,Co-culture
SERPINB1,-5.1112275,-0.69100326,3.2007248346748933e-07,6.023459307921514e-05,IFNGR2,Co-culture
NUCB1,-5.159181,-0.37929687,2.480325273021375e-07,4.7050778299106267e-05,IFNGR2,Co-culture
TGM2,-5.16301,-1.0926186,2.4301025027875887e-07,4.646983108556395e-05,IFNGR2,Co-culture
GRINA,-5.264471,-0.41949776,1.4059343736102918e-07,2.7551666005824168e-05,IFNGR2,Co-culture
CSRP1,-5.3686533,-0.28281796,7.932668472605361e-08,1.5806675195161206e-05,IFNGR2,Co-culture
TRIB3,-5.3790183,-0.39048916,7.489306863426033e-08,1.5049698673352379e-05,IFNGR2,Co-culture
TMEM219,-5.4274907,-0.51891536,5.715178597628366e-08,1.1582761957860156e-05,IFNGR2,Co-culture
DNAJC1,-5.435864,-0.7234057,5.4531485532841196e-08,1.1146987801333883e-05,IFNGR2,Co-culture
GYPC,-5.488741,-0.627483,4.048093042133785e-08,8.420033527638272e-06,IFNGR2,Co-culture
APOBEC3G,-5.549794,-0.9847487,2.8600605385131173e-08,6.001571282232127e-06,IFNGR2,Co-culture
OAF,-5.613218,-0.67436117,1.985981062563758e-08,4.2046056210278414e-06,IFNGR2,Co-culture
SH3BP5,-5.6259675,-0.5998556,1.8447128254512824e-08,3.940705451991064e-06,IFNGR2,Co-culture
PSMB8-AS1,-5.701215,-2.094156,1.1895668628773717e-08,2.587799032343875e-06,IFNGR2,Co-culture
IL11,-5.7413,-0.33875713,9.395252480185173e-09,2.082058194487391e-06,IFNGR2,Co-culture
MSRB1,-5.817249,-0.6654572,5.982413837214196e-09,1.338254687811538e-06,IFNGR2,Co-culture
PMAIP1,-5.842831,-0.53728575,5.1320979580520026e-09,1.1589743502983722e-06,IFNGR2,Co-culture
IL1B,-5.9206734,-0.6016489,3.206259217454941e-09,7.381244520805006e-07,IFNGR2,Co-culture
CNDP2,-5.937336,-0.58052665,2.896907889556147e-09,6.734458811485819e-07,IFNGR2,Co-culture
IFIT3,-6.039905,-1.737618,1.5420481775684493e-09,3.620301622426046e-07,IFNGR2,Co-culture
TRIM56,-6.043145,-0.54898745,1.511386165705269e-09,3.5837988761203337e-07,IFNGR2,Co-culture
FPR1,-6.0517006,-0.8829961,1.4332455646160767e-09,3.432840285674385e-07,IFNGR2,Co-culture
S100A11,-6.0990934,-0.08850411,1.0667182287268071e-09,2.5810227183234745e-07,IFNGR2,Co-culture
TYMP,-6.201943,-0.93759686,5.577025351091834e-10,1.3775252617196829e-07,IFNGR2,Co-culture
NMI,-6.2361655,-0.8715813,4.4842650367016956e-10,1.1192725531607433e-07,IFNGR2,Co-culture
RBCK1,-6.261117,-0.2495083,3.822292929935849e-10,9.641937229216899e-08,IFNGR2,Co-culture
PARP9,-6.2980185,-1.4102055,3.0147452072875115e-10,7.855564654417745e-08,IFNGR2,Co-culture
TFPI2,-6.30426,-0.1068655,2.8957421965325296e-10,7.629315440464372e-08,IFNGR2,Co-culture
GUK1,-6.324569,-0.09143758,2.5394037600837036e-10,6.84253885898918e-08,IFNGR2,Co-culture
CFH,-6.3360558,-0.8394014,2.357211920414355e-10,6.42462173067416e-08,IFNGR2,Co-culture
ISG20,-6.369633,-1.3147849,1.8948069972393937e-10,5.2243794789000584e-08,IFNGR2,Co-culture
XAF1,-6.3907557,-1.9169226,1.650677592929949e-10,4.604807892182935e-08,IFNGR2,Co-culture
ETHE1,-6.4194803,-0.7784415,1.3674034497707112e-10,3.85998459535275e-08,IFNGR2,Co-culture
CD47,-6.459187,-0.4913719,1.0526710037332293e-10,3.007341547050883e-08,IFNGR2,Co-culture
PSMB10,-6.5851507,-1.9336392,4.5442384088794633e-11,1.3302837179178992e-08,IFNGR2,Co-culture
TSPAN18,-6.623637,-1.1106738,3.504665495746697e-11,1.038782852939321e-08,IFNGR2,Co-culture
GSDMD,-6.6626844,-0.4486911,2.6887062343300473e-11,8.070202813725832e-09,IFNGR2,Co-culture
OASL,-6.6861353,-1.7290686,2.291412992814771e-11,6.965895498156904e-09,IFNGR2,Co-culture
PSMA4,-6.795002,-0.15965128,1.0831100574310032e-11,3.3354163223122012e-09,IFNGR2,Co-culture
DDIT4,-6.802548,-0.5826421,1.0278489087607263e-11,3.206888595333466e-09,IFNGR2,Co-culture
SOD2,-6.840838,-0.80982065,7.873140153294739e-12,2.4891719908656647e-09,IFNGR2,Co-culture
CST3,-6.866126,-0.15616731,6.596885738858565e-12,2.1138561437812743e-09,IFNGR2,Co-culture
RNF213,-6.8690434,-0.6716751,6.463391930832313e-12,2.0994513625191203e-09,IFNGR2,Co-culture
CARD16,-6.879212,-0.8543731,6.018462398987599e-12,1.9820802833999156e-09,IFNGR2,Co-culture
AGTRAP,-6.889759,-0.5250618,5.588696303822153e-12,1.866467137411703e-09,IFNGR2,Co-culture
SERPINE1,-6.951612,-0.5624043,3.6113551403967704e-12,1.223320758415546e-09,IFNGR2,Co-culture
LGALS3BP,-7.0393424,-0.12817298,1.931494770138205e-12,6.637623766596683e-10,IFNGR2,Co-culture
MDK,-7.1175632,-0.27262676,1.0985198072568478e-12,3.8306031867168194e-10,IFNGR2,Co-culture
TRIM69,-7.1396112,-2.3496368,9.359520629571983e-13,3.312432136841953e-10,IFNGR2,Co-culture
APOL2,-7.394316,-0.9845206,1.421375914650551e-13,5.266197763780292e-11,IFNGR2,Co-culture
CASP1,-7.452691,-0.79262596,9.145531296076307e-14,3.442203779247006e-11,IFNGR2,Co-culture
SQOR,-7.481696,-0.7028815,7.33695293463109e-14,2.806029483644716e-11,IFNGR2,Co-culture
ICAM1,-7.5157223,-0.5012133,5.6597663367552855e-14,2.2000717930678907e-11,IFNGR2,Co-culture
LY6E,-7.7237077,-0.1907627,1.129936208798907e-14,4.541194471701641e-12,IFNGR2,Co-culture
SAMD9L,-7.736583,-1.4805698,1.0212399850580453e-14,4.175110780292477e-12,IFNGR2,Co-culture
ETV7,-7.967291,-2.7498126,1.6219084600760283e-15,6.747139193916277e-13,IFNGR2,Co-culture
NUB1,-7.999872,-0.51901025,1.2454843098554094e-15,5.273736420587761e-13,IFNGR2,Co-culture
SECTM1,-8.040519,-1.3986303,8.945919253475183e-16,3.856829769789155e-13,IFNGR2,Co-culture
GBP3,-8.089328,-1.4740839,5.999503951647574e-16,2.634448846323468e-13,IFNGR2,Co-culture
IDO1,-8.176469,-3.0917277,2.9228350889057915e-16,1.307665389210078e-13,IFNGR2,Co-culture
ITM2B,-8.2010975,-0.4117167,2.38201973497882e-16,1.086200999150342e-13,IFNGR2,Co-culture
CLEC2B,-8.396713,-0.7127568,4.5915110840694713e-17,2.134782565205006e-14,IFNGR2,Co-culture
GSTK1,-8.484387,-0.5845604,2.1685901920343792e-17,1.028432212670384e-14,IFNGR2,Co-culture
EPSTI1,-8.660773,-1.956939,4.6857572501508826e-18,2.2675239982770965e-15,IFNGR2,Co-culture
IFI27,-8.887876,-3.164054,6.228829405115991e-19,3.142510699023625e-16,IFNGR2,Co-culture
HLA-DMB,-8.996098,-2.8172088,2.3388392500219787e-19,1.205620789054808e-16,IFNGR2,Co-culture
HLA-DQB1,-9.0565195,-3.107238,1.3467915605863756e-19,7.096693663249809e-17,IFNGR2,Co-culture
ERAP2,-9.071331,-1.0252604,1.1757219925418282e-19,6.336072701625416e-17,IFNGR2,Co-culture
TMEM158,-9.394579,-0.2430836,5.744710408605878e-21,3.1678737955549435e-18,IFNGR2,Co-culture
ISG15,-9.3946495,-0.588698,5.740884956374726e-21,3.1678737955549435e-18,IFNGR2,Co-culture
DNPEP,-9.555509,-0.51670474,1.229780701429917e-21,7.112331705440533e-19,IFNGR2,Co-culture
APOL1,-9.890651,-1.3102385,4.570467032929276e-23,2.7093728571204745e-20,IFNGR2,Co-culture
IGFBP4,-9.977049,-0.40448594,1.9209571073175085e-23,1.1679419212490452e-20,IFNGR2,Co-culture
APOL6,-10.500554,-1.4409082,8.587413791766738e-26,5.358546206062445e-23,IFNGR2,Co-culture
IFITM3,-10.851854,-0.56841344,1.9542051634373136e-27,1.2523814279844752e-24,IFNGR2,Co-culture
TAP2,-11.420115,-1.252797,3.317918477609052e-30,2.1854023039184952e-27,IFNGR2,Co-culture
TAPBP,-11.430971,-0.7193649,2.9281412357980406e-30,1.9837738566640896e-27,IFNGR2,Co-culture
PARP14,-11.7770815,-1.4393857,5.123648969142023e-32,3.573293069302813e-29,IFNGR2,Co-culture
VAMP5,-12.3387375,-0.86510885,5.60277387686705e-35,4.025847702068834e-32,IFNGR2,Co-culture
BTN3A2,-12.832565,-1.763872,1.0773740245670058e-37,7.983341522041514e-35,IFNGR2,Co-culture
CTSS,-12.98522,-1.8609307,1.484117153921782e-38,1.135205998509461e-35,IFNGR2,Co-culture
PSME1,-13.105293,-0.64422745,3.070742621508081e-39,2.427114968039987e-36,IFNGR2,Co-culture
HLA-F,-13.342634,-2.3756285,1.3075587679754424e-40,1.0691321898701273e-37,IFNGR2,Co-culture
C1R,-13.485583,-1.7671509,1.90155437975929e-41,1.6103449090304385e-38,IFNGR2,Co-culture
IFI35,-14.355297,-1.2661431,9.870104377472668e-47,8.668144999949331e-44,IFNGR2,Co-culture
LAP3,-14.687494,-0.91572875,7.752821745469742e-49,7.070573431868405e-46,IFNGR2,Co-culture
HLA-C,-15.025848,-0.23949535,4.9720963445963296e-51,4.7159339409227267e-48,IFNGR2,Co-culture
GBP4,-15.1148405,-2.3722148,1.2928377420619395e-51,1.2773236891571962e-48,IFNGR2,Co-culture
BST2,-15.124027,-1.4884454,1.1244998363537514e-51,1.159310439983485e-48,IFNGR2,Co-culture
PSME2,-15.850413,-0.4178047,1.3965848534499374e-56,1.5052645475002236e-53,IFNGR2,Co-culture
HLA-A,-16.66324,-0.2788932,2.4252315533755646e-62,2.7384328854114945e-59,IFNGR2,Co-culture
C1S,-16.759567,-1.8049577,4.821157300869274e-63,5.71596409591061e-60,IFNGR2,Co-culture
B2M,-16.769876,-0.26236752,4.053492327323491e-63,5.058758424499716e-60,IFNGR2,Co-culture
IRF1,-16.827887,-1.1501468,1.524471396661169e-63,2.0082369865349798e-60,IFNGR2,Co-culture
RARRES3,-17.119507,-1.7143506,1.061704693533054e-65,1.4808906878268103e-62,IFNGR2,Co-culture
HLA-DMA,-17.304462,-2.9713469,4.353221314275627e-67,6.45147398775648e-64,IFNGR2,Co-culture
GBP2,-17.438562,-2.5365655,4.205241943471253e-68,6.647646464239356e-65,IFNGR2,Co-culture
PSMB8,-18.047693,-0.6736628,8.22539017134841e-73,1.3931460838786677e-69,IFNGR2,Co-culture
HLA-DPB1,-18.577118,-2.219725,4.922330214940245e-77,8.978330312051006e-74,IFNGR2,Co-culture
PSMB9,-18.71858,-1.0269566,3.493332168820458e-78,6.902824365589225e-75,IFNGR2,Co-culture
UBE2L6,-18.990608,-0.7952425,2.0395407670304897e-80,4.3965082425297246e-77,IFNGR2,Co-culture
HLA-E,-19.237656,-1.3872192,1.7913123580397247e-82,4.247559863383795e-79,IFNGR2,Co-culture
GBP1,-21.067057,-1.5823143,1.5954244682761903e-98,4.203411665751669e-95,IFNGR2,Co-culture
TAP1,-21.344471,-1.7820683,4.389103925444995e-101,1.3009304035018966e-97,IFNGR2,Co-culture
WARS,-22.227888,-1.1779051,1.8462117523743653e-109,6.253910438900136e-106,IFNGR2,Co-culture
STAT1,-22.866388,-1.2472185,1.0040530695870888e-115,3.968017731008175e-112,IFNGR2,Co-culture
HLA-DPA1,-23.244099,-2.9763858,1.6321096175555706e-119,7.740116650295537e-116,IFNGR2,Co-culture
HLA-B,-24.045382,-0.829552,9.32999817648037e-128,5.530822919017563e-124,IFNGR2,Co-culture
HLA-DRB1,-25.374056,-2.533402,4.8775822989696896e-142,3.855241049105643e-138,IFNGR2,Co-culture
HLA-DRA,-25.413511,-2.5063226,1.7882067171360514e-142,2.1200978838365027e-138,IFNGR2,Co-culture
CD74,-27.41383,-1.9718039,1.8764145317256173e-165,4.449354137627784e-161,IFNGR2,Co-culture
NT5DC2,9.455832,0.5295651,3.2046462021159913e-21,1.853379774257912e-18,JAK2,Co-culture
CAV1,9.273265,0.30493253,1.805338255451892e-20,9.955390863552387e-18,JAK2,Co-culture
ID3,9.187745,0.37422213,4.011608927144043e-20,2.1618925200099896e-17,JAK2,Co-culture
SERPINE2,8.390299,0.3594154,4.84907910820037e-17,2.1292845150675404e-14,JAK2,Co-culture
TRIM16,7.4798374,0.515295,7.441459288163174e-14,2.7570606662644562e-11,JAK2,Co-culture
MT-ND4L,7.2560196,0.29213816,3.986468012066718e-13,1.3901048456195002e-10,JAK2,Co-culture
LSM2,6.949334,0.3202242,3.670137884444739e-12,1.2432329930850521e-09,JAK2,Co-culture
MT-ND2,6.907073,0.111154474,4.947560243656083e-12,1.6523457534869442e-09,JAK2,Co-culture
CENPW,6.6693096,0.33326182,2.5700962319829437e-11,8.018700243786785e-09,JAK2,Co-culture
ODC1,6.5918913,0.25553185,4.342590178839075e-11,1.3034366876029385e-08,JAK2,Co-culture
ADI1,6.479433,0.4431102,9.206796057006962e-11,2.6952042975771492e-08,JAK2,Co-culture
COTL1,6.4665127,0.14968769,1.0029033617904563e-10,2.900102989606744e-08,JAK2,Co-culture
AKR1B1,6.393811,0.13141501,1.6180115042659263e-10,4.568728901154265e-08,JAK2,Co-culture
TYMS,6.3583174,0.23975451,2.0397564856271205e-10,5.6240355566500324e-08,JAK2,Co-culture
MT-ND1,6.0495667,0.094238654,1.4523609813283668e-09,3.7030519988449715e-07,JAK2,Co-culture
BUD23,6.036339,0.14752084,1.5765016006156465e-09,3.976809144021086e-07,JAK2,Co-culture
ANAPC5,6.0095463,0.26791525,1.8604331208320566e-09,4.6436410695968137e-07,JAK2,Co-culture
SPP1,6.0039062,0.49856535,1.926256871563404e-09,4.7578544727616075e-07,JAK2,Co-culture
GCSH,5.9340615,0.32300198,2.9553120247078336e-09,7.007635872987215e-07,JAK2,Co-culture
PLIN2,5.9065514,0.23760287,3.493439007148424e-09,8.201626310643904e-07,JAK2,Co-culture
ZNF428,5.843474,0.4000699,5.112334877741117e-09,1.176928976902887e-06,JAK2,Co-culture
TXNRD1,5.7813926,0.16889614,7.4084799286451405e-09,1.6498006371360872e-06,JAK2,Co-culture
LSM3,5.7805724,0.15850365,7.4446975444315676e-09,1.6498006371360872e-06,JAK2,Co-culture
PHF19,5.773116,0.37421578,7.781882186643732e-09,1.7085554667564462e-06,JAK2,Co-culture
HMOX1,5.7673883,0.808227,8.050937814149312e-09,1.7514113527441146e-06,JAK2,Co-culture
CAPN2,5.7647514,0.20324561,8.177819657339215e-09,1.754256878682567e-06,JAK2,Co-culture
CLTB,5.7640486,0.4049133,8.211981846059587e-09,1.754256878682567e-06,JAK2,Co-culture
PYURF,5.7580423,0.3115641,8.509493880244603e-09,1.7856382202509738e-06,JAK2,Co-culture
VKORC1,5.5331407,0.26904115,3.145467447548156e-08,6.113551157070646e-06,JAK2,Co-culture
EIF4G2,5.5233703,0.18443695,3.3255814325209946e-08,6.411072107962424e-06,JAK2,Co-culture
COPS8,5.5076523,0.17685731,3.6365126821370776e-08,6.89831909750675e-06,JAK2,Co-culture
APMAP,5.493267,0.20529947,3.9456552333912216e-08,7.425347372553385e-06,JAK2,Co-culture
TMEM14B,5.4261465,0.1460049,5.758366232803684e-08,1.0751368512774879e-05,JAK2,Co-culture
UBE2E3,5.393421,0.13404597,6.912857306441771e-08,1.2806068160183382e-05,JAK2,Co-culture
SLC3A2,5.3583965,0.14411022,8.396389401297649e-08,1.5315014267966913e-05,JAK2,Co-culture
MAD2L1,5.341052,0.31419304,9.240861342391727e-08,1.6726664438991805e-05,JAK2,Co-culture
MGAT4B,5.3229756,0.28444844,1.0208336290765609e-07,1.8064184337808515e-05,JAK2,Co-culture
PMEPA1,5.3183026,0.14307465,1.04739654894476e-07,1.8396938495243075e-05,JAK2,Co-culture
NAP1L1,5.2903824,0.107328705,1.2206091314733577e-07,2.128167920992372e-05,JAK2,Co-culture
NQO1,5.2522225,0.088192806,1.5027480155848882e-07,2.582113111996295e-05,JAK2,Co-culture
SERBP1,5.192368,0.1023771,2.0763627198393324e-07,3.4429869099881294e-05,JAK2,Co-culture
MT-CYB,5.126009,0.06748881,2.9594821444290117e-07,4.741570311398698e-05,JAK2,Co-culture
MT-ATP6,5.0589476,0.06549311,4.21577223942126e-07,6.664292756077128e-05,JAK2,Co-culture
PCNA,5.0539374,0.3159426,4.3279329615308854e-07,6.751575419988182e-05,JAK2,Co-culture
YWHAQ,5.0398307,0.10513867,4.659436331098422e-07,7.174321706688688e-05,JAK2,Co-culture
PRSS23,5.0208316,0.9104538,5.14483020262239e-07,7.770332086916059e-05,JAK2,Co-culture
ATP6V0B,4.9907722,0.10954622,6.013837221531906e-07,8.968560263960035e-05,JAK2,Co-culture
NPC2,4.9876375,0.22786808,6.112213999290282e-07,9.058301146948196e-05,JAK2,Co-culture
MT-ND4,4.971875,0.06834343,6.630831447785049e-07,9.765855608067025e-05,JAK2,Co-culture
TRIM16L,4.9585743,0.4634931,7.101235041210205e-07,0.000103941040306899,JAK2,Co-culture
PTGR1,4.9468117,0.11047608,7.543897795360613e-07,0.00010941884714339356,JAK2,Co-culture
PHGDH,4.937422,0.2796086,7.916219744641649e-07,0.00011240083987122322,JAK2,Co-culture
CSDE1,4.929101,0.19582936,8.260878950524587e-07,0.00011659640575883274,JAK2,Co-culture
TRIM28,4.9218206,0.2237693,8.574272567358993e-07,0.00012030363971432926,JAK2,Co-culture
RPS15A,4.91372,0.06650385,8.936433981443405e-07,0.0001246474838635212,JAK2,Co-culture
XRCC5,4.900888,0.111306906,9.540455702458319e-07,0.0001322943190740887,JAK2,Co-culture
PHB,4.8969913,0.09004588,9.731519675620783e-07,0.00013415918287693025,JAK2,Co-culture
MT-ND3,4.878358,0.08551427,1.0697261669548998e-06,0.0001466205021435525,JAK2,Co-culture
DDX39A,4.8374734,0.23895769,1.3149992453763833e-06,0.00017920265578370576,JAK2,Co-culture
AKR1C2,4.825769,0.3884688,1.39463972864899e-06,0.0001878960070779821,JAK2,Co-culture
PCBP1,4.7933955,0.16793379,1.6398189075391348e-06,0.00021844598840206722,JAK2,Co-culture
MSANTD3,4.7879167,0.3595376,1.6852140999363805e-06,0.000223239087920064,JAK2,Co-culture
SNRPD3,4.780534,0.12575161,1.748302438082576e-06,0.00023030970784341135,JAK2,Co-culture
OGFRL1,4.763922,0.5496514,1.8986564474455084e-06,0.0002487344844299884,JAK2,Co-culture
PABPC4,4.75818,0.26209342,1.953462680953094e-06,0.0002545082807184603,JAK2,Co-culture
RPS26,4.740719,0.08478645,2.1296139990172066e-06,0.0002744424301342174,JAK2,Co-culture
H2AFX,4.7377305,0.387195,2.161250753969526e-06,0.00027701393447635356,JAK2,Co-culture
ANXA5,4.7212653,0.09807844,2.3438204338773133e-06,0.00029840262514209225,JAK2,Co-culture
SIVA1,4.7134576,0.11691506,2.43548561776972e-06,0.0003071821008965723,JAK2,Co-culture
MAGOH,4.7099857,0.20851246,2.477341270866057e-06,0.0003108080223004018,JAK2,Co-culture
YWHAH,4.6953664,0.22095264,2.661293615192818e-06,0.0003321294431760637,JAK2,Co-culture
H2AFZ,4.6709614,0.070982784,2.9979303066497456e-06,0.00037024439287124355,JAK2,Co-culture
NHP2,4.6651897,0.12397062,3.0833204265768802e-06,0.0003788170671243056,JAK2,Co-culture
RRAS2,4.6583343,0.3695932,3.187781232671996e-06,0.0003896323123150432,JAK2,Co-culture
RPLP0,4.6440663,0.064849176,3.416174686513912e-06,0.00041540684188009174,JAK2,Co-culture
HNRNPR,4.617025,0.13268751,3.892803691274755e-06,0.00046855919354064457,JAK2,Co-culture
PEBP1,4.610272,0.13104618,4.021425550009214e-06,0.00048159617495867915,JAK2,Co-culture
ATP5MC3,4.592298,0.0682107,4.383917988925682e-06,0.0005197573167670289,JAK2,Co-culture
CPNE1,4.5750127,0.20509641,4.761915441739634e-06,0.0005617638753956726,JAK2,Co-culture
COPS6,4.571526,0.17396927,4.841849420014023e-06,0.0005683660071652104,JAK2,Co-culture
MTCH2,4.562942,0.1399561,5.044176121819243e-06,0.0005891995280816645,JAK2,Co-culture
EI24,4.5616674,0.17844273,5.074896109330256e-06,0.0005898820418845051,JAK2,Co-culture
ATP1A1,4.5587816,0.23750322,5.145120985140202e-06,0.0005951273599982657,JAK2,Co-culture
EEF1B2,4.552175,0.059354648,5.30941008240671e-06,0.0006111491838545044,JAK2,Co-culture
MRPL37,4.54009,0.1790131,5.623022769909281e-06,0.000641024595769658,JAK2,Co-culture
AP2M1,4.532502,0.11492457,5.828914004672586e-06,0.0006613167888937625,JAK2,Co-culture
RHOBTB3,4.529748,0.23092069,5.905408422017918e-06,0.0006668049738232803,JAK2,Co-culture
NDUFC2,4.520358,0.078063756,6.173509668881253e-06,0.0006905012323986429,JAK2,Co-culture
TPM1,4.5123744,0.124898456,6.410583350642994e-06,0.0007136514197673552,JAK2,Co-culture
ATP5PO,4.4932876,0.13491058,7.013205332532459e-06,0.0007770893684346246,JAK2,Co-culture
SLIRP,4.4797373,0.0976362,7.473496865964535e-06,0.0008166431229758113,JAK2,Co-culture
FDPS,4.474039,0.119703986,7.675575700306344e-06,0.0008348772981911194,JAK2,Co-culture
BRK1,4.4705377,0.072152585,7.802311903132673e-06,0.0008447873052378171,JAK2,Co-culture
GCLC,4.4419584,0.5012187,8.914385814274198e-06,0.0009478830333097299,JAK2,Co-culture
ARHGAP18,4.4387355,1.0329515,9.048892205608487e-06,0.000957889874907984,JAK2,Co-culture
HSPB11,4.4359374,0.20279765,9.167238838678907e-06,0.0009661047437455744,JAK2,Co-culture
SERPINH1,4.4273095,0.14655496,9.541575866515564e-06,0.000999744730003816,JAK2,Co-culture
POLD2,4.4266505,0.21556367,9.57076812208444e-06,0.000999744730003816,JAK2,Co-culture
LRRC17,4.4248195,1.0188367,9.652306059221424e-06,0.001003839830159028,JAK2,Co-culture
HIST1H4C,4.4149313,0.16232051,1.0104203666267153e-05,0.00102828702718681,JAK2,Co-culture
RPS3,4.399433,0.0633435,1.0853405796057807e-05,0.0010998117873338579,JAK2,Co-culture
PIR,4.393515,0.19202611,1.115325093680692e-05,0.0011253867498449604,JAK2,Co-culture
RCN2,4.38663,0.18476331,1.1512033590977684e-05,0.0011486466156783272,JAK2,Co-culture
SLC25A3,4.3853555,0.084764086,1.1579643804724415e-05,0.0011488557066846247,JAK2,Co-culture
TUBA1B,4.383964,0.06609207,1.1653903909212276e-05,0.0011514057062301727,JAK2,Co-culture
RPS10,4.3670006,0.0919505,1.2596427013021055e-05,0.0012342416418708896,JAK2,Co-culture
SSRP1,4.3585777,0.17013626,1.309103945258527e-05,0.001277426862138691,JAK2,Co-culture
AES,4.3428597,0.29572943,1.4063994436931248e-05,0.0013667435905266956,JAK2,Co-culture
RPL26L1,4.335228,0.10858319,1.4560929530451426e-05,0.0014035315488864397,JAK2,Co-culture
MT-CO3,4.32846,0.05893108,1.5015557491882918e-05,0.0014414935192207602,JAK2,Co-culture
COX6B1,4.3066626,0.09006143,1.65736001213334e-05,0.0015782859681809543,JAK2,Co-culture
PRDX1,4.2925854,0.06608959,1.7660464036847898e-05,0.0016729063724191715,JAK2,Co-culture
DSTN,4.2919846,0.07346123,1.7708312224916162e-05,0.0016729063724191715,JAK2,Co-culture
GPC1,4.283474,0.21566883,1.839977432742823e-05,0.001724487940126396,JAK2,Co-culture
MYL12B,4.282551,0.086288616,1.8476279171804025e-05,0.0017248406760701459,JAK2,Co-culture
MRPL21,4.2746406,0.1617518,1.9144580742521985e-05,0.0017802207786928681,JAK2,Co-culture
TMEM14A,4.267536,0.3719585,1.9764384957037492e-05,0.0018306761566455978,JAK2,Co-culture
REXO2,4.264987,0.15395066,1.9991369580386547e-05,0.0018373463391090146,JAK2,Co-culture
ATP5PB,4.2499866,0.09263203,2.1378303580591358e-05,0.0019429934242062466,JAK2,Co-culture
CDK6,4.249899,0.44676128,2.1386693814011063e-05,0.0019429934242062466,JAK2,Co-culture
GSTP1,4.240436,0.06319429,2.2308611549593064e-05,0.002015410898080137,JAK2,Co-culture
AC245595.1,4.233976,0.25986683,2.2959562219479988e-05,0.0020621861338951117,JAK2,Co-culture
PSAT1,4.2298303,0.2650714,2.3386771346378313e-05,0.0020926306496804625,JAK2,Co-culture
MRPL15,4.228219,0.27119786,2.3554857070159762e-05,0.0020962447219136774,JAK2,Co-culture
ATP5MG,4.217423,0.07086046,2.4711038559797995e-05,0.0021863736803355597,JAK2,Co-culture
ATP5F1B,4.2115192,0.08626275,2.536588057388617e-05,0.002227688000622181,JAK2,Co-culture
MAP3K20,4.200782,0.29323408,2.6599479027548253e-05,0.002327405338380901,JAK2,Co-culture
RPL27,4.1891212,0.05431846,2.8003646412097904e-05,0.0024323167169365036,JAK2,Co-culture
SLC7A11,4.1792336,0.25832984,2.9249312188323187e-05,0.002522035238580071,JAK2,Co-culture
PITHD1,4.1773,0.29478163,2.9498988208243284e-05,0.00253434785649951,JAK2,Co-culture
VDAC3,4.174868,0.15933271,2.9815851002707957e-05,0.00255232295659282,JAK2,Co-culture
ATP5F1A,4.1732864,0.123492174,3.0023736787074233e-05,0.002560873549262965,JAK2,Co-culture
ETFA,4.170327,0.21536928,3.0416263436843525e-05,0.0025850553355356047,JAK2,Co-culture
PTTG1,4.1685987,0.2502717,3.064781267046644e-05,0.0025954319072932146,JAK2,Co-culture
RPS15,4.1567917,0.06275042,3.227479009707585e-05,0.002706667189089218,JAK2,Co-culture
UCHL3,4.1565866,0.2696817,3.230376242038836e-05,0.002706667189089218,JAK2,Co-culture
AHSA1,4.151577,0.17207244,3.3019237258354385e-05,0.0027568737812327434,JAK2,Co-culture
COX5A,4.137221,0.11086227,3.5153734517832164e-05,0.002924790711883636,JAK2,Co-culture
RPS4X,4.1357417,0.062305152,3.538101830660781e-05,0.002933408063238757,JAK2,Co-culture
GLRX5,4.132299,0.11037715,3.591525963611314e-05,0.002967326259552316,JAK2,Co-culture
ZNHIT1,4.1250334,0.113407366,3.706810116696523e-05,0.0030353145115012345,JAK2,Co-culture
CTNNAL1,4.123905,0.14441942,3.725019074084258e-05,0.0030353145115012345,JAK2,Co-culture
DAD1,4.1187053,0.14458743,3.810073255819238e-05,0.0030834285679858624,JAK2,Co-culture
DEF8,4.116332,0.32636747,3.84949634669545e-05,0.003104736645334779,JAK2,Co-culture
CUTA,4.1095204,0.100674964,3.964817218571561e-05,0.003176140063742191,JAK2,Co-culture
IFNGR2,4.104613,0.29561478,4.049921655608621e-05,0.0032333919965586403,JAK2,Co-culture
TMEM14C,4.102738,0.084186845,4.082894599508122e-05,0.003248778414212637,JAK2,Co-culture
MT-ND5,4.099149,0.07321902,4.146718574671156e-05,0.003288528121826169,JAK2,Co-culture
FHL2,4.097318,0.19809414,4.1796454131153334e-05,0.0033035917345263597,JAK2,Co-culture
UCHL1,4.096102,0.071376145,4.201645712872163e-05,0.0033099476127450072,JAK2,Co-culture
SAE1,4.0914583,0.25482556,4.2866862835859726e-05,0.003354650335194409,JAK2,Co-culture
EEF1E1,4.0828304,0.16720755,4.449048731898541e-05,0.0034700373653573746,JAK2,Co-culture
YBX1,4.0813217,0.06335433,4.4780340494237374e-05,0.0034700373653573746,JAK2,Co-culture
MCAM,4.0722685,0.4336372,4.65574238874267e-05,0.003591514588208633,JAK2,Co-culture
EIF3D,4.0703645,0.13558184,4.693966208210554e-05,0.003591514588208633,JAK2,Co-culture
NPM1,4.069661,0.068482935,4.7081546895855796e-05,0.003591514588208633,JAK2,Co-culture
AP1S1,4.068284,0.12963514,4.7360583437858194e-05,0.003591514588208633,JAK2,Co-culture
MRPL41,4.0681086,0.12975758,4.7396317779653135e-05,0.003591514588208633,JAK2,Co-culture
RPL5,4.0567117,0.06077215,4.976843638300975e-05,0.0037463782968696104,JAK2,Co-culture
STMP1,4.04845,0.17042923,5.155796717383708e-05,0.0038688054355253947,JAK2,Co-culture
CLSPN,4.0301685,0.33095014,5.5736929067389234e-05,0.004156081956119288,JAK2,Co-culture
COLEC12,4.0293627,0.9065278,5.592828688648442e-05,0.0041572775506342275,JAK2,Co-culture
EMC3,4.0276194,0.17026623,5.6344447706301266e-05,0.004175123575036924,JAK2,Co-culture
HMGB1,4.023137,0.06432751,5.7428085978952785e-05,0.00424216440726769,JAK2,Co-culture
SF3B2,3.9995232,0.120961174,6.347022518576096e-05,0.004645080183965321,JAK2,Co-culture
PRDX2,3.998029,0.35907403,6.38721179623547e-05,0.004660109726533399,JAK2,Co-culture
DTYMK,3.996403,0.11482621,6.431220837838061e-05,0.004677825414319512,JAK2,Co-culture
FAH,3.9944549,0.22060941,6.484330387044686e-05,0.004694656588963586,JAK2,Co-culture
BRIX1,3.9941032,0.13925706,6.493958169618996e-05,0.004694656588963586,JAK2,Co-culture
HNRNPA1,3.9913347,0.09374465,6.570251157029339e-05,0.004735373721443151,JAK2,Co-culture
RPS11,3.9763782,0.07446143,6.997280077491379e-05,0.004982567723647914,JAK2,Co-culture
RPS7,3.9744592,0.05673547,7.053933575740286e-05,0.005001224662711816,JAK2,Co-culture
CCNC,3.9740636,0.32371256,7.065664060427035e-05,0.005001224662711816,JAK2,Co-culture
TXNL4A,3.9561923,0.12586285,7.615386317414573e-05,0.0053424864011400695,JAK2,Co-culture
COX20,3.9480183,0.11182551,7.880077202309192e-05,0.005511869929827598,JAK2,Co-culture
MT-CO2,3.9471834,0.06072748,7.907599781637066e-05,0.0055148531182993565,JAK2,Co-culture
COPRS,3.9389946,0.15285464,8.182372913292142e-05,0.005673111886549218,JAK2,Co-culture
RPL31,3.9335454,0.10129724,8.370201923566957e-05,0.0057695996515005725,JAK2,Co-culture
SPANXB1,3.931055,0.14104901,8.457387660006556e-05,0.005795999311967498,JAK2,Co-culture
CCT7,3.928594,0.08537647,8.544390264936697e-05,0.005836880974962514,JAK2,Co-culture
SNRPN,3.927979,0.40832514,8.566272685926767e-05,0.005836880974962514,JAK2,Co-culture
NDUFS7,3.9202445,0.3011085,8.845922279870356e-05,0.006010157853876387,JAK2,Co-culture
RPLP2,3.914883,0.053151544,9.044807774816649e-05,0.00612772805589864,JAK2,Co-culture
ARPC2,3.9090528,0.06078274,9.265872886331052e-05,0.006259611905432534,JAK2,Co-culture
NDUFA12,3.9061964,0.11023167,9.376036979854324e-05,0.006280355617692252,JAK2,Co-culture
PEG10,3.8945067,0.42655772,9.83988184798875e-05,0.006572486714915753,JAK2,Co-culture
HSPB1,3.8803558,0.08031092,0.00010430371392771292,0.006927870209114647,JAK2,Co-culture
RACK1,3.8676262,0.052196726,0.0001098999563765471,0.007258907425071545,JAK2,Co-culture
NDUFB2,3.8644767,0.09631312,0.00011132760375480634,0.007332778167316578,JAK2,Co-culture
ERH,3.8472497,0.068328984,0.00011945114221387344,0.00778138869278947,JAK2,Co-culture
PTOV1,3.8431628,0.2791743,0.00012145881557566857,0.007884929435383967,JAK2,Co-culture
MGST3,3.8426647,0.16153407,0.00012170564158866954,0.007884929435383967,JAK2,Co-culture
CENPF,3.839618,0.30725598,0.00012322596200577224,0.007959483409667904,JAK2,Co-culture
FTH1,3.8390172,0.05105522,0.00012352774522426572,0.007959483409667904,JAK2,Co-culture
HSPE1,3.8357944,0.06389619,0.00012515900486926887,0.00804273800395692,JAK2,Co-culture
ATP5MPL,3.8319418,0.044295873,0.0001271357482187662,0.008147683410171308,JAK2,Co-culture
CNN3,3.8308432,0.30756164,0.0001277048279093174,0.008162094014516804,JAK2,Co-culture
MYBL2,3.8286166,0.3146414,0.0001288655340282665,0.008214138556124342,JAK2,Co-culture
LSM4,3.8244858,0.087938435,0.0001310453288429043,0.008317309741315193,JAK2,Co-culture
RPL11,3.824222,0.053294603,0.00013118563778896265,0.008317309741315193,JAK2,Co-culture
WIPI2,3.8061016,0.24077569,0.00014117440278095097,0.008855892695084416,JAK2,Co-culture
PARK7,3.8050761,0.058558296,0.00014176054281275023,0.00886919786589956,JAK2,Co-culture
BIRC2,3.80367,0.433849,0.00014256811984938978,0.008896250678601923,JAK2,Co-culture
SMS,3.8016922,0.14270757,0.0001437111081286843,0.008944036209835596,JAK2,Co-culture
TWISTNB,3.7940311,0.2685345,0.00014822111456132945,0.009200573477691739,JAK2,Co-culture
CD99,3.7931669,0.105955005,0.00014873817396638298,0.009208562874910895,JAK2,Co-culture
TUBB4B,3.7913065,0.05113374,0.00014985693388263878,0.009253665667252945,JAK2,Co-culture
GNAS,3.7810524,0.05555801,0.0001561668522930054,0.009543887632916867,JAK2,Co-culture
BZW1,3.767678,0.051337037,0.00016477302264426637,0.009992577782457402,JAK2,Co-culture
MIF,3.7668724,0.1541072,0.00016530546182594153,0.009999293650042668,JAK2,Co-culture
RPL18,3.7578926,0.048592366,0.00017135032625334491,0.010338572356537696,JAK2,Co-culture
YWHAE,3.7519894,0.07270009,0.0001754369770517368,0.010513552258227187,JAK2,Co-culture
NUDT1,3.751784,0.17072497,0.000175580579211284,0.010513552258227187,JAK2,Co-culture
SNHG9,3.746071,0.33856267,0.0001796256383076238,0.010687362169000817,JAK2,Co-culture
CCDC124,3.7457783,0.16830286,0.0001798354211129945,0.010687362169000817,JAK2,Co-culture
BTF3,3.7450898,0.052656557,0.00018032931781911026,0.010689921960316857,JAK2,Co-culture
EIF4EBP1,3.744372,0.09768839,0.00018084558913199504,0.010693792043635577,JAK2,Co-culture
PGRMC1,3.7421453,0.10851392,0.00018245593933381395,0.010762177197719892,JAK2,Co-culture
SNRPG,3.7393327,0.06827409,0.00018450933814625591,0.010843310118583213,JAK2,Co-culture
SUMO1,3.7390106,0.07144736,0.00018474600573159658,0.010843310118583213,JAK2,Co-culture
RAD51C,3.736901,0.288092,0.0001863021637675571,0.01090297930300331,JAK2,Co-culture
NDUFS3,3.7363884,0.12002281,0.00018668225358549863,0.01090297930300331,JAK2,Co-culture
MT-CO1,3.7304995,0.049492802,0.00019110044225242228,0.011080441757698602,JAK2,Co-culture
RPS21,3.7269106,0.0581071,0.0001938411198659252,0.011186066775950857,JAK2,Co-culture
DENR,3.7267787,0.2198985,0.00019394249775653841,0.011186066775950857,JAK2,Co-culture
ACTG1,3.7262368,0.050353106,0.0001943597972204687,0.011186066775950857,JAK2,Co-culture
HACD3,3.7255044,0.17287335,0.00019492505604595204,0.011191435663345314,JAK2,Co-culture
RPS24,3.7190297,0.05974981,0.0001999895665021531,0.01145447488139868,JAK2,Co-culture
ACTB,3.7176528,0.054281354,0.0002010824573212815,0.011489318621692115,JAK2,Co-culture
CBX3,3.7096546,0.056863345,0.00020754228506113075,0.011829910248484453,JAK2,Co-culture
RWDD1,3.701964,0.11314125,0.00021393705069142364,0.012165168695431744,JAK2,Co-culture
PWP1,3.6992831,0.2613502,0.00021620923963740495,0.012264960503067336,JAK2,Co-culture
PA2G4,3.693292,0.07877063,0.0002213696926760584,0.012527728288149634,JAK2,Co-culture
HSPA1A,3.691124,0.2759836,0.0002232653702332824,0.012577157575566492,JAK2,Co-culture
MRPS12,3.6910799,0.14671293,0.00022330395324365274,0.012577157575566492,JAK2,Co-culture
SNRPE,3.6840632,0.07259234,0.00022954529708411322,0.01289805233284003,JAK2,Co-culture
SYPL1,3.6805475,0.15668069,0.00023273369999039605,0.013015522391915734,JAK2,Co-culture
PRMT1,3.6797419,0.06320519,0.0002334702060878699,0.013025989474718992,JAK2,Co-culture
PSMD2,3.669224,0.085008614,0.00024328779782690916,0.013541878549464014,JAK2,Co-culture
HNRNPA0,3.6668656,0.15483788,0.0002455417651251993,0.013635330994493504,JAK2,Co-culture
RPL8,3.6623979,0.052628692,0.0002498655041050163,0.013843015965743333,JAK2,Co-culture
HNRNPAB,3.6476612,0.07170601,0.000264638340809127,0.014510340588984535,JAK2,Co-culture
RPL39,3.6473389,0.056563236,0.0002649703725974318,0.014510340588984535,JAK2,Co-culture
TKT,3.6460938,0.049937796,0.0002662568956076678,0.014547197024536912,JAK2,Co-culture
SDHAF3,3.6387694,0.38211855,0.0002739439893726781,0.014932781324149295,JAK2,Co-culture
DUT,3.6378903,0.11716833,0.0002748802922709629,0.014949452959470349,JAK2,Co-culture
HSP90AB1,3.6296432,0.060777996,0.0002838132233592764,0.015399952293581605,JAK2,Co-culture
KIF9,3.6255562,0.48240665,0.0002883401416321234,0.01560986629767331,JAK2,Co-culture
ATP1B3,3.6219966,0.12665187,0.0002923379694267887,0.01575435893420003,JAK2,Co-culture
MCM3,3.6212642,0.2706505,0.0002931669828293688,0.01576320974342402,JAK2,Co-culture
NUSAP1,3.6164887,0.32611048,0.0002986263706770504,0.01602042647396882,JAK2,Co-culture
HSPA8,3.6137054,0.07592625,0.0003018519922994033,0.016154451975078164,JAK2,Co-culture
RAN,3.610424,0.056531474,0.0003056967345777127,0.01625264791548593,JAK2,Co-culture
RPL41,3.605546,0.04904676,0.00031149719454149835,0.016513163217624728,JAK2,Co-culture
DPY30,3.605136,0.24645391,0.0003119895884571474,0.016513163217624728,JAK2,Co-culture
UBL5,3.602763,0.06358271,0.00031485277344309984,0.01660842153974195,JAK2,Co-culture
EID1,3.6005802,0.055673975,0.00031750789628456395,0.016656520435176063,JAK2,Co-culture
SYNGR1,3.592084,0.7137165,0.00032804415949155076,0.01717126514318687,JAK2,Co-culture
POP7,3.586459,0.19063927,0.0003351989689961127,0.017507132054704458,JAK2,Co-culture
RAB34,3.5839539,0.10839836,0.00033843185556993173,0.017622171920262657,JAK2,Co-culture
SRP9,3.5836024,0.07720663,0.0003388879215435127,0.017622171920262657,JAK2,Co-culture
RPL24,3.5723228,0.05506662,0.0003538288761592599,0.01827884599452804,JAK2,Co-culture
RPL29,3.5645297,0.049602706,0.0003645091799093165,0.018587616503246692,JAK2,Co-culture
SQSTM1,3.558011,0.050619144,0.00037367363791928693,0.018968719827701663,JAK2,Co-culture
SNRPD2,3.557513,0.067515075,0.0003743826281783223,0.018968719827701663,JAK2,Co-culture
ELOB,3.5564582,0.059425388,0.000375888172340617,0.019004393054457804,JAK2,Co-culture
ANXA2,3.5464532,0.06317948,0.00039045410588195683,0.01963171957721051,JAK2,Co-culture
MDH2,3.5462334,0.08159378,0.0003907798431361067,0.01963171957721051,JAK2,Co-culture
H3F3B,3.545003,0.048392843,0.0003926086693420757,0.019681895914247988,JAK2,Co-culture
TUFM,3.540169,0.07402862,0.00039987104816605875,0.020003675725978026,JAK2,Co-culture
ALDH3A2,3.5386748,0.45068574,0.00040214105215717085,0.020054950062400878,JAK2,Co-culture
NOP56,3.5383818,0.10279913,0.00040258756029448457,0.020054950062400878,JAK2,Co-culture
DPM1,3.533533,0.15677147,0.0004100448600948134,0.020340970130895846,JAK2,Co-culture
NDUFV1,3.5247877,0.14475265,0.0004238222409012186,0.020980528134132977,JAK2,Co-culture
ALYREF,3.5236745,0.104077496,0.000425606837868393,0.021024977790698614,JAK2,Co-culture
FUS,3.5195582,0.053911746,0.00043226626266190774,0.021241887656757247,JAK2,Co-culture
CCNG1,3.5194116,0.49487966,0.0004325050359304946,0.021241887656757247,JAK2,Co-culture
FAM162A,3.5191333,0.5161342,0.0004329590444147706,0.021241887656757247,JAK2,Co-culture
SNHG7,3.5175512,0.2751924,0.00043554818804248876,0.02129426522652267,JAK2,Co-culture
BAG2,3.5168922,0.16841343,0.00043663125801611226,0.0213032929836997,JAK2,Co-culture
PMP22,3.5145338,0.26587525,0.0004405268653193528,0.021405272603386257,JAK2,Co-culture
MRPL19,3.5138745,0.21467358,0.00044162148689830694,0.021409798164683438,JAK2,Co-culture
ESD,3.513391,0.2182369,0.00044242582239772623,0.021409798164683438,JAK2,Co-culture
RPL7,3.5046017,0.055656105,0.0004572906692942771,0.022084065886570057,JAK2,Co-culture
LIMCH1,3.497424,0.48071823,0.000469774634259217,0.022594921151226275,JAK2,Co-culture
RPL23,3.4927657,0.048274327,0.00047804582718322054,0.022899843745795,JAK2,Co-culture
NDUFB9,3.4842107,0.11008194,0.0004935905471226799,0.023549334111414456,JAK2,Co-culture
PRPF40A,3.4825408,0.1036549,0.0004966794229267048,0.023603019738273157,JAK2,Co-culture
SCP2,3.4825263,0.22901365,0.0004967065978997261,0.023603019738273157,JAK2,Co-culture
CCT2,3.4746013,0.050520673,0.0005116132352476481,0.024262746068384463,JAK2,Co-culture
RPL35,3.4725504,0.05235628,0.0005155381351553112,0.024400080360883706,JAK2,Co-culture
PGAM1,3.4714956,0.09637507,0.0005175675663526817,0.02444733492700157,JAK2,Co-culture
GNB2,3.467731,0.09214046,0.0005248723921929637,0.024743089788627347,JAK2,Co-culture
NOC2L,3.4669547,0.16689183,0.0005263907360071544,0.024765430817860406,JAK2,Co-culture
MMP1,3.4561586,0.34307873,0.0005479329687796652,0.025727894169709747,JAK2,Co-culture
HNRNPK,3.4529505,0.06988666,0.0005544908273445537,0.025984360667972446,JAK2,Co-culture
CALD1,3.4515588,0.061993558,0.0005573582332930461,0.02606721583401323,JAK2,Co-culture
ADH5,3.4446447,0.089831695,0.0005718106110697151,0.02658582982291193,JAK2,Co-culture
MRPL51,3.4420958,0.08165736,0.0005772258669417301,0.026785087586932103,JAK2,Co-culture
DCPS,3.431285,0.2574969,0.0006007290796017229,0.02779854013309144,JAK2,Co-culture
LAMTOR4,3.4309773,0.10839024,0.0006014107240332283,0.02779854013309144,JAK2,Co-culture
EIF3G,3.4255135,0.09894149,0.0006136386161175138,0.028308558103849198,JAK2,Co-culture
MRPL36,3.4169292,0.14832066,0.0006333172990087494,0.02913604122052824,JAK2,Co-culture
METAP2,3.4166217,0.17185861,0.0006340332856693898,0.02913604122052824,JAK2,Co-culture
SSB,3.4094877,0.091426715,0.0006508500557117766,0.029850979731214013,JAK2,Co-culture
EIF5B,3.4031448,0.10386947,0.0006661495726239978,0.0303764205116543,JAK2,Co-culture
RPL6,3.3929787,0.050290022,0.0006913703124737806,0.03146597475888347,JAK2,Co-culture
TMA7,3.3911328,0.055211876,0.0006960434155154686,0.031614916331353694,JAK2,Co-culture
MDH1,3.3906348,0.117666274,0.0006973094315662105,0.031614916331353694,JAK2,Co-culture
HMGN1,3.3885548,0.06847712,0.0007026200783346913,0.031793718132331485,JAK2,Co-culture
YTHDF2,3.388042,0.23230338,0.0007039348017659426,0.031793718132331485,JAK2,Co-culture
FANCL,3.3868408,0.44046742,0.0007070239681000692,0.031872532949788666,JAK2,Co-culture
MGST1,3.3841894,0.058834806,0.0007138873813106942,0.032120868283945316,JAK2,Co-culture
SNU13,3.3831055,0.06963143,0.0007167112047568654,0.03218684864999014,JAK2,Co-culture
H3F3A,3.3786082,0.057994857,0.0007285374492882985,0.032656105855433146,JAK2,Co-culture
DDX46,3.3750339,0.17626315,0.0007380658267676063,0.033020786574176376,JAK2,Co-culture
TCP1,3.373906,0.07390618,0.0007410966770478904,0.03302378876539304,JAK2,Co-culture
RPL37,3.3736715,0.049377583,0.0007417279129155279,0.03302378876539304,JAK2,Co-culture
MARCKSL1,3.373247,0.19718444,0.0007428733008746514,0.03302378876539304,JAK2,Co-culture
LAPTM4B,3.372939,0.19678064,0.0007437037449696307,0.03302378876539304,JAK2,Co-culture
DKC1,3.371782,0.10469321,0.0007468355251503941,0.03310086723806756,JAK2,Co-culture
RPS2,3.3664644,0.042563293,0.0007613839177276261,0.03368271540514453,JAK2,Co-culture
DNTTIP2,3.365395,0.1823623,0.0007643412255637328,0.03375057568075835,JAK2,Co-culture
NSL1,3.3540716,0.23838346,0.000796317393838368,0.0350320557378393,JAK2,Co-culture
DCTN3,3.3497941,0.14239909,0.0008087161412346332,0.035511624335103006,JAK2,Co-culture
RPS8,3.3462052,0.04761814,0.0008192571532314922,0.03590799559597993,JAK2,Co-culture
FSCN1,3.3424993,0.31172118,0.0008302760364389158,0.03632381065689958,JAK2,Co-culture
NCBP2,3.3376064,0.14650674,0.000845033304584046,0.03680513215103947,JAK2,Co-culture
RHEB,3.3368154,0.05707634,0.000847441931393929,0.03680513215103947,JAK2,Co-culture
PTMA,3.3368008,0.047880396,0.0008474865955831457,0.03680513215103947,JAK2,Co-culture
HMGN2,3.3290517,0.09041988,0.0008714224169506768,0.037618774063159346,JAK2,Co-culture
NCL,3.3283777,0.06986113,0.0008735331425381152,0.037618774063159346,JAK2,Co-culture
NDUFS6,3.3280263,0.031215651,0.0008746362714206528,0.037618774063159346,JAK2,Co-culture
OLA1,3.3276746,0.065819785,0.0008757406917537095,0.037618774063159346,JAK2,Co-culture
EMP3,3.3235438,0.06895434,0.0008888148417274862,0.03811135176680317,JAK2,Co-culture
RPL22,3.3219323,0.050759546,0.0008939635631568911,0.038262931425227804,JAK2,Co-culture
GTF2F2,3.3204823,0.22111057,0.0008986210357484142,0.03839297657597549,JAK2,Co-culture
DCBLD2,3.312982,0.18975012,0.0009230691544017814,0.03929589908289954,JAK2,Co-culture
C9orf78,3.3095396,0.23770157,0.0009344955660193423,0.03960442683182783,JAK2,Co-culture
NUCKS1,3.3092906,0.105794266,0.0009353272193751511,0.03960442683182783,JAK2,Co-culture
NR2F2,3.3072836,0.27500996,0.0009420544386961692,0.03981817263879423,JAK2,Co-culture
TAF9,3.3053207,0.14700256,0.0009486776830402602,0.04002677085453852,JAK2,Co-culture
H2AFY,3.3045297,0.108640045,0.0009513589247275271,0.04006860181729862,JAK2,Co-culture
PTX3,3.2989633,0.6713707,0.0009704263287418773,0.040655033758175606,JAK2,Co-culture
NME1,3.2891192,0.06569781,0.0010050142790395658,0.041955807367229196,JAK2,Co-culture
RPS3A,3.2872734,0.047100037,0.001011625223984223,0.04215756996680825,JAK2,Co-culture
MAZ,3.2852228,0.10729031,0.001019017915400476,0.0423911452806598,JAK2,Co-culture
LSM5,3.2817802,0.07726508,0.001031539581312484,0.04283689413674539,JAK2,Co-culture
RPL14,3.2784257,0.046695825,0.0010438783947883492,0.043197983415744046,JAK2,Co-culture
PDCD5,3.2740605,0.047777947,0.0010601395318832663,0.043794474878076674,JAK2,Co-culture
IDH3B,3.2701638,0.15884168,0.0010748521380522342,0.044227603083913984,JAK2,Co-culture
SFRP1,3.2695632,0.2392511,0.001077136597705052,0.044227603083913984,JAK2,Co-culture
SEC13,3.2694461,0.14985707,0.0010775828692458462,0.044227603083913984,JAK2,Co-culture
TUBA1C,3.2693143,0.050216734,0.0010780851291541111,0.044227603083913984,JAK2,Co-culture
TMEM183A,3.2679813,0.23579668,0.0010831757125171213,0.04432057674469747,JAK2,Co-culture
RPS25,3.2667654,0.047902796,0.001087838149599214,0.04432057674469747,JAK2,Co-culture
RPS27A,3.2665017,0.04810628,0.0010888517266118528,0.04432057674469747,JAK2,Co-culture
FTL,3.2662818,0.047545314,0.001089697041251629,0.04432057674469747,JAK2,Co-culture
FAM49B,3.2604077,0.2280482,0.0011125213592366816,0.045094199094393494,JAK2,Co-culture
BUD31,3.258474,0.10908132,0.0011201307777614143,0.04532515529399088,JAK2,Co-culture
DEK,3.2576978,0.113049924,0.0011231995916650948,0.045336843844036155,JAK2,Co-culture
SSBP1,3.2574341,0.041617434,0.0011242435973470505,0.045336843844036155,JAK2,Co-culture
PHB2,3.256057,0.14537884,0.001129710217967669,0.04540795570802406,JAK2,Co-culture
HEXB,3.2555444,0.16098695,0.0011317519325000937,0.04540795570802406,JAK2,Co-culture
H2AFV,3.2503881,0.08284635,0.0011524762583015173,0.04616134634602294,JAK2,Co-culture
RUVBL2,3.2495384,0.14624548,0.0011559245321788607,0.04622138702702385,JAK2,Co-culture
UQCRH,3.248689,0.043360095,0.0011593823395151049,0.046281606118825196,JAK2,Co-culture
RSL24D1,3.2460082,0.14634942,0.001170355080035619,0.04664110866857916,JAK2,Co-culture
XRCC6,3.244426,0.094081745,0.0011768757450035577,0.046822277962289195,JAK2,Co-culture
EEF2,3.2413352,0.080739945,0.00118971215522627,0.04725369283873587,JAK2,Co-culture
CDH2,3.2389622,0.36882073,0.0011996552477626494,0.04748952459924531,JAK2,Co-culture
TINAGL1,3.2372627,0.43068558,0.0012068220981706278,0.0476142522326488,JAK2,Co-culture
LDHB,3.2321212,0.05162797,0.0012287495997798197,0.04823859355956802,JAK2,Co-culture
RPS16,3.2278438,0.038215537,0.001247271037648304,0.04888477825572989,JAK2,Co-culture
B4GALT5,-3.2214422,-0.56454086,0.0012754718055024777,0.04990757005292863,JAK2,Co-culture
RND3,-3.236003,-0.3629338,0.0012121609607619352,0.047666269820210626,JAK2,Co-culture
CXCL11,-3.236589,-2.9138951,0.001209675060853947,0.04764753329396809,JAK2,Co-culture
BTBD3,-3.237966,-0.4543767,0.0012038517214213213,0.04757622003057062,JAK2,Co-culture
SLC16A1-AS1,-3.240837,-0.7199081,0.0011917926422570294,0.04725716911906134,JAK2,Co-culture
LY6E,-3.2559252,-0.0816159,0.0011302349048015416,0.04540795570802406,JAK2,Co-culture
AC245297.3,-3.2622242,-0.49307474,0.0011054166850484085,0.04488294595182853,JAK2,Co-culture
SP110,-3.266736,-0.44793087,0.001087950726159061,0.04432057674469747,JAK2,Co-culture
SPCS3,-3.280198,-0.29309282,0.0010373418451191984,0.04300253467039586,JAK2,Co-culture
NEAT1,-3.29785,-0.22788087,0.0009742820266934328,0.04074457745494652,JAK2,Co-culture
PDE4D,-3.301893,-0.52181184,0.0009603471755517197,0.04030398624191572,JAK2,Co-culture
RAB27B,-3.303973,-0.5178097,0.0009532499303295814,0.04007706090066496,JAK2,Co-culture
REX1BD,-3.309569,-0.404785,0.0009343977695018,0.03960442683182783,JAK2,Co-culture
NEXN,-3.3188562,-0.8132233,0.0009038697898253555,0.03854777060492595,JAK2,Co-culture
CIITA,-3.3313076,-2.4740698,0.000864390441198515,0.03740223748485254,JAK2,Co-culture
PLAC8,-3.336171,-0.6643428,0.0008494092223434199,0.03682119100586321,JAK2,Co-culture
CXCL8,-3.3384268,-0.3106613,0.0008425421770945164,0.03679256004284562,JAK2,Co-culture
CREG1,-3.3572066,-0.46381363,0.0007873429181387775,0.03470162690503103,JAK2,Co-culture
PAWR,-3.4081254,-0.4479034,0.0006541082732555333,0.02988480804515454,JAK2,Co-culture
DUSP1,-3.4081547,-0.40832928,0.0006540380447543079,0.02988480804515454,JAK2,Co-culture
HAS1,-3.4470325,-0.33194897,0.0005667806495538732,0.026403738236191434,JAK2,Co-culture
GYG1,-3.4487023,-0.4752273,0.0005632872822071168,0.026292653613573136,JAK2,Co-culture
NAMPT,-3.4888985,-0.17971893,0.00048501546328274023,0.02318686827693616,JAK2,Co-culture
ADPRHL2,-3.4944503,-0.42593774,0.0004750391178618287,0.02280187765736778,JAK2,Co-culture
TCIRG1,-3.498713,-0.6609673,0.0004675094478169036,0.022531674850882963,JAK2,Co-culture
CASP8,-3.5146215,-0.48335245,0.00044038110727784177,0.021405272603386257,JAK2,Co-culture
FAM43A,-3.5187526,-0.44934353,0.0004335810402273324,0.021241887656757247,JAK2,Co-culture
GRN,-3.5371513,-0.3713997,0.0004044679568344836,0.020106381954841247,JAK2,Co-culture
ZC3HAV1,-3.5537336,-0.5585737,0.00037980373019195053,0.019161502234705384,JAK2,Co-culture
IFI16,-3.5611165,-0.22460935,0.00036928111016820654,0.018790544386928138,JAK2,Co-culture
TOP1,-3.5658042,-0.13354921,0.0003627422166488818,0.018537378105987684,JAK2,Co-culture
EIF1AY,-3.566727,-0.36993048,0.000361467694725987,0.01851214249966005,JAK2,Co-culture
CCND3,-3.5675473,-0.30813336,0.0003603383028872791,0.018494246402734116,JAK2,Co-culture
SHISA5,-3.5682652,-0.40199858,0.00035935279269129917,0.018483673362898235,JAK2,Co-culture
BTN3A1,-3.5689535,-1.9842533,0.00035840987614765195,0.01847524996350679,JAK2,Co-culture
S100A13,-3.5738902,-0.28680313,0.00035171643124433155,0.018209388684859367,JAK2,Co-culture
CHMP2A,-3.5756774,-0.35084417,0.0003493222433741404,0.018125008829075747,JAK2,Co-culture
CFLAR,-3.6013272,-0.47551027,0.00031659674549527184,0.016645547736549637,JAK2,Co-culture
NAPRT,-3.6024845,-0.4631825,0.00031519018610340235,0.01660842153974195,JAK2,Co-culture
ZNF672,-3.6125774,-0.8708129,0.0003031684855309456,0.016154451975078164,JAK2,Co-culture
DYNLT1,-3.6131194,-0.15910302,0.0003025352152270264,0.016154451975078164,JAK2,Co-culture
RRAS,-3.623359,-0.5197949,0.00029080184227048023,0.01570727399525655,JAK2,Co-culture
SAT1,-3.648965,-0.2169593,0.00026329909797194006,0.014485726707913323,JAK2,Co-culture
IRF2,-3.6511183,-0.69482946,0.00026110099576410496,0.014398201887345247,JAK2,Co-culture
PCGF5,-3.6529787,-0.7032926,0.00025921581998575327,0.014327565322848908,JAK2,Co-culture
SNAPC1,-3.6816754,-0.26263598,0.00023170625378399244,0.012988696666018982,JAK2,Co-culture
XRN1,-3.7304704,-0.7652466,0.00019112266695760493,0.011080441757698602,JAK2,Co-culture
CNDP2,-3.7353776,-0.36924455,0.0001874337094488494,0.010919970807005202,JAK2,Co-culture
SLC35F6,-3.7468622,-0.67466176,0.00017906037347321986,0.010687362169000817,JAK2,Co-culture
IFI44,-3.7555342,-0.7242253,0.0001729720999054392,0.010409935109029883,JAK2,Co-culture
SH3BP5,-3.770769,-0.38656113,0.00016274532365363303,0.00989491567814089,JAK2,Co-culture
NNMT,-3.7797487,-0.15916283,0.00015698679945165022,0.009569334160919101,JAK2,Co-culture
OAF,-3.7820923,-0.4875526,0.00015551562929104636,0.00952864754973977,JAK2,Co-culture
S100A11,-3.783235,-0.05749624,0.0001548031479845014,0.009509565401576417,JAK2,Co-culture
DRAM1,-3.7884645,-0.78177166,0.00015158121070110172,0.009335827709466296,JAK2,Co-culture
NUBP1,-3.8106134,-0.5453883,0.00013862239902613898,0.008718870890471637,JAK2,Co-culture
CBX4,-3.8133967,-0.4891055,0.00013706984972200063,0.008644149671829996,JAK2,Co-culture
SLC16A4,-3.8221567,-0.5744007,0.00013228963237406068,0.008364938034276605,JAK2,Co-culture
USO1,-3.8496962,-0.5232904,0.0001182644306715233,0.007725306281220827,JAK2,Co-culture
DNAJC1,-3.8557022,-0.53381234,0.00011539792539493387,0.007558882892167601,JAK2,Co-culture
FUT8,-3.8589835,-0.5005236,0.00011385964280872423,0.00747878074869936,JAK2,Co-culture
GRINA,-3.8758588,-0.3903043,0.00010624929818710041,0.007037383683275209,JAK2,Co-culture
PELO,-3.8822455,-0.4298694,0.00010349626242217846,0.006893548804928921,JAK2,Co-culture
SMOX,-3.906797,-0.37420622,9.352772078230545e-05,0.006280355617692252,JAK2,Co-culture
SNX7,-3.907617,-0.48437035,9.321083700052797e-05,0.006279020928853748,JAK2,Co-culture
DUSP6,-3.9313774,-0.43274188,8.446056650961175e-05,0.005795999311967498,JAK2,Co-culture
CDC25B,-3.933692,-0.47889125,8.365099893437326e-05,0.0057695996515005725,JAK2,Co-culture
CXCL10,-3.9434626,-2.406522,8.031352733870284e-05,0.005584734194297131,JAK2,Co-culture
CST3,-3.965304,-0.11355093,7.330252232430064e-05,0.00515771338087186,JAK2,Co-culture
LURAP1L,-3.9704895,-0.8345097,7.172513063933261e-05,0.0050617449336900445,JAK2,Co-culture
CXCL2,-3.9785461,-0.8857509,6.933792549216483e-05,0.0049522315941873864,JAK2,Co-culture
LINC00944,-3.9842885,-0.7510614,6.768259435194877e-05,0.004848609296898517,JAK2,Co-culture
APOL3,-3.9874234,-1.8886641,6.679476938949951e-05,0.004799507793223674,JAK2,Co-culture
RSPO3,-4.0047383,-0.9420293,6.208621689498085e-05,0.004557858746172711,JAK2,Co-culture
PLAUR,-4.0190353,-0.31671375,5.8436919325698535e-05,0.0043032802206551665,JAK2,Co-culture
TMEM219,-4.044436,-0.41558978,5.244919864516111e-05,0.003923266240612178,JAK2,Co-culture
GOLM1,-4.0597296,-0.48129767,4.912961736024616e-05,0.0037100684294463595,JAK2,Co-culture
IL15,-4.06805,-1.3409312,4.740823490676881e-05,0.003591514588208633,JAK2,Co-culture
USP30-AS1,-4.070101,-1.9527415,4.699282130939979e-05,0.003591514588208633,JAK2,Co-culture
JMJD6,-4.081424,-0.55721724,4.476058514700265e-05,0.0034700373653573746,JAK2,Co-culture
GFPT2,-4.0934653,-0.5094071,4.249735295559498e-05,0.003336745805573073,JAK2,Co-culture
SOCS3,-4.114574,-0.8404762,3.8789479365875395e-05,0.0031178852024530083,JAK2,Co-culture
DTX3L,-4.122294,-1.6025584,3.75117923358547e-05,0.0030461630817389955,JAK2,Co-culture
PAPPA,-4.124008,-0.512031,3.723360211749461e-05,0.0030353145115012345,JAK2,Co-culture
PARP12,-4.129047,-0.7400214,3.6426976045421874e-05,0.0029991543610730677,JAK2,Co-culture
CXCL1,-4.164116,-0.6786049,3.125610052417424e-05,0.002637525464872667,JAK2,Co-culture
PRKAR1A,-4.185635,-0.31326458,2.8436988273656646e-05,0.0024609411165873955,JAK2,Co-culture
GOSR2,-4.1951423,-0.44203094,2.7270056548183533e-05,0.0023773072826122348,JAK2,Co-culture
MFSD12,-4.213028,-0.4806736,2.519696116116443e-05,0.002221079342206435,JAK2,Co-culture
GYPC,-4.2277503,-0.5240941,2.3603970173370105e-05,0.0020962447219136774,JAK2,Co-culture
EPHB2,-4.2399817,-0.71566784,2.2353789903638498e-05,0.002015410898080137,JAK2,Co-culture
DESI1,-4.262248,-0.5252561,2.0238079493051632e-05,0.0018528391542055609,JAK2,Co-culture
MOV10,-4.266247,-0.97791344,1.9878873279821332e-05,0.00183411612144406,JAK2,Co-culture
AP3S1,-4.2842503,-0.4151388,1.833564692581599e-05,0.001724487940126396,JAK2,Co-culture
TBX2,-4.3123612,-1.0115713,1.6152035552381525e-05,0.00154434301216964,JAK2,Co-culture
PPP1R11,-4.339344,-0.6280809,1.4290865472831641e-05,0.0013831224575174851,JAK2,Co-culture
IL6,-4.381386,-0.7716003,1.1792683316537415e-05,0.0011602826008370755,JAK2,Co-culture
SIPA1L1,-4.3863077,-0.54960454,1.1529094742385369e-05,0.0011486466156783272,JAK2,Co-culture
DPH3,-4.3920503,-0.4450241,1.122868198744695e-05,0.0011281970647726359,JAK2,Co-culture
GCH1,-4.4162498,-0.88417596,1.004280382149575e-05,0.001026443811272876,JAK2,Co-culture
IFI44L,-4.416455,-1.5782727,1.0033284820862516e-05,0.001026443811272876,JAK2,Co-culture
GUK1,-4.420864,-0.07275591,9.830698548940822e-06,0.0010135022782281947,JAK2,Co-culture
STOM,-4.422549,-0.6083132,9.754334892354897e-06,0.0010100209125219186,JAK2,Co-culture
MVP,-4.4493704,-0.59420365,8.612233848029343e-06,0.0009198796802003233,JAK2,Co-culture
PTPN12,-4.461412,-0.44128624,8.1421478782526e-06,0.0008736045723489849,JAK2,Co-culture
TFPI,-4.4689264,-0.31887475,7.86131239281119e-06,0.0008473065429924497,JAK2,Co-culture
ETHE1,-4.482916,-0.5910261,7.362990029797134e-06,0.0008082926832710633,JAK2,Co-culture
ZNFX1,-4.4865785,-0.7809661,7.237615000086328e-06,0.0007982247761955674,JAK2,Co-culture
MCL1,-4.520695,-0.44694716,6.163691543656797e-06,0.0006905012323986429,JAK2,Co-culture
TFPI2,-4.5449824,-0.09025279,5.493978069760327e-06,0.0006293391690345741,JAK2,Co-culture
SAMHD1,-4.6061997,-1.1038306,4.100947487125593e-06,0.0004886515920337792,JAK2,Co-culture
SP100,-4.620394,-0.45698756,3.830115942971617e-06,0.0004633658634680764,JAK2,Co-culture
SERPINB6,-4.6906056,-0.33523026,2.7239774138159415e-06,0.00033817252584504505,JAK2,Co-culture
FPR1,-4.720445,-0.66699654,2.3532933072524988e-06,0.00029840262514209225,JAK2,Co-culture
MDK,-4.7563047,-0.27229783,1.971685448161987e-06,0.0002554787177421696,JAK2,Co-culture
ADAR,-4.8105197,-0.52563936,1.505382531013978e-06,0.0002016702292395675,JAK2,Co-culture
TSPAN18,-4.8343825,-0.8214654,1.3355949674483744e-06,0.00018096930210363343,JAK2,Co-culture
RAB31,-4.937451,-0.69707817,7.915030985455976e-07,0.00011240083987122322,JAK2,Co-culture
SEPT6,-4.938066,-0.893514,7.890106725615579e-07,0.00011240083987122322,JAK2,Co-culture
SLC22A4,-4.946196,-1.0050488,7.567767768014737e-07,0.00010941884714339356,JAK2,Co-culture
TGIF1,-5.0096107,-0.5330631,5.454030636604891e-07,8.185188256656655e-05,JAK2,Co-culture
TNFRSF14,-5.0335464,-1.5914713,4.814879817771813e-07,7.318617323013156e-05,JAK2,Co-culture
TRIM56,-5.034484,-0.53074235,4.791376757123337e-07,7.318617323013156e-05,JAK2,Co-culture
IRF3,-5.051623,-0.5648959,4.380716946363429e-07,6.789252302756185e-05,JAK2,Co-culture
IL15RA,-5.0559735,-1.6921792,4.282004194935059e-07,6.724164468231795e-05,JAK2,Co-culture
CSF1,-5.0618625,-0.8405689,4.1518053187975834e-07,6.607221994585791e-05,JAK2,Co-culture
CASP4,-5.1650043,-0.4832122,2.404337411295488e-07,3.878343448750926e-05,JAK2,Co-culture
PSMA4,-5.1754045,-0.13400291,2.2741759093620077e-07,3.693510901561091e-05,JAK2,Co-culture
TRIB3,-5.18727,-0.48265633,2.1339914732392408e-07,3.4897383319619916e-05,JAK2,Co-culture
TGM2,-5.1902876,-1.1627997,2.0996939119393667e-07,3.4574959749934906e-05,JAK2,Co-culture
CALCOCO2,-5.19852,-0.59896797,2.0088120703126485e-07,3.354433226144614e-05,JAK2,Co-culture
AGTRAP,-5.2010984,-0.47491226,1.9811410990217278e-07,3.3316892014186675e-05,JAK2,Co-culture
TYMP,-5.221929,-0.8346404,1.7706893366906638e-07,2.99904182511493e-05,JAK2,Co-culture
PSMB8-AS1,-5.234146,-1.8886081,1.657494465094164e-07,2.8275186155620733e-05,JAK2,Co-culture
STAT3,-5.2576866,-0.76814854,1.4587897866442165e-07,2.524877621964063e-05,JAK2,Co-culture
IL11,-5.3233566,-0.42621803,1.0186975988421343e-07,1.8064184337808515e-05,JAK2,Co-culture
NLRC5,-5.3256125,-2.3525443,1.0061341472988024e-07,1.8064184337808515e-05,JAK2,Co-culture
NBN,-5.3699393,-0.64649487,7.876305537430744e-08,1.4477748597175023e-05,JAK2,Co-culture
IFI6,-5.514669,-0.9028255,3.494374060754973e-08,6.682144978114671e-06,JAK2,Co-culture
IGFBP4,-5.5526676,-0.27164716,2.813428375633152e-08,5.513389557273827e-06,JAK2,Co-culture
BASP1,-5.570319,-0.5028489,2.5427299136586835e-08,5.0244343093895585e-06,JAK2,Co-culture
CCDC71L,-5.625662,-0.91820616,1.8479779709990993e-08,3.6822902225487937e-06,JAK2,Co-culture
IFIT3,-5.6576986,-1.7002305,1.5341605415063752e-08,3.0828826067965396e-06,JAK2,Co-culture
PLSCR1,-5.671293,-0.7154256,1.4172392257480108e-08,2.8722714975159687e-06,JAK2,Co-culture
RAB27A,-5.6776066,-0.64367896,1.3659255539152454e-08,2.7921402357274394e-06,JAK2,Co-culture
DDIT4,-5.727998,-0.5857768,1.0162277553014538e-08,2.095373263800702e-06,JAK2,Co-culture
OASL,-5.752564,-1.440449,8.790004123924109e-09,1.8283208577762145e-06,JAK2,Co-culture
OGFR,-5.7591267,-0.6363766,8.45503256630492e-09,1.7856382202509738e-06,JAK2,Co-culture
RBCK1,-5.8275504,-0.28757423,5.624678906665274e-09,1.2702132022366379e-06,JAK2,Co-culture
PSMB10,-5.8360467,-1.6595236,5.345386118872527e-09,1.2187480351029363e-06,JAK2,Co-culture
NUCB1,-5.849597,-0.49234945,4.927656273891059e-09,1.145535152612792e-06,JAK2,Co-culture
CD47,-5.9609127,-0.5297425,2.5083325650157544e-09,6.007836543601369e-07,JAK2,Co-culture
CD55,-5.9753413,-0.6759612,2.2960870604046433e-09,5.555593507787235e-07,JAK2,Co-culture
ITM2B,-5.9795604,-0.32101578,2.2374071026242854e-09,5.469422393549182e-07,JAK2,Co-culture
SOD2,-6.174769,-0.80437744,6.626025552163223e-10,1.7077860640531993e-07,JAK2,Co-culture
OPTN,-6.20934,-0.89260185,5.320758823637607e-10,1.386437727759285e-07,JAK2,Co-culture
NMI,-6.273589,-0.9516307,3.5281850343400357e-10,9.295591503807881e-08,JAK2,Co-culture
CARD16,-6.2757277,-0.8389544,3.4800215924818003e-10,9.2717159551605e-08,JAK2,Co-culture
PML,-6.2962947,-1.0083013,3.0484443425881103e-10,8.2141718467556e-08,JAK2,Co-culture
TRIM69,-6.350085,-1.9868717,2.1519621858036692e-10,5.865210040204208e-08,JAK2,Co-culture
APOBEC3G,-6.367546,-1.2644513,1.9207632809521314e-10,5.358251637404346e-08,JAK2,Co-culture
NUB1,-6.3937674,-0.42971036,1.618476837453434e-10,4.568728901154265e-08,JAK2,Co-culture
SERPINB1,-6.503574,-1.0192508,7.843378927349019e-11,2.324777514066249e-08,JAK2,Co-culture
LGALS3BP,-6.6206465,-0.15380682,3.576311653521695e-11,1.0871987426705954e-08,JAK2,Co-culture
CLEC2B,-6.625261,-0.64726555,3.466354092031372e-11,1.0674569900032194e-08,JAK2,Co-culture
PARP9,-6.749116,-1.6737548,1.487488871504158e-11,4.702844816147546e-09,JAK2,Co-culture
SAMD9L,-6.821158,-1.3310379,9.030947327433612e-12,2.8938084192987274e-09,JAK2,Co-culture
IL1B,-6.825948,-0.8310096,8.734641650983918e-12,2.837203052440146e-09,JAK2,Co-culture
DNPEP,-6.890769,-0.37887138,5.549166474065243e-12,1.8275254921254867e-09,JAK2,Co-culture
TMEM158,-7.017949,-0.2079439,2.2514882605412427e-12,7.737288352746948e-10,JAK2,Co-culture
PMAIP1,-7.275869,-0.79776275,3.44198016363351e-13,1.2181527408966834e-10,JAK2,Co-culture
XAF1,-7.459769,-2.9770055,8.667448626359672e-14,3.1139779064884936e-11,JAK2,Co-culture
ISG20,-7.4741244,-1.807114,7.771955890306224e-14,2.8352095087837106e-11,JAK2,Co-culture
GSDMD,-7.480497,-0.60069406,7.404225709309008e-14,2.7570606662644562e-11,JAK2,Co-culture
ICAM1,-7.528398,-0.5832626,5.1366645208413004e-14,1.964525630938531e-11,JAK2,Co-culture
SQOR,-7.573135,-0.8319453,3.6432306313947875e-14,1.4162013890431673e-11,JAK2,Co-culture
CASP1,-7.599957,-0.91236544,2.9622940485614e-14,1.1706986079914652e-11,JAK2,Co-culture
MSRB1,-7.8375444,-1.0605986,4.594426805768098e-15,1.8464923460741207e-12,JAK2,Co-culture
CFH,-8.0865135,-1.2504925,6.139673058238345e-16,2.5100677164990975e-13,JAK2,Co-culture
ETV7,-8.093252,-3.2273443,5.80923750212931e-16,2.416642800885793e-13,JAK2,Co-culture
GBP3,-8.124483,-1.610432,4.492720767668426e-16,1.902346336481316e-13,JAK2,Co-culture
APOL2,-8.286381,-1.1816734,1.1674649501696415e-16,5.033259799713188e-14,JAK2,Co-culture
ERAP2,-8.399923,-0.95953006,4.467712737899617e-17,1.9988378196429382e-14,JAK2,Co-culture
SERPINE1,-8.509452,-0.7913456,1.7475810371729574e-17,7.968969529508685e-15,JAK2,Co-culture
TAP2,-8.520614,-0.9969014,1.5870993724998455e-17,7.379078494258105e-15,JAK2,Co-culture
IDO1,-8.551068,-4.1923904,1.2195424781131042e-17,5.7835582482035854e-15,JAK2,Co-culture
RNF213,-8.709011,-1.0394357,3.0653784650697676e-18,1.483392942117027e-15,JAK2,Co-culture
IFI27,-8.812563,-3.451249,1.2231700775760953e-18,6.042460183225911e-16,JAK2,Co-culture
APOL1,-8.938776,-1.2448578,3.935048264976789e-19,1.9852737118963747e-16,JAK2,Co-culture
EPSTI1,-9.136329,-2.3248734,6.460858797633534e-20,3.330432256727964e-17,JAK2,Co-culture
GSTK1,-9.16961,-0.79689056,4.7473194291031675e-20,2.501520851175429e-17,JAK2,Co-culture
SECTM1,-9.353159,-1.985452,8.506846369545457e-21,4.802722407491949e-18,JAK2,Co-culture
IFITM3,-9.465118,-0.53072315,2.932275347425893e-21,1.7382528259540692e-18,JAK2,Co-culture
HLA-DQB1,-9.49739,-4.288177,2.1521690911764534e-21,1.3085188074352838e-18,JAK2,Co-culture
ISG15,-9.594481,-0.72448134,8.434001538712883e-22,5.26281696015684e-19,JAK2,Co-culture
HLA-DMB,-9.612646,-3.98535,7.070815828669697e-22,4.531437430524753e-19,JAK2,Co-culture
TAPBP,-9.732385,-0.7870561,2.1938868894524677e-22,1.4450401645193586e-19,JAK2,Co-culture
PSME1,-10.096624,-0.5191415,5.717626996464767e-24,3.873610609719216e-21,JAK2,Co-culture
PARP14,-10.24027,-1.2692161,1.30870565948069e-24,9.127067234590034e-22,JAK2,Co-culture
BTN3A2,-11.939316,-1.6709774,7.382819210742425e-33,5.30489118560983e-30,JAK2,Co-culture
APOL6,-12.001865,-1.8876917,3.4737695122452035e-33,2.574063208573696e-30,JAK2,Co-culture
PSME2,-12.021114,-0.26857337,2.752355937109399e-33,2.1052859348625187e-30,JAK2,Co-culture
HLA-C,-12.7400875,-0.24613656,3.5399797743155784e-37,2.798000013619033e-34,JAK2,Co-culture
VAMP5,-12.805801,-0.9577137,1.5214663850456662e-37,1.2440348593863046e-34,JAK2,Co-culture
LAP3,-13.060426,-0.9115907,5.541721213362361e-39,4.693046193258867e-36,JAK2,Co-culture
CTSS,-13.45307,-2.19538,2.9535248955581503e-41,2.593851197165736e-38,JAK2,Co-culture
C1R,-13.554966,-1.8950393,7.404648540008585e-42,6.75303946848783e-39,JAK2,Co-culture
HLA-F,-13.572984,-2.6474135,5.791545158808498e-42,5.4931647522266844e-39,JAK2,Co-culture
IFI35,-13.637629,-1.336009,2.392133957427845e-42,2.363428349938711e-39,JAK2,Co-culture
BST2,-13.792803,-1.3331668,2.816040539152335e-43,2.9032153593208765e-40,JAK2,Co-culture
B2M,-14.445754,-0.24301797,2.666228998526175e-47,2.873710091502394e-44,JAK2,Co-culture
HLA-A,-15.253191,-0.30575475,1.5677973282137588e-52,1.7702671546002213e-49,JAK2,Co-culture
GBP4,-15.957179,-3.0125751,2.5395338996217098e-57,3.010871391391499e-54,JAK2,Co-culture
PSMB8,-16.102493,-0.69211006,2.4502504327152362e-58,3.057912540028615e-55,JAK2,Co-culture
RARRES3,-16.229294,-1.7299074,3.1304204941425983e-59,4.123807264283849e-56,JAK2,Co-culture
IRF1,-16.566961,-1.2600152,1.2077769142438608e-61,1.684635658267672e-58,JAK2,Co-culture
C1S,-17.473686,-2.0751872,2.273188779447853e-68,3.3688657711417183e-65,JAK2,Co-culture
GBP2,-17.854012,-2.8812625,2.690018062437767e-71,4.252380553101622e-68,JAK2,Co-culture
HLA-DMA,-17.871296,-3.8369315,1.973525698963497e-71,3.3425886695587455e-68,JAK2,Co-culture
HLA-E,-18.356256,-1.3845395,2.941989936426249e-75,5.366189644041478e-72,JAK2,Co-culture
UBE2L6,-18.520645,-0.8753892,1.4074086484572518e-76,2.7810394893515297e-73,JAK2,Co-culture
HLA-DPB1,-18.95205,-2.5713468,4.247149582304746e-80,9.155310081419104e-77,JAK2,Co-culture
TAP1,-19.09297,-1.6297077,2.888686019535856e-81,6.849652289523421e-78,JAK2,Co-culture
PSMB9,-19.245127,-1.1668841,1.5508494527453588e-82,4.0859713581664384e-79,JAK2,Co-culture
GBP1,-21.410456,-1.7526311,1.0676526628923498e-101,3.164522492812925e-98,JAK2,Co-culture
STAT1,-21.694683,-1.32949,2.3030207371956237e-104,7.801318245768947e-101,JAK2,Co-culture
WARS,-22.018963,-1.2212163,1.8955384237802782e-107,7.49116785077966e-104,JAK2,Co-culture
HLA-B,-22.887777,-0.89319515,6.149646759285862e-116,2.916408479123727e-112,JAK2,Co-culture
HLA-DPA1,-23.880184,-3.57367,4.921158030070153e-126,2.9172624802255866e-122,JAK2,Co-culture
HLA-DRB1,-24.836775,-2.5857677,3.593647223884416e-136,2.840418765758242e-132,JAK2,Co-culture
HLA-DRA,-26.963547,-3.0838678,3.9571496136841295e-160,4.691596581983904e-156,JAK2,Co-culture
CD74,-27.103106,-2.1381664,9.050510683345615e-162,2.1460570932349125e-157,JAK2,Co-culture
COLEC12,6.6329255,1.3824735,3.290980518499466e-11,1.1309526094878165e-08,STAT1,Co-culture
ID3,6.571713,0.2749095,4.973966638166027e-11,1.6380930128360114e-08,STAT1,Co-culture
CAV1,6.036701,0.21920906,1.5729646708940539e-09,4.5485534483219275e-07,STAT1,Co-culture
MGAT4B,5.667348,0.3892246,1.4502462954162857e-08,3.6198147533590493e-06,STAT1,Co-culture
GCLC,5.600784,0.6898756,2.1338485846010514e-08,5.216269859593828e-06,STAT1,Co-culture
MMP1,5.5988755,0.56290835,2.157464596601653e-08,5.2201837259814695e-06,STAT1,Co-culture
SPP1,5.11566,0.506811,3.126452430061027e-07,6.336276924923681e-05,STAT1,Co-culture
SERPINE2,5.109331,0.24636371,3.233011529290194e-07,6.442115074162109e-05,STAT1,Co-culture
MCAM,4.8832517,0.5717316,1.043505844288207e-06,0.00019181093472683694,STAT1,Co-culture
COTL1,4.828244,0.1198044,1.3774214640087705e-06,0.0002455745695832779,STAT1,Co-culture
ODC1,4.765093,0.23048753,1.8876689096828144e-06,0.00033155855693628813,STAT1,Co-culture
HMOX1,4.752357,0.7170392,2.010591006656763e-06,0.00035055245551356736,STAT1,Co-culture
MT-ND4L,4.7111554,0.2677835,2.4631609911602942e-06,0.00042632462352111604,STAT1,Co-culture
PYURF,4.495268,0.24685182,6.94824797285089e-06,0.0011421436224286418,STAT1,Co-culture
GLRX5,4.49246,0.2635295,7.040517084890339e-06,0.0011421436224286418,STAT1,Co-culture
LRRC17,4.49125,1.0560861,7.080639761694473e-06,0.0011421436224286418,STAT1,Co-culture
BZW2,4.489807,0.3213106,7.128764175077555e-06,0.0011421436224286418,STAT1,Co-culture
AKR1B1,4.4295254,0.10055601,9.444060907119195e-06,0.0014732735015105945,STAT1,Co-culture
SLC3A2,4.4167585,0.117738836,1.0019193701822364e-05,0.0015527785690039992,STAT1,Co-culture
TRIM16L,4.3835154,0.46016228,1.1677937925752329e-05,0.0017864984780350916,STAT1,Co-culture
TPM1,4.32857,0.17219639,1.500806085488574e-05,0.0022381832640946584,STAT1,Co-culture
MMAB,4.3198366,0.9801948,1.5614485833559208e-05,0.0022996937148158756,STAT1,Co-culture
AHCY,4.307814,0.3144932,1.6487573915971015e-05,0.0023694142587606347,STAT1,Co-culture
ZNF428,4.2883925,0.3611019,1.7997079867821226e-05,0.002555369807339982,STAT1,Co-culture
IMMP1L,4.250092,0.54694855,2.1368259445536665e-05,0.002965118106046881,STAT1,Co-culture
FAM162A,4.249937,0.66190547,2.138306326476116e-05,0.002965118106046881,STAT1,Co-culture
TXNRD1,4.2401953,0.13785404,2.2332554695575624e-05,0.0030609799823207466,STAT1,Co-culture
NT5DC2,4.1759887,0.28707454,2.9669443947547208e-05,0.003974699745108697,STAT1,Co-culture
RCN2,4.1325693,0.23439513,3.587306980288326e-05,0.004673748522889934,STAT1,Co-culture
TYMS,4.0992327,0.19061686,4.145219590376594e-05,0.005341926463424446,STAT1,Co-culture
DCTN3,4.051687,0.2728853,5.084968842443387e-05,0.006346041115369347,STAT1,Co-culture
MAD2L1,4.04179,0.28489435,5.3044754322187025e-05,0.006585325730302088,STAT1,Co-culture
PRSS23,4.0376635,0.7770606,5.3986206238265894e-05,0.006667296470425838,STAT1,Co-culture
TMEM14A,4.014209,0.4146271,5.964558016547053e-05,0.007252902548121217,STAT1,Co-culture
EIF3G,4.011758,0.15996745,6.0268360677762714e-05,0.007291241675464844,STAT1,Co-culture
TGFBI,4.0058627,1.1123062,6.179149472034422e-05,0.0074375630599431575,STAT1,Co-culture
MRPL21,3.9851537,0.2114194,6.743648043173389e-05,0.008076029414127646,STAT1,Co-culture
LSM2,3.9670506,0.17470169,7.276757615339737e-05,0.008584401819648549,STAT1,Co-culture
PLIN2,3.9355135,0.19628187,8.301898607194342e-05,0.009745278206623376,STAT1,Co-culture
SPARC,3.9252598,0.28056264,8.663620087814973e-05,0.010070184290307286,STAT1,Co-culture
R3HCC1,3.90393,0.5563372,9.464315755333166e-05,0.010894070640313594,STAT1,Co-culture
APMAP,3.900998,0.19192067,9.579688264960778e-05,0.010973602325543477,STAT1,Co-culture
COMMD7,3.8879986,0.42420632,0.00010107418860598363,0.01146732612547887,STAT1,Co-culture
CSTF3,3.8627443,0.4027864,0.00011212037094704647,0.012659991599506504,STAT1,Co-culture
SAMD11,3.8356128,0.63389444,0.00012525158618146393,0.013813793542022664,STAT1,Co-culture
LIMCH1,3.8165014,0.5601456,0.0001353573096991922,0.014859224664755767,STAT1,Co-culture
RPA1,3.7577865,0.4508886,0.00017142306630064247,0.018309836703247002,STAT1,Co-culture
LAMA4,3.7561266,1.1100218,0.00017256340562401046,0.018348984189042763,STAT1,Co-culture
TRIP6,3.7254894,0.28040507,0.0001949366613626999,0.020362722970186518,STAT1,Co-culture
MRPS25,3.719843,0.414698,0.00019934680072243891,0.020707557041300492,STAT1,Co-culture
PYGL,3.719036,0.35180417,0.0001999844198067566,0.020707557041300492,STAT1,Co-culture
BRK1,3.7104888,0.11816641,0.00020685948048735644,0.02123399134768916,STAT1,Co-culture
FHL2,3.7014449,0.21167481,0.00021437516558541912,0.021910620372247665,STAT1,Co-culture
EI24,3.684257,0.21629994,0.00022937066156317342,0.023143987774408376,STAT1,Co-culture
POPDC3,3.6812477,0.34177932,0.00023209544027763974,0.02331969101637031,STAT1,Co-culture
ISCA1,3.6563344,0.3265316,0.00025584744368530027,0.02538349198604954,STAT1,Co-culture
PALLD,3.641551,0.895658,0.0002710003455677891,0.026774834142097564,STAT1,Co-culture
H2AFX,3.6354547,0.3411414,0.00027749080814162244,0.02730233212719565,STAT1,Co-culture
CENPW,3.6274812,0.23645112,0.0002861995964470301,0.028042829879966855,STAT1,Co-culture
ACAT1,3.6049726,0.46638998,0.0003121859510655622,0.030338333080600865,STAT1,Co-culture
ETFA,3.5756538,0.21489921,0.00034935365872332475,0.033003481895009866,STAT1,Co-culture
TRIM16,3.5620959,0.29610807,0.00036790594688568913,0.0344813668480374,STAT1,Co-culture
GPC1,3.551656,0.22405079,0.0003828150480721066,0.03545824382767888,STAT1,Co-culture
SYNGR1,3.55057,0.7300823,0.00038439777735067236,0.03546630387758421,STAT1,Co-culture
CD320,3.544117,0.20473403,0.0003939305848572506,0.036065181575811296,STAT1,Co-culture
CPNE1,3.5422554,0.19316104,0.0003967212117354298,0.0361809745102712,STAT1,Co-culture
CSE1L,3.5302486,0.2601039,0.0004151692603201772,0.03771836590311127,STAT1,Co-culture
MT-ND2,3.5249434,0.07538433,0.0004235733132566778,0.038335001541764675,STAT1,Co-culture
TPD52L1,3.5122852,1.2458518,0.00044427104105048705,0.040055341921631744,STAT1,Co-culture
FSCN1,3.496664,0.38279653,0.0004711147440769869,0.04215499174171137,STAT1,Co-culture
AKR1C2,3.490459,0.27772686,0.0004821915483139056,0.04271023948612306,STAT1,Co-culture
TFB1M,3.4901643,0.50565326,0.00048272369189781466,0.04271023948612306,STAT1,Co-culture
ZMYND19,3.479988,0.5212451,0.0005014361156978006,0.04413933596390955,STAT1,Co-culture
SLC7A11,3.475412,0.27011275,0.0005100695577963851,0.04453039837723281,STAT1,Co-culture
C12orf75,3.475024,0.18508957,0.0005108075387401875,0.04453039837723281,STAT1,Co-culture
CCNB2,3.4530582,0.38583604,0.0005542691697862718,0.047792111105353,STAT1,Co-culture
BUD23,3.4441075,0.11150369,0.0005729476716333135,0.04904597541432899,STAT1,Co-culture
POLR3D,-3.4384146,-0.45217413,0.0005851313170833793,0.04990875464273774,STAT1,Co-culture
XBP1,-3.4467137,-0.3017761,0.000567449604457309,0.04875132253946272,STAT1,Co-culture
MRPS7,-3.463855,-0.1677274,0.0005324933887505563,0.04608205559873427,STAT1,Co-culture
SAT1,-3.4696722,-0.18175098,0.0005210938454820133,0.045260722579009156,STAT1,Co-culture
DHX36,-3.4793675,-0.27603734,0.0005025987141639498,0.04413933596390955,STAT1,Co-culture
SNX10,-3.493546,-0.5686102,0.0004766508239708553,0.042490016308259104,STAT1,Co-culture
CEBPB,-3.5107028,-0.072377175,0.000446923628759355,0.04014186774674935,STAT1,Co-culture
DTX3L,-3.546692,-1.3831071,0.0003901004441117432,0.03585295244487463,STAT1,Co-culture
PRNP,-3.552897,-0.09079436,0.00038101367330470987,0.035429789103534434,STAT1,Co-culture
SH3BP5,-3.5550687,-0.32857823,0.00037788031779703633,0.0352767641559186,STAT1,Co-culture
RAB31,-3.562732,-0.48233798,0.0003670154425902116,0.0344813668480374,STAT1,Co-culture
SP140L,-3.5761347,-0.4142133,0.00034871197894319954,0.033003481895009866,STAT1,Co-culture
SEPT6,-3.5780427,-0.6294672,0.0003461768083027427,0.03296604208222745,STAT1,Co-culture
HSD17B10,-3.5820296,-0.24578285,0.00034093528937542494,0.03259781282931482,STAT1,Co-culture
PHLDA1,-3.5940516,-0.1116264,0.00032557518319036754,0.03125521758627529,STAT1,Co-culture
SAMHD1,-3.5981004,-0.84498626,0.0003205497899404859,0.03089787243523903,STAT1,Co-culture
ITGA3,-3.6021492,-0.23313576,0.0003155970752610817,0.03054464427996232,STAT1,Co-culture
IFI44L,-3.612217,-1.2306535,0.00030359048847568526,0.029624434826071806,STAT1,Co-culture
NFE2L1,-3.6654093,-0.48842874,0.00024694327525173195,0.024603020767937262,STAT1,Co-culture
SELENOS,-3.670451,-0.30978924,0.00024212295957590544,0.024224555347948817,STAT1,Co-culture
IDH1,-3.6881661,-0.37398195,0.00022587607276531793,0.022888775373552217,STAT1,Co-culture
SP110,-3.691455,-0.5020955,0.00022297495017713377,0.022691768320172515,STAT1,Co-culture
TSPO,-3.7154527,-0.18227448,0.00020284015159387523,0.020911937715625956,STAT1,Co-culture
CXCL10,-3.7309654,-2.3494396,0.00019074749647897426,0.02001329485181167,STAT1,Co-culture
CBX4,-3.7309809,-0.4525235,0.0001907357502520351,0.02001329485181167,STAT1,Co-culture
CXCL8,-3.754684,-0.32727873,0.00017356033330016545,0.01837260099648894,STAT1,Co-culture
GCH1,-3.757895,-0.7626006,0.00017134871221526695,0.018309836703247002,STAT1,Co-culture
BAZ2A,-3.7619128,-0.6085381,0.00016861883972171866,0.01817404512491542,STAT1,Co-culture
IGF2BP1,-3.8003218,-0.5314128,0.00014450829008894625,0.01564648664195933,STAT1,Co-culture
ZNF672,-3.8121114,-0.967987,0.00013778477591077563,0.01498693856145097,STAT1,Co-culture
SERPINB6,-3.8142676,-0.22807144,0.000136587407252795,0.01492516405888606,STAT1,Co-culture
SP100,-3.8442998,-0.3105084,0.00012089710955867675,0.013395851690912819,STAT1,Co-culture
XRN1,-3.85308,-0.8422454,0.00011664128614842486,0.012984967967847184,STAT1,Co-culture
DNAJC1,-3.8566322,-0.500964,0.00011495988378709483,0.012858154548866003,STAT1,Co-culture
LINC00944,-3.861255,-0.7566221,0.00011280607141099032,0.012677050072499538,STAT1,Co-culture
CXCL1,-3.8899066,-0.62727815,0.00010028277389545414,0.011432236224081772,STAT1,Co-culture
CSRP1,-3.9098868,-0.26027212,9.23393719183936e-05,0.010680737497214385,STAT1,Co-culture
IL15RA,-3.9286106,-1.2305905,8.5438106492302e-05,0.009979844242095888,STAT1,Co-culture
STAT3,-3.9673142,-0.55664265,7.268713245894381e-05,0.008584401819648549,STAT1,Co-culture
ZC3HAV1,-3.9741552,-0.6364548,7.062948506406575e-05,0.008415911305724258,STAT1,Co-culture
IRF2,-4.0152326,-0.7811506,5.9387240033476256e-05,0.007252902548121217,STAT1,Co-culture
HSBP1L1,-4.0255485,-0.3795824,5.684272062409265e-05,0.006983702546313393,STAT1,Co-culture
HAS1,-4.052245,-0.34528884,5.072843090326556e-05,0.006346041115369347,STAT1,Co-culture
GOLM1,-4.05465,-0.48501384,5.0209473199507586e-05,0.006332803343120872,STAT1,Co-culture
TXNDC12,-4.061553,-0.36758524,4.874738064231727e-05,0.0061812721379177924,STAT1,Co-culture
SLC16A4,-4.068192,-0.64160335,4.737929262043222e-05,0.006040095626966069,STAT1,Co-culture
APOL3,-4.074335,-2.2247553,4.6145982796547153e-05,0.005914667805793114,STAT1,Co-culture
CFLAR,-4.1261625,-0.5254402,3.688666191737746e-05,0.004779543865491008,STAT1,Co-culture
CHST11,-4.147182,-0.890583,3.365924744305233e-05,0.004409547377732911,STAT1,Co-culture
NELFE,-4.1498504,-0.37537083,3.326929746763526e-05,0.004382675453069818,STAT1,Co-culture
CSF1,-4.156769,-0.65812415,3.227804063086889e-05,0.004275848600218788,STAT1,Co-culture
TOP1,-4.1650834,-0.15399969,3.112386671906817e-05,0.004146118694621037,STAT1,Co-culture
CIR1,-4.1888795,-0.44282255,2.8033495575097168e-05,0.0037768764038449095,STAT1,Co-culture
USP30-AS1,-4.215965,-2.4686584,2.4871280402622884e-05,0.00336998743375425,STAT1,Co-culture
APOBEC3G,-4.2219834,-0.77861136,2.4216190865503598e-05,0.003300082286223111,STAT1,Co-culture
TRIM56,-4.2442284,-0.4046305,2.1934684890585428e-05,0.003023925861195126,STAT1,Co-culture
PSMA5,-4.268955,-0.12065647,1.9639054634530416e-05,0.0027555104348756525,STAT1,Co-culture
CXCL2,-4.276153,-1.0327665,1.9015040019677178e-05,0.0026838370770630076,STAT1,Co-culture
PLAC8,-4.3058443,-0.9622904,1.6635012690439675e-05,0.0023762013308175033,STAT1,Co-culture
IL6,-4.3080935,-0.7826032,1.646677812628374e-05,0.0023694142587606347,STAT1,Co-culture
DYNLT1,-4.3111186,-0.21892413,1.624308692789193e-05,0.0023629207192280583,STAT1,Co-culture
IFI44,-4.31813,-0.8934707,1.573566694668893e-05,0.002303235399011654,STAT1,Co-culture
VEGFA,-4.3262277,-0.4371865,1.516846645198496e-05,0.002247966728184171,STAT1,Co-culture
ADAR,-4.3379397,-0.44789866,1.4382466219311625e-05,0.0021584622721032734,STAT1,Co-culture
IFI16,-4.3452926,-0.21995932,1.390901706540151e-05,0.0021007045392025516,STAT1,Co-culture
C5orf15,-4.3718033,-0.39174268,1.2322442897644393e-05,0.0018730113204419479,STAT1,Co-culture
GTF2E2,-4.4076066,-0.37721887,1.0451926960391199e-05,0.0016093252732778968,STAT1,Co-culture
PLAUR,-4.430751,-0.2742953,9.390543965872334e-06,0.0014732735015105945,STAT1,Co-culture
RBCK1,-4.4395156,-0.11400891,9.016155639989698e-06,0.0014252738835695714,STAT1,Co-culture
OGFR,-4.4498315,-0.47812104,8.593769179655521e-06,0.0013676205019328303,STAT1,Co-culture
PPA1,-4.492677,-0.21920393,7.033338634653649e-06,0.0011421436224286418,STAT1,Co-culture
TRIB3,-4.5364532,-0.38243786,5.72081066633242e-06,0.0009486144232173031,STAT1,Co-culture
IRF3,-4.5923605,-0.49929455,4.382602045150158e-06,0.000731832814750708,STAT1,Co-culture
TYMP,-4.6278224,-0.7083609,3.6953093527327145e-06,0.0006214409600850931,STAT1,Co-culture
TBX2,-4.6640596,-1.1937351,3.1003161863666283e-06,0.0005251049815080392,STAT1,Co-culture
CCND3,-4.683388,-0.3489011,2.8217145576721734e-06,0.00048135608339224873,STAT1,Co-culture
DPH3,-4.700328,-0.4839955,2.5974416310689496e-06,0.00044630823156454296,STAT1,Co-culture
PAPPA,-4.8264756,-0.6159247,1.3897031766265548e-06,0.00024591523674752884,STAT1,Co-culture
DUSP6,-4.8367453,-0.46663427,1.3198254917673658e-06,0.000237088651975665,STAT1,Co-culture
CD55,-4.8384514,-0.4715819,1.3085467817535627e-06,0.0002368569564041258,STAT1,Co-culture
STOM,-4.871198,-0.63777554,1.1092340798584727e-06,0.00020232429616618544,STAT1,Co-culture
TNFRSF14,-4.9419975,-1.6943558,7.732618770690936e-07,0.0001432467627270496,STAT1,Co-culture
S100A11,-4.962955,-0.06769873,6.942867994199244e-07,0.00012962935895941138,STAT1,Co-culture
DESI1,-4.989125,-0.6007923,6.065351189293647e-07,0.00011414413285756426,STAT1,Co-culture
PSMB10,-5.0030236,-1.3942096,5.643795639799324e-07,0.00010706054576873726,STAT1,Co-culture
CYBA,-5.0071034,-0.17754345,5.525517812961678e-07,0.00010566215998463493,STAT1,Co-culture
FABP5,-5.0221353,-0.53120935,5.110016863598516e-07,9.851115436556748e-05,STAT1,Co-culture
GYPC,-5.027115,-0.5939279,4.979142880180816e-07,9.67749475203668e-05,STAT1,Co-culture
TAGLN2,-5.069061,-0.09607472,3.997837498492224e-07,7.834439897871704e-05,STAT1,Co-culture
MVP,-5.076336,-0.7175995,3.847824784939703e-07,7.603301775040853e-05,STAT1,Co-culture
FPR1,-5.1136436,-0.7802876,3.1600315094328555e-07,6.350056538277277e-05,STAT1,Co-culture
OPTN,-5.153449,-0.7656431,2.5573884435034074e-07,5.2276547217545513e-05,STAT1,Co-culture
IL1B,-5.173522,-0.5364026,2.2972197241237106e-07,4.736667312906211e-05,STAT1,Co-culture
CDC25B,-5.1801615,-0.54998136,2.216939568323234e-07,4.611234302112327e-05,STAT1,Co-culture
AGTRAP,-5.1825194,-0.40479398,2.1890865996300436e-07,4.593594818621911e-05,STAT1,Co-culture
EPHB2,-5.2127223,-0.95136696,1.860894272317139e-07,3.9397790165342854e-05,STAT1,Co-culture
DDIT4,-5.239078,-0.4771813,1.6138080079013888e-07,3.447442836338535e-05,STAT1,Co-culture
CARD16,-5.2467103,-0.6655322,1.548391748879523e-07,3.3377695590392044e-05,STAT1,Co-culture
CST3,-5.2720575,-0.14100134,1.3490267362177714e-07,2.9346900889170453e-05,STAT1,Co-culture
OAF,-5.279907,-0.6658735,1.2924946767113138e-07,2.837743867979507e-05,STAT1,Co-culture
LY6E,-5.3188744,-0.13044563,1.044111311711283e-07,2.3138287311493405e-05,STAT1,Co-culture
LGALS3,-5.337148,-0.17009036,9.441983930418424e-08,2.1121539901705818e-05,STAT1,Co-culture
SLC22A4,-5.356275,-1.1741493,8.495508402702667e-08,1.918528526141768e-05,STAT1,Co-culture
PLSCR1,-5.430596,-0.6488054,5.616624012167002e-08,1.2805902747740766e-05,STAT1,Co-culture
ETHE1,-5.452003,-0.71605766,4.980560925591745e-08,1.1465928220158394e-05,STAT1,Co-culture
PML,-5.471021,-0.83395344,4.474492951137727e-08,1.0401880084056646e-05,STAT1,Co-culture
IFIT3,-5.4766836,-1.6890293,4.333714397516051e-08,1.0174359979594118e-05,STAT1,Co-culture
MCL1,-5.496493,-0.46756792,3.8741855137389836e-08,9.186468690177878e-06,STAT1,Co-culture
ITM2B,-5.497253,-0.2396555,3.857529076598673e-08,9.186468690177878e-06,STAT1,Co-culture
TRIM69,-5.6298075,-1.7476583,1.8041070349349873e-08,4.456144376289419e-06,STAT1,Co-culture
BASP1,-5.67059,-0.4497602,1.4230651057106488e-08,3.5897574241075427e-06,STAT1,Co-culture
TFPI,-5.6889567,-0.3881161,1.2781769904754667e-08,3.2589390105542222e-06,STAT1,Co-culture
RAB27A,-5.7444143,-0.6718345,9.22397363901723e-09,2.377378944873658e-06,STAT1,Co-culture
CNDP2,-5.768428,-0.61982477,8.001456249639082e-09,2.0849508856202407e-06,STAT1,Co-culture
CALCOCO2,-5.822241,-0.67622024,5.806388018708055e-09,1.5297896966622822e-06,STAT1,Co-culture
TGM2,-5.846921,-1.4923773,5.007550800594318e-09,1.3341465683560952e-06,STAT1,Co-culture
OASL,-5.8852057,-1.6148057,3.9755860852822516e-09,1.0712397415251448e-06,STAT1,Co-culture
XAF1,-5.9159675,-1.9709336,3.2993075176186946e-09,8.992319523882125e-07,STAT1,Co-culture
IFI6,-5.9324107,-1.0666567,2.985189653328801e-09,8.230792681364248e-07,STAT1,Co-culture
PSMB8-AS1,-5.9468527,-2.849844,2.7334709228711985e-09,7.625419120367278e-07,STAT1,Co-culture
PMAIP1,-5.9503584,-0.6216039,2.6755565700899936e-09,7.552713974996896e-07,STAT1,Co-culture
NLRC5,-6.0070105,-3.9378366,1.889754607504093e-09,5.39877846423338e-07,STAT1,Co-culture
ISG20,-6.0541997,-1.3857388,1.4111766500118527e-09,4.131088978405068e-07,STAT1,Co-culture
SERPINB1,-6.0609474,-0.9747025,1.3532207085514434e-09,4.010946180146478e-07,STAT1,Co-culture
GUK1,-6.1019626,-0.10367604,1.0477392915173076e-09,3.1448093772732147e-07,STAT1,Co-culture
GSDMD,-6.1331115,-0.455292,8.617658995742324e-10,2.619768334705667e-07,STAT1,Co-culture
PARP9,-6.1485467,-1.574955,7.819611633038263e-10,2.4080341693844584e-07,STAT1,Co-culture
TFPI2,-6.1647573,-0.15078123,7.059133875603398e-10,2.2024497691882602e-07,STAT1,Co-culture
CFH,-6.3735094,-0.96778727,1.8475095001475512e-10,5.841086035666498e-08,STAT1,Co-culture
CLEC2B,-6.5035043,-0.60680723,7.8470122701288e-11,2.514437229044515e-08,STAT1,Co-culture
MSRB1,-6.5665784,-0.8725395,5.1484561659102755e-11,1.6723314055625267e-08,STAT1,Co-culture
PSMA4,-6.588901,-0.1871229,4.430944401147197e-11,1.4798106146479201e-08,STAT1,Co-culture
CD47,-6.5974174,-0.51750255,4.183820212260364e-11,1.4172392124731108e-08,STAT1,Co-culture
NMI,-6.696015,-1.0267428,2.1417987762036078e-11,7.468578320785285e-09,STAT1,Co-culture
TSPAN18,-6.7213936,-1.3206999,1.7999488157511145e-11,6.370206913297078e-09,STAT1,Co-culture
MDK,-6.854212,-0.31967318,7.170682587125742e-12,2.5762306894837213e-09,STAT1,Co-culture
IDO1,-6.897864,-2.4932675,5.2790261466527395e-12,1.9257887382989196e-09,STAT1,Co-culture
NUCB1,-6.9386,-0.62946403,3.96005004863004e-12,1.46719854301743e-09,STAT1,Co-culture
IL11,-6.9755044,-0.5358775,3.0477582310540522e-12,1.147118145631011e-09,STAT1,Co-culture
SQOR,-7.1349573,-0.78100824,9.681708298916432e-13,3.702784954579136e-10,STAT1,Co-culture
GBP3,-7.2065477,-1.4070483,5.738817984669002e-13,2.230800853319203e-10,STAT1,Co-culture
SECTM1,-7.295016,-1.3582886,2.9862409203101144e-13,1.1801624117065573e-10,STAT1,Co-culture
SOD2,-7.3232484,-0.9811263,2.4203884884994964e-13,9.727500311745772e-11,STAT1,Co-culture
ICAM1,-7.3872223,-0.47739035,1.4992787426227443e-13,6.129465093977675e-11,STAT1,Co-culture
GSTK1,-7.569386,-0.5727134,3.74992648397701e-14,1.559969417334436e-11,STAT1,Co-culture
ETV7,-7.576599,-3.0905514,3.547304081919711e-14,1.5020298998300032e-11,STAT1,Co-culture
NUB1,-7.7195163,-0.55944294,1.1677210082001193e-14,5.0343637357165866e-12,STAT1,Co-culture
CASP1,-7.7391706,-0.98393106,1.0006747346143589e-14,4.394073945773274e-12,STAT1,Co-culture
SAMD9L,-7.960426,-1.8159806,1.7144827447447858e-15,7.670531102526107e-13,STAT1,Co-culture
APOL2,-8.048429,-1.1581993,8.386397183537797e-16,3.824197115693236e-13,STAT1,Co-culture
SERPINE1,-8.048909,-0.73219156,8.353515492339368e-16,3.824197115693236e-13,STAT1,Co-culture
HLA-DQB1,-8.058542,-2.8483636,7.720945673712627e-16,3.6615812763014764e-13,STAT1,Co-culture
TMEM158,-8.18984,-0.24342246,2.615723837596108e-16,1.2657968089199778e-13,STAT1,Co-culture
LGALS3BP,-8.29728,-0.2570151,1.0652177023202575e-16,5.262175449462072e-14,STAT1,Co-culture
HLA-DMB,-8.322504,-2.9173925,8.612439100809492e-17,4.34506714805095e-14,STAT1,Co-culture
ERAP2,-8.557503,-1.0586399,1.1533829300614112e-17,5.9454382690469954e-15,STAT1,Co-culture
RNF213,-8.578786,-1.0039946,9.587943356462294e-18,5.052206952631865e-15,STAT1,Co-culture
IGFBP4,-8.595897,-0.43524182,8.2617169838143e-18,4.4523143890955615e-15,STAT1,Co-culture
IFI27,-8.603777,-3.8752816,7.713480326961112e-18,4.253535942160509e-15,STAT1,Co-culture
EPSTI1,-8.833269,-2.385349,1.0165983808151138e-18,5.7394240014019e-16,STAT1,Co-culture
ISG15,-8.9786215,-0.6473485,2.7417959734167306e-19,1.5856942956501834e-16,STAT1,Co-culture
TAP2,-9.052678,-1.1146473,1.3950345488441285e-19,8.269764805547993e-17,STAT1,Co-culture
APOL1,-9.460131,-1.4239556,3.0755849894846554e-21,1.8699556736066707e-18,STAT1,Co-culture
IFITM3,-9.84889,-0.53335977,6.930495942585481e-23,4.3246294681733405e-20,STAT1,Co-culture
DNPEP,-9.886787,-0.5684001,4.750279303148546e-23,3.044287103682657e-20,STAT1,Co-culture
TAPBP,-10.227225,-0.7276391,1.4974836864076081e-24,9.863425881138112e-22,STAT1,Co-culture
APOL6,-10.969764,-1.7195681,5.341181998600991e-28,3.618574501452191e-25,STAT1,Co-culture
BTN3A2,-11.405278,-1.6594898,3.9351829430168935e-30,2.744442880729899e-27,STAT1,Co-culture
VAMP5,-12.155557,-0.9051684,5.3595236757054325e-34,3.8510613757068854e-31,STAT1,Co-culture
PSME1,-12.229335,-0.62812346,2.1670644289211577e-34,1.6057947418305778e-31,STAT1,Co-culture
PARP14,-12.33119,-1.6964285,6.153132406483527e-35,4.7065508265334645e-32,STAT1,Co-culture
HLA-F,-12.792222,-2.6480114,1.8121674856230788e-37,1.4323371806364814e-34,STAT1,Co-culture
LAP3,-12.86175,-0.91749215,7.388526838626193e-38,6.041267186120838e-35,STAT1,Co-culture
IFI35,-13.318423,-1.368894,1.8088839169461594e-40,1.5318662656652618e-37,STAT1,Co-culture
CTSS,-13.783163,-2.4205303,3.218564891502503e-43,2.826615211381754e-40,STAT1,Co-culture
C1R,-14.098253,-2.2076974,3.892861524815188e-45,3.550289710631452e-42,STAT1,Co-culture
GBP4,-14.529843,-2.6624088,7.839999745407102e-48,7.436082958523728e-45,STAT1,Co-culture
HLA-C,-14.577466,-0.31832993,3.907513340669383e-48,3.8606231805813505e-45,STAT1,Co-culture
PSME2,-14.680081,-0.5009643,8.648607652797366e-49,8.916338463614397e-46,STAT1,Co-culture
B2M,-15.233258,-0.27127582,2.127194951880961e-52,2.292729395409152e-49,STAT1,Co-culture
IRF1,-15.611578,-1.1942538,6.071627543652912e-55,6.855734872147516e-52,STAT1,Co-culture
GBP2,-15.651849,-2.5393806,3.2270673176879427e-55,3.8260110118508244e-52,STAT1,Co-culture
HLA-A,-15.835564,-0.34786248,1.7686711780595394e-56,2.2073016302183053e-53,STAT1,Co-culture
RARRES3,-15.854582,-1.8479872,1.306942294241265e-56,1.7216786489471597e-53,STAT1,Co-culture
BST2,-15.988083,-1.780364,1.5471955074325042e-57,2.1580646983670316e-54,STAT1,Co-culture
HLA-DMA,-16.311737,-3.2062128,8.144436091555298e-60,1.2070054287684953e-56,STAT1,Co-culture
HLA-DPB1,-16.990519,-2.2744596,9.653270965800263e-65,1.5259890742737055e-61,STAT1,Co-culture
C1S,-17.505442,-2.175332,1.3021449099885316e-68,2.2054614361177185e-65,STAT1,Co-culture
PSMB8,-18.233692,-0.7736989,2.7884363595642662e-74,5.086107919845222e-71,STAT1,Co-culture
UBE2L6,-18.439808,-0.981583,6.296521267671145e-76,1.2441926024918183e-72,STAT1,Co-culture
PSMB9,-19.522009,-1.1664778,7.137724095658772e-85,1.538633761420553e-81,STAT1,Co-culture
HLA-E,-19.667439,-1.5924275,4.099787807176649e-86,9.72141684837727e-83,STAT1,Co-culture
GBP1,-19.746304,-1.7565526,8.63084513595345e-87,2.273939998485869e-83,STAT1,Co-culture
TAP1,-21.193995,-1.9913408,1.0848989037172107e-99,3.2156403506178125e-96,STAT1,Co-culture
HLA-DPA1,-22.114462,-3.3813512,2.2942699395213805e-108,7.771675543704425e-105,STAT1,Co-culture
WARS,-22.20251,-1.374532,3.247894162479693e-109,1.2835677730119747e-105,STAT1,Co-culture
HLA-B,-23.507751,-0.8531171,3.3983065971542826e-122,1.611612920634447e-118,STAT1,Co-culture
HLA-DRB1,-24.550844,-3.0520735,4.2360862419835335e-133,2.5111519242478388e-129,STAT1,Co-culture
HLA-DRA,-24.914722,-2.9806163,5.153177502538861e-137,4.073071498006715e-133,STAT1,Co-culture
STAT1,-25.856535,-2.334877,2.054387857306025e-147,2.435682243622023e-143,STAT1,Co-culture
CD74,-26.790234,-2.2663176,4.199302182374139e-158,9.957385334845559e-154,STAT1,Co-culture
ID3,9.273329,0.36807442,1.8042516822139463e-20,9.723276338331158e-18,JAK1,Co-culture
SERPINE2,9.1048,0.39187258,8.642498143599398e-20,4.455019912631063e-17,JAK1,Co-culture
CAV1,8.991435,0.29923517,2.440229508643314e-19,1.2311217469989416e-16,JAK1,Co-culture
DCBLD2,7.9279737,0.48588836,2.2275071155643652e-15,9.266429600747758e-13,JAK1,Co-culture
COTL1,7.599527,0.19283937,2.972156410834185e-14,1.1553405379295113e-11,JAK1,Co-culture
MT-ND4L,7.564127,0.32167017,3.9047762719888165e-14,1.493387983248368e-11,JAK1,Co-culture
RHOBTB3,6.997594,0.4159807,2.6039531625711984e-12,8.232658318785101e-10,JAK1,Co-culture
ADI1,6.4594955,0.45583326,1.0505271021202077e-10,2.930599840644043e-08,JAK1,Co-culture
MMP1,6.4541745,0.62916803,1.0881033462710935e-10,3.000128668230252e-08,JAK1,Co-culture
TPM1,6.4367385,0.23765337,1.2206798861035367e-10,3.2891774385553484e-08,JAK1,Co-culture
AKAP12,6.3843217,0.6971,1.721589146699902e-10,4.5867777355671996e-08,JAK1,Co-culture
TRIM16,6.3577795,0.45744196,2.046907490350966e-10,5.333656089143089e-08,JAK1,Co-culture
TXNRD1,6.137905,0.18249995,8.361679549575972e-10,2.0440427369025304e-07,JAK1,Co-culture
MGAT4B,6.11037,0.36032635,9.940020702961468e-10,2.3807855647335587e-07,JAK1,Co-culture
TMEM14B,6.0572243,0.20685297,1.384903251568837e-09,3.2194927354117904e-07,JAK1,Co-culture
UBE2E3,5.9325504,0.15575184,2.982651516871992e-09,6.735679311244636e-07,JAK1,Co-culture
CLTB,5.83175,0.44367117,5.484912951417299e-09,1.204243110222287e-06,JAK1,Co-culture
NT5DC2,5.775796,0.33561093,7.659008996333435e-09,1.6207029495877117e-06,JAK1,Co-culture
CAPN2,5.7743845,0.1877063,7.723491620420522e-09,1.6207029495877117e-06,JAK1,Co-culture
NR2F2,5.714506,0.5385191,1.1002312336568912e-08,2.2685811315193223e-06,JAK1,Co-culture
BUD23,5.4972687,0.15787855,3.8571898734457355e-08,7.496859531077482e-06,JAK1,Co-culture
VKORC1,5.4626756,0.2659397,4.690110944452403e-08,8.89695285718843e-06,JAK1,Co-culture
MT-ND2,5.30966,0.0997981,1.0982990456439209e-07,2.003297459254512e-05,JAK1,Co-culture
NPC2,5.3038893,0.24810776,1.133610230995562e-07,2.0519210532341043e-05,JAK1,Co-culture
MT-ND1,5.2822804,0.09149531,1.2758570638636498e-07,2.27467087957405e-05,JAK1,Co-culture
SNCA,5.260175,0.46680015,1.4391831223642148e-07,2.509258102757372e-05,JAK1,Co-culture
LIMCH1,5.15773,0.720125,2.499612899907593e-07,4.116029241847837e-05,JAK1,Co-culture
PHGDH,5.1248903,0.29667374,2.977110509856657e-07,4.8684996144635214e-05,JAK1,Co-culture
NQO1,5.101389,0.091991685,3.3717009752722944e-07,5.476011885318948e-05,JAK1,Co-culture
PMEPA1,5.0961456,0.1191192,3.4663862289819836e-07,5.591493215076244e-05,JAK1,Co-culture
IGFBP5,5.0340643,1.3958865,4.801881854389807e-07,7.590814835419407e-05,JAK1,Co-culture
TMEM14C,5.0282164,0.12368477,4.950635356011213e-07,7.774136792168071e-05,JAK1,Co-culture
DKK1,5.020817,1.1095259,5.145223674112753e-07,8.026548931615895e-05,JAK1,Co-culture
ZNF428,4.9631567,0.34796917,6.935660040783028e-07,0.000106791149926654,JAK1,Co-culture
SLC7A11,4.9261594,0.32290095,8.386165551118659e-07,0.00012665780735549403,JAK1,Co-culture
MCM7,4.907389,0.2501792,9.229681506207497e-07,0.00013851532143999503,JAK1,Co-culture
TYMS,4.87655,0.17813443,1.079572327332586e-06,0.00016099886179692002,JAK1,Co-culture
LSM2,4.857811,0.21720725,1.1869059357865174e-06,0.00017266204631515277,JAK1,Co-culture
MT-CYB,4.8313465,0.083372094,1.3561263746366503e-06,0.00019607602802063567,JAK1,Co-culture
AES,4.790673,0.34709483,1.6622298849404837e-06,0.0002318517354806397,JAK1,Co-culture
MT-ATP6,4.7600513,0.075662166,1.9354397216064287e-06,0.00026362063098128713,JAK1,Co-culture
SLC3A2,4.758996,0.111844525,1.945580736408791e-06,0.00026362063098128713,JAK1,Co-culture
PLIN2,4.754234,0.20942046,1.9920033575403947e-06,0.00026686092437286916,JAK1,Co-culture
RRAS2,4.7497973,0.39432073,2.036206483102253e-06,0.0002712501580186552,JAK1,Co-culture
PEBP1,4.745454,0.11719845,2.0803940941630974e-06,0.00027558829475304674,JAK1,Co-culture
H1FX,4.7320046,0.1257282,2.223135690237926e-06,0.0002928610749273428,JAK1,Co-culture
ARL4C,4.72839,0.4857929,2.263071735789189e-06,0.000296474900547145,JAK1,Co-culture
EIF4G2,4.6997385,0.16843286,2.6049501855670467e-06,0.0003393877956053067,JAK1,Co-culture
CENPW,4.6555896,0.25833046,3.230547241501623e-06,0.00041406884427289993,JAK1,Co-culture
PEG10,4.6411166,0.49280205,3.4653166611260794e-06,0.0004392762834698941,JAK1,Co-culture
APMAP,4.640077,0.18915085,3.482791046404356e-06,0.0004392762834698941,JAK1,Co-culture
CD320,4.609331,0.26982722,4.039661120345531e-06,0.0005041497078191223,JAK1,Co-culture
PRSS23,4.5882344,0.86989343,4.4701080351578186e-06,0.000551405440397774,JAK1,Co-culture
COPS8,4.5614753,0.15851046,5.079548335631414e-06,0.0006208569594561449,JAK1,Co-culture
EMC3,4.5587916,0.21413884,5.144881616200278e-06,0.0006256176045299538,JAK1,Co-culture
ATP1A1,4.538377,0.24457848,5.668884224935782e-06,0.000678891832028673,JAK1,Co-culture
DSTN,4.529938,0.07097714,5.9000943072501155e-06,0.0007030303327312299,JAK1,Co-culture
AP1S1,4.520972,0.16404293,6.15563441054672e-06,0.0007261811101636011,JAK1,Co-culture
NAP1L1,4.5090895,0.097506486,6.510648460343592e-06,0.0007642598826320161,JAK1,Co-culture
IGFBP7,4.4989443,0.13650467,6.8291790900344225e-06,0.0007977019437581096,JAK1,Co-culture
PLK2,4.489885,0.7168253,7.126168903543274e-06,0.0008203302094279027,JAK1,Co-culture
NDUFV1,4.489869,0.20457573,7.126687885549425e-06,0.0008203302094279027,JAK1,Co-culture
HAT1,4.462226,0.15182549,8.111261125260231e-06,0.0009202594440295244,JAK1,Co-culture
TMEM106C,4.4374213,0.30256647,9.104292309911993e-06,0.0010232800328512186,JAK1,Co-culture
SF3B5,4.4373903,0.14943144,9.105604205955093e-06,0.0010232800328512186,JAK1,Co-culture
AC245595.1,4.419334,0.23409799,9.90056026783531e-06,0.0011021694134784549,JAK1,Co-culture
MT-ND4,4.373634,0.07548326,1.2219521578294827e-05,0.001329125209470307,JAK1,Co-culture
TFDP1,4.3707485,0.3301684,1.2382128661230659e-05,0.0013406622594296866,JAK1,Co-culture
TIPIN,4.3636594,0.4869099,1.2790467751803517e-05,0.001376339291191721,JAK1,Co-culture
MT-ND3,4.3630233,0.060859308,1.2827723656940382e-05,0.001376339291191721,JAK1,Co-culture
NDUFA12,4.3342323,0.12621571,1.4626978497998416e-05,0.001548370152430975,JAK1,Co-culture
CNN3,4.316517,0.35312065,1.5851062287711702e-05,0.0016630990662222119,JAK1,Co-culture
AKR1C3,4.3036103,0.6412337,1.6803707385462772e-05,0.0017399541900615426,JAK1,Co-culture
MRPL3,4.294365,0.18427917,1.7519412065299484e-05,0.0018061752125755712,JAK1,Co-culture
MSI2,4.2853985,0.4961313,1.8241178335799135e-05,0.0018563726210234722,JAK1,Co-culture
BRK1,4.270429,0.056982897,1.9509726266344396e-05,0.0019685728903300354,JAK1,Co-culture
MCAM,4.264224,0.490605,2.0059807635582678e-05,0.0020155006722666798,JAK1,Co-culture
ACADVL,4.2557387,0.22353593,2.0835993199158553e-05,0.002084654306913281,JAK1,Co-culture
CDK6,4.2543736,0.48004562,2.0963503706337046e-05,0.002088599159179261,JAK1,Co-culture
GGCT,4.250108,0.28166822,2.136677960034367e-05,0.002119870618758783,JAK1,Co-culture
AHCYL1,4.2479515,0.17083229,2.1573416532729385e-05,0.002131453553433663,JAK1,Co-culture
SCAND1,4.23399,0.15497592,2.2958101887601355e-05,0.0022495145122264602,JAK1,Co-culture
RPS15A,4.2237053,0.06802147,2.403182226823849e-05,0.002345031150717988,JAK1,Co-culture
SEPT9,4.1954417,0.19982149,2.7234057769329722e-05,0.0026358121543932503,JAK1,Co-culture
MT-CO3,4.1783776,0.072829105,2.935957835617785e-05,0.0028299769186247528,JAK1,Co-culture
C11orf68,4.176594,0.63038254,2.959067888445385e-05,0.0028385222896635917,JAK1,Co-culture
MAZ,4.175849,0.22938913,2.9687648778532842e-05,0.0028385222896635917,JAK1,Co-culture
PTX3,4.167876,0.8677949,3.074514636279875e-05,0.002927826950018811,JAK1,Co-culture
COL18A1,4.1638737,0.269064,3.1289351850970205e-05,0.002967732444360822,JAK1,Co-culture
MT-ND5,4.1625547,0.084617905,3.147064008186803e-05,0.0029730351299651586,JAK1,Co-culture
HJURP,4.1524096,0.27836767,3.289925342969927e-05,0.003083427262154265,JAK1,Co-culture
NDUFC2,4.1436143,0.08409646,3.418748038289696e-05,0.003179033469957854,JAK1,Co-culture
SPATS2L,4.138464,0.13516726,3.49638763522557e-05,0.0032385290471276845,JAK1,Co-culture
EI24,4.1254954,0.15855475,3.6993742315772195e-05,0.0034119205202293255,JAK1,Co-culture
MSANTD3,4.1246886,0.3036541,3.7123629142171306e-05,0.0034119205202293255,JAK1,Co-culture
CALD1,4.0988917,0.16327943,4.151335626943519e-05,0.0037715122753289167,JAK1,Co-culture
SYPL1,4.096503,0.18584377,4.1943882346678944e-05,0.0037960814435284394,JAK1,Co-culture
LOXL2,4.071295,0.22633997,4.675255389409459e-05,0.004183383237497249,JAK1,Co-culture
CAVIN1,4.0638022,0.258984,4.827975184003356e-05,0.004297094181209763,JAK1,Co-culture
CCNB2,4.06329,0.4125285,4.838580239469495e-05,0.004297094181209763,JAK1,Co-culture
PHB,4.055301,0.08811639,5.0069721304742766e-05,0.004430049371559927,JAK1,Co-culture
RPS10,4.0454664,0.09731873,5.221906656964846e-05,0.004603042775091094,JAK1,Co-culture
EEF1E1,4.0367327,0.18860468,5.4200741182783737e-05,0.0047387891419444295,JAK1,Co-culture
MALSU1,4.0360503,0.14021692,5.435857990084704e-05,0.0047387891419444295,JAK1,Co-culture
YWHAQ,4.033972,0.059365917,5.4841957492214956e-05,0.004763415736466671,JAK1,Co-culture
RPS21,4.032327,0.07239236,5.5227212637113326e-05,0.0047793710439825955,JAK1,Co-culture
CTNNAL1,4.0089498,0.16669007,6.098936526354711e-05,0.005164927961175818,JAK1,Co-culture
RNF145,4.006173,0.3387982,6.171042947350394e-05,0.005207393963258809,JAK1,Co-culture
POLD2,3.9976723,0.1877885,6.396844134761955e-05,0.005378793195867925,JAK1,Co-culture
MT-ND6,3.9753807,0.33519986,7.026675078773945e-05,0.005839058267106523,JAK1,Co-culture
SLBP,3.9748378,0.23843135,7.042723787080236e-05,0.005839058267106523,JAK1,Co-culture
NDUFB2,3.957774,0.08232981,7.565147972112526e-05,0.006250341070199729,JAK1,Co-culture
ATP6V0E2,3.95523,0.82159483,7.646107013217922e-05,0.0062952947742160896,JAK1,Co-culture
GNAS,3.9077306,0.06546167,9.316710934779611e-05,0.0075602104557078754,JAK1,Co-culture
TMED3,3.907079,0.21145996,9.341859242250369e-05,0.0075602104557078754,JAK1,Co-culture
TRIM16L,3.8932884,0.36758003,9.889445608417988e-05,0.007949102856501944,JAK1,Co-culture
BPTF,3.8918767,0.25494507,9.947176244358781e-05,0.00796849469953498,JAK1,Co-culture
CPNE1,3.8888984,0.19275682,0.00010070026944674176,0.00801276774872866,JAK1,Co-culture
BCL7C,3.8877504,0.3812664,0.00010117756912676383,0.008019586550414137,JAK1,Co-culture
MAGEF1,3.8870678,0.40330973,0.00010146238044552298,0.008019586550414137,JAK1,Co-culture
NDUFS6,3.8769226,0.06917222,0.00010578594724604785,0.008251303885191732,JAK1,Co-culture
RPS4X,3.8690734,0.06786831,0.00010924976890686384,0.008493542689572312,JAK1,Co-culture
DPY30,3.8644197,0.27960557,0.0001113536581663899,0.008628816805364174,JAK1,Co-culture
FSCN1,3.8615034,0.36924508,0.00011269151397122305,0.008704042929269188,JAK1,Co-culture
ELAVL1,3.8510942,0.22656952,0.0001175911863432785,0.009052994190168246,JAK1,Co-culture
ITGAE,3.8447187,0.22066069,0.00012069081124232863,0.00926155506853753,JAK1,Co-culture
ATP6V1D,3.8435087,0.1598911,0.00012128769157872763,0.009277334653918676,JAK1,Co-culture
EID1,3.840251,0.10594219,0.00012290854015389408,0.009371084579193363,JAK1,Co-culture
SNRPD3,3.8376606,0.09759061,0.00012421205412806632,0.009407868503100103,JAK1,Co-culture
AP1S2,3.8345735,0.39500126,0.000125782359749294,0.00946841687103257,JAK1,Co-culture
MT-CO2,3.8328516,0.06883279,0.00012666636941482625,0.009504787821406202,JAK1,Co-culture
SUMO1,3.8274376,0.08640661,0.00012948412678566126,0.009685576070478232,JAK1,Co-culture
MORN2,3.8263674,0.35289693,0.00013004816818796617,0.00969717661658193,JAK1,Co-culture
ACAT2,3.8218532,0.29952407,0.0001324525236013854,0.00984549918381207,JAK1,Co-culture
RPL4,3.811615,0.07127912,0.00013806182584661161,0.01023038129523392,JAK1,Co-culture
LAMTOR4,3.7905645,0.15932389,0.00015030532702667879,0.011068446939306234,JAK1,Co-culture
PRDX2,3.7896647,0.37565994,0.0001508507552671402,0.011074220151375939,JAK1,Co-culture
ACTG1,3.7802641,0.063085444,0.0001566620767608637,0.011465343099239507,JAK1,Co-culture
MGST2,3.769607,0.37179402,0.0001635047911472982,0.011929309562106877,JAK1,Co-culture
HIST1H4C,3.7685833,0.17832094,0.000164176771048396,0.011941593849998669,JAK1,Co-culture
SSRP1,3.7671251,0.16382076,0.00016513832026386936,0.011974800764822232,JAK1,Co-culture
ITM2C,3.7618973,0.2318251,0.00016862930065079124,0.012153610872436358,JAK1,Co-culture
NOP56,3.7605166,0.116374545,0.00016956277221059232,0.012183855923204742,JAK1,Co-culture
LRRC17,3.7504334,0.93873453,0.0001765290986710604,0.012611051145250978,JAK1,Co-culture
H2AFZ,3.7501388,0.0627753,0.00017673672250407787,0.012611051145250978,JAK1,Co-culture
LSM3,3.7493787,0.08134325,0.0001772732336799202,0.012611051145250978,JAK1,Co-culture
COX6B1,3.7488668,0.07533724,0.00017763542014650078,0.012611051145250978,JAK1,Co-culture
DAD1,3.7379148,0.12989794,0.00018555271479053683,0.013133808874964804,JAK1,Co-culture
TINAGL1,3.7345488,0.52375466,0.00018805210352703934,0.013271105591765347,JAK1,Co-culture
SPP1,3.7311358,0.30270573,0.0001906183253665079,0.013372608671865785,JAK1,Co-culture
TECR,3.720277,0.14471444,0.00019900425899103662,0.01391973153155003,JAK1,Co-culture
RPLP0,3.709108,0.06476502,0.00020799058192145424,0.014505507878004479,JAK1,Co-culture
ARMC1,3.7077587,0.50791436,0.00020910187792576033,0.014540245540690994,JAK1,Co-culture
ANXA5,3.704842,0.050908707,0.00021152237279094353,0.014665551180172084,JAK1,Co-culture
VCL,3.700266,0.4648832,0.00021537359203799175,0.01487300103277487,JAK1,Co-culture
CDH2,3.6998007,0.4650645,0.00021576890837021571,0.01487300103277487,JAK1,Co-culture
NR2F6,3.6807358,0.19959709,0.0002325619458040333,0.015800884982536498,JAK1,Co-culture
SPARC,3.671723,0.19712102,0.00024092077878740207,0.016322038590305364,JAK1,Co-culture
AHSA1,3.66755,0.1653989,0.00024488560149226303,0.016543382856366213,JAK1,Co-culture
UFC1,3.6655645,0.103583634,0.0002467936251340746,0.016624916020395387,JAK1,Co-culture
XRCC5,3.6622913,0.06841883,0.0002499693522809833,0.016791142439905597,JAK1,Co-culture
SERBP1,3.6503623,0.07887793,0.0002618707803166989,0.017491492796815673,JAK1,Co-culture
DUSP14,3.6421251,0.44641644,0.00027039666939082153,0.018010241080323484,JAK1,Co-culture
KCNMA1,3.6396275,0.3340235,0.0002730327001537965,0.018110384782155726,JAK1,Co-culture
MTCH2,3.6392553,0.13865535,0.00027342770546608255,0.018110384782155726,JAK1,Co-culture
POLE3,3.6191664,0.3269966,0.00029555344633599187,0.019467120331997333,JAK1,Co-culture
NDUFA5,3.6036074,0.13637356,0.00031383095275074486,0.020556794341507353,JAK1,Co-culture
FAM49B,3.6017613,0.26777056,0.00031606835263333044,0.02058959554297124,JAK1,Co-culture
C12orf75,3.5954788,0.12677924,0.00032379542474422513,0.021035170168589225,JAK1,Co-culture
RPL27,3.5947497,0.052817862,0.0003247035083560206,0.02103652893480317,JAK1,Co-culture
SIVA1,3.588979,0.07899857,0.00033197544084220305,0.021449050826295148,JAK1,Co-culture
ATP6V0B,3.5838134,0.089506194,0.0003386139893958892,0.021815053974637753,JAK1,Co-culture
FAM136A,3.5831463,0.24126145,0.00033948021746969175,0.021815053974637753,JAK1,Co-culture
ZNHIT1,3.578291,0.11901489,0.00034584830012882967,0.022104460627101915,JAK1,Co-culture
C9orf16,3.5766,0.22976954,0.0003480920483149934,0.022188060886142804,JAK1,Co-culture
RPL31,3.569092,0.09400465,0.00035822056396121786,0.022651002700395727,JAK1,Co-culture
MT-CO1,3.566455,0.06214167,0.00036184302926371324,0.02281920720718396,JAK1,Co-culture
MPC2,3.5637558,0.13202398,0.0003655861798111532,0.02293327908910599,JAK1,Co-culture
DST,3.5637558,0.34667686,0.0003655861798111532,0.02293327908910599,JAK1,Co-culture
FHL2,3.5525246,0.1727314,0.00038155325213999174,0.023808922933535488,JAK1,Co-culture
MT-ATP8,3.5495152,0.579678,0.000385941140026791,0.02401951788009257,JAK1,Co-culture
ANXA2,3.5483363,0.0535221,0.0003876729269643106,0.024064137288423385,JAK1,Co-culture
DEK,3.5447838,0.07793716,0.0003929350818855773,0.024263741306434397,JAK1,Co-culture
MRPL41,3.5372138,0.12092344,0.0004043721915910182,0.024905125732483695,JAK1,Co-culture
GSTP1,3.535461,0.051178623,0.00040706451676283137,0.025005994356166468,JAK1,Co-culture
MZT2A,3.532374,0.1757555,0.00041184661847888394,0.025234385057806966,JAK1,Co-culture
AKR1B1,3.5297058,0.05239894,0.0004160221163499583,0.02535916818223705,JAK1,Co-culture
EEF1B2,3.5249434,0.045990102,0.0004235733132566778,0.02575325744600601,JAK1,Co-culture
CSDE1,3.5181954,0.12414762,0.000434492253311792,0.02627530469626825,JAK1,Co-culture
ADAM9,3.5175905,0.30630136,0.0004354839214588994,0.02627530469626825,JAK1,Co-culture
PPARG,3.5156515,0.3342613,0.0004386766024159913,0.02640076039717763,JAK1,Co-culture
PSIP1,3.5110908,0.17783819,0.00044627212065449404,0.02665492323667346,JAK1,Co-culture
CTSZ,3.5072281,0.17953266,0.00045280087996514866,0.02684203616433401,JAK1,Co-culture
ATP1B3,3.5024347,0.110890865,0.00046102677688353343,0.027193698839458567,JAK1,Co-culture
WDR34,3.4893267,0.34973434,0.00048423909200637406,0.02835130209791393,JAK1,Co-culture
RPS26,3.4873564,0.065558165,0.00048782059389301113,0.02849064512904207,JAK1,Co-culture
TMA7,3.483587,0.05213263,0.0004947423407467078,0.028823907576869624,JAK1,Co-culture
CD58,3.4683228,0.390607,0.000523718092796964,0.03028878882049173,JAK1,Co-culture
HACD3,3.4584568,0.2189213,0.0005432796440281626,0.03134366647006275,JAK1,Co-culture
OLA1,3.455773,0.09023839,0.0005487172024928005,0.03158053957647885,JAK1,Co-culture
HSPB11,3.4524999,0.17517315,0.0005554177586826335,0.03188877940407411,JAK1,Co-culture
SLC25A3,3.4478152,0.05114849,0.0005651408196237401,0.03236864520511624,JAK1,Co-culture
MAP1B,3.445845,0.13824476,0.0005692768107300406,0.03252696803862825,JAK1,Co-culture
MDH1,3.432225,0.14332879,0.0005986507022805903,0.03395982165664439,JAK1,Co-culture
OSGIN1,3.4225297,0.49028596,0.000620413301733675,0.03511035849811194,JAK1,Co-culture
ELOB,3.4214904,0.053507704,0.0006227894331638573,0.035160911998050916,JAK1,Co-culture
ARPC2,3.4198925,0.05524988,0.0006264588106099363,0.03528406488641997,JAK1,Co-culture
POLR2L,3.4143236,0.122229666,0.0006394060079084616,0.03592795085195602,JAK1,Co-culture
RUVBL2,3.40922,0.15615073,0.0006514894121959361,0.03643423807073122,JAK1,Co-culture
ATP5PO,3.4063966,0.10707791,0.0006582647445111587,0.03669865608046594,JAK1,Co-culture
STMP1,3.4059622,0.14133853,0.000659312900231043,0.03669865608046594,JAK1,Co-culture
DTYMK,3.3971202,0.13021713,0.0006809906484819678,0.03781651114005719,JAK1,Co-culture
SUCLG1,3.396174,0.1782432,0.0006833493838825833,0.037858833155663116,JAK1,Co-culture
GCSH,3.3917837,0.16546258,0.0006943920437041273,0.03822880158123364,JAK1,Co-culture
CYR61,3.3915977,0.5297356,0.0006948639288761681,0.03822880158123364,JAK1,Co-culture
SARAF,3.384369,0.23102556,0.0007134209828463074,0.0390684488342994,JAK1,Co-culture
ODC1,3.3767676,0.10755636,0.0007334296672839622,0.040071622743403944,JAK1,Co-culture
SNRPE,3.3745494,0.07236668,0.0007393664552720758,0.040303120430830945,JAK1,Co-culture
ATP5MG,3.3700352,0.05143024,0.0007515856871926429,0.04078169293984427,JAK1,Co-culture
GLO1,3.3627908,0.15909742,0.000771587844628727,0.04167628922969561,JAK1,Co-culture
RPS3,3.358556,0.039860934,0.0007835085077419447,0.04222398576267498,JAK1,Co-culture
HRAS,3.3550656,0.2580865,0.0007934614972788806,0.042663399146205934,JAK1,Co-culture
RPS24,3.3525991,0.0466716,0.0008005655658447348,0.0429479880029646,JAK1,Co-culture
ATP5MC3,3.3438191,0.04219313,0.0008263360935465243,0.04423043216743834,JAK1,Co-culture
UQCRC2,3.3387465,0.14951624,0.0008415733354961377,0.04474302002530138,JAK1,Co-culture
RPL23,3.331409,0.05380595,0.0008640753094558703,0.045836585543216096,JAK1,Co-culture
ZMYND19,3.325421,0.49646622,0.000882850485362303,0.0467280149752476,JAK1,Co-culture
TMEM183A,3.3236992,0.22385657,0.0008883191679356229,0.04691274857480956,JAK1,Co-culture
COX7C,3.3208451,0.08571678,0.0008974535885797985,0.047159135105620885,JAK1,Co-culture
TPM2,3.3203797,0.06107268,0.0008989511246516801,0.047159135105620885,JAK1,Co-culture
PGRMC1,3.3169668,0.09385958,0.0009100040273386147,0.0475841153050237,JAK1,Co-culture
TIMM50,3.316641,0.18640359,0.0009110656354791143,0.0475841153050237,JAK1,Co-culture
MRPL34,3.3157725,0.1482245,0.0009139022041858722,0.047627360583858025,JAK1,Co-culture
SRP9,3.3140194,0.07363723,0.0009196509301935556,0.04779668620626303,JAK1,Co-culture
DHRS7,3.313554,0.27012372,0.0009211827596264426,0.04779668620626303,JAK1,Co-culture
SYNGR1,3.3113978,0.7090656,0.0009283111396586605,0.04799806197689583,JAK1,Co-culture
GTF3C6,3.3101878,0.11474261,0.0009323335906538694,0.04799806197689583,JAK1,Co-culture
MCM6,3.3099396,0.4629583,0.0009331607022330035,0.04799806197689583,JAK1,Co-culture
PTGR1,3.3074577,0.03929441,0.0009414692895242479,0.048277696891308654,JAK1,Co-culture
CDC42EP3,3.307101,0.46118826,0.0009426692670662916,0.048277696891308654,JAK1,Co-culture
NF2,3.3038278,0.4519853,0.0009537440652181142,0.04873961050528432,JAK1,Co-culture
ZNF706,3.3019352,0.12282922,0.0009602023656185301,0.048964125792573296,JAK1,Co-culture
DTL,3.2990654,0.57296395,0.0009700730064903255,0.04936131143755064,JAK1,Co-culture
NDUFA1,3.2983363,0.12961781,0.0009725956083709844,0.04938369821347491,JAK1,Co-culture
TRIP6,3.2949855,0.22943076,0.0009842671436638654,0.0497632036472443,JAK1,Co-culture
GYG1,-3.2958543,-0.4700169,0.0009812288004611195,0.049715592556696726,JAK1,Co-culture
SYF2,-3.310343,-0.34955126,0.00093181699088975,0.04799806197689583,JAK1,Co-culture
LGMN,-3.3216362,-0.5275829,0.0008949130828586465,0.04715595337943162,JAK1,Co-culture
EFEMP1,-3.339615,-0.37294233,0.0008389455420652445,0.044703543131350734,JAK1,Co-culture
MFSD12,-3.3410888,-0.3835834,0.0008345050785160421,0.0445670820310189,JAK1,Co-culture
GOLM1,-3.368453,-0.43594077,0.0007559129177091011,0.04092284727104613,JAK1,Co-culture
SLC16A4,-3.370454,-0.5568773,0.0007504441004697273,0.04078169293984427,JAK1,Co-culture
TRIM56,-3.3875954,-0.376908,0.000705081827767515,0.03870115810190582,JAK1,Co-culture
STEAP1,-3.3923268,-0.72512263,0.0006930174125625595,0.03822880158123364,JAK1,Co-culture
BET1,-3.412462,-0.34292173,0.0006437889707703449,0.03608870939694189,JAK1,Co-culture
CDC25B,-3.4399657,-0.41613683,0.000581787831874156,0.03308238146139086,JAK1,Co-culture
TGM2,-3.4406483,-0.72962546,0.0005803223407149073,0.03307837342074972,JAK1,Co-culture
NBN,-3.4731627,-0.422843,0.0005143637224260683,0.029820519770579295,JAK1,Co-culture
AURKA,-3.4785144,-0.3098145,0.0005042013908481553,0.029302998479881028,JAK1,Co-culture
POLR3D,-3.4965556,-0.50256336,0.00047130653049781604,0.02766242685931736,JAK1,Co-culture
IER3,-3.498696,-0.13447213,0.00046753900115912146,0.027509391552072177,JAK1,Co-culture
IGSF8,-3.5049787,-0.6863662,0.00045664372248045227,0.027002334033557316,JAK1,Co-culture
LURAP1L,-3.508562,-0.74064684,0.00045053595674131926,0.02677470828634126,JAK1,Co-culture
ATG101,-3.5102994,-0.3522966,0.0004476021388025946,0.026667190741927447,JAK1,Co-culture
EIF5A2,-3.5123162,-0.4749584,0.0004442191767218392,0.026599305854616794,JAK1,Co-culture
CCND3,-3.5147362,-0.35169616,0.00044019112618940245,0.026424840466336988,JAK1,Co-culture
TSKU,-3.5203362,-0.4228517,0.00043100017602770555,0.02613779072626331,JAK1,Co-culture
CREG1,-3.530714,-0.5112383,0.00041443954079779593,0.025327810287106543,JAK1,Co-culture
PAPSS1,-3.5460093,-0.42313415,0.00039111225844280236,0.024214239875184673,JAK1,Co-culture
SELENOS,-3.5544791,-0.3663404,0.0003787284100076067,0.02369500806886641,JAK1,Co-culture
IL13RA1,-3.571124,-0.5391109,0.0003554523006832393,0.022536056026205804,JAK1,Co-culture
NELFE,-3.5747852,-0.3751496,0.0003505156226651188,0.022282644623687127,JAK1,Co-culture
CASP8,-3.5818744,-0.5007726,0.00034113784354235514,0.021862325800206285,JAK1,Co-culture
CLMP,-3.602351,-0.6600919,0.0003153522710818733,0.02058959554297124,JAK1,Co-culture
LY6E,-3.6163588,-0.12512004,0.0002987762595058793,0.019624882729649334,JAK1,Co-culture
AP3S1,-3.6368818,-0.34512419,0.00027595848234955513,0.018227096193517135,JAK1,Co-culture
SLPI,-3.6599956,-0.5486257,0.00025221970344045945,0.016894445220282977,JAK1,Co-culture
VCAM1,-3.686708,-0.61600155,0.00022717372459171045,0.015479147579076546,JAK1,Co-culture
NAPRT,-3.69206,-0.49593222,0.0002224450770377667,0.015200627281612462,JAK1,Co-culture
ZC3HAV1,-3.6976755,-0.6045427,0.00021758286169920054,0.014911343400611107,JAK1,Co-culture
MCL1,-3.6980476,-0.35877877,0.00021726405788922084,0.014911343400611107,JAK1,Co-culture
PTP4A1,-3.7319117,-0.4035053,0.0001900322193859128,0.013371050403794552,JAK1,Co-culture
APOL3,-3.7642086,-1.8679404,0.00016707733516913318,0.012078468815641726,JAK1,Co-culture
SP140L,-3.7984447,-0.5140571,0.0001456068415908566,0.010755854915272249,JAK1,Co-culture
PRKAR1A,-3.8369315,-0.26657516,0.00012458125463788092,0.009407868503100103,JAK1,Co-culture
OSMR,-3.838219,-0.9330157,0.0001239299600709125,0.009407868503100103,JAK1,Co-culture
STC1,-3.8822591,-0.5208497,0.00010349055786915461,0.008098904647502951,JAK1,Co-culture
OGFR,-3.8839655,-0.4784072,0.00010276654154442008,0.008068874944044003,JAK1,Co-culture
CFLAR,-3.8839965,-0.540299,0.00010275342196923485,0.008068874944044003,JAK1,Co-culture
TMEM132A,-3.8894722,-0.65547544,0.0001004624174100199,0.00801276774872866,JAK1,Co-culture
GYPC,-3.898299,-0.49123257,9.687077197435937e-05,0.007812924302911596,JAK1,Co-culture
ADPRHL2,-3.9322715,-0.48670605,8.414698181339479e-05,0.00685667777580487,JAK1,Co-culture
HAS1,-3.9411757,-0.3394993,8.108323666141134e-05,0.0066298127852254685,JAK1,Co-culture
S100A11,-3.9424167,-0.080606,8.066470131301149e-05,0.006618413140256499,JAK1,Co-culture
REX1BD,-3.9778783,-0.4915378,6.953295615048498e-05,0.005805512169860211,JAK1,Co-culture
CXCL8,-3.9843159,-0.3828724,6.767478292767827e-05,0.005670333755410273,JAK1,Co-culture
SLC35F6,-4.0105476,-0.7886591,6.0578074614588415e-05,0.005148484965093622,JAK1,Co-culture
RAB20,-4.016489,-0.84981585,5.907163432159448e-05,0.005038512924581469,JAK1,Co-culture
MED8,-4.017389,-0.5025857,5.884662161055713e-05,0.005037440764005526,JAK1,Co-culture
DRAM1,-4.025874,-0.8842786,5.676407441224448e-05,0.004876774392982395,JAK1,Co-culture
MKNK2,-4.0277977,-0.30971634,5.630178427925339e-05,0.004854646941198751,JAK1,Co-culture
MOV10,-4.0377564,-0.95791996,5.396479705039656e-05,0.0047387891419444295,JAK1,Co-culture
CIR1,-4.0919886,-0.47569808,4.276899967351631e-05,0.003841433788857647,JAK1,Co-culture
NAMPT,-4.095029,-0.16054286,4.221157564519739e-05,0.0038057828201479866,JAK1,Co-culture
TAGLN2,-4.100381,-0.0823043,4.1247101506804555e-05,0.003761735657420576,JAK1,Co-culture
TIMP1,-4.105283,-0.09285943,4.0382078423821216e-05,0.0036970650331492223,JAK1,Co-culture
DTX3L,-4.147151,-1.7609327,3.366380717685224e-05,0.0031426621881004736,JAK1,Co-culture
ADARB1,-4.1615777,-0.7070914,3.160565017575571e-05,0.002973941178442537,JAK1,Co-culture
IL15RA,-4.2218747,-1.3549633,2.4227862708627074e-05,0.0023544716415859228,JAK1,Co-culture
GCH1,-4.23686,-0.90055776,2.2666741472492627e-05,0.002230181634007241,JAK1,Co-culture
PTPN12,-4.2741833,-0.4335634,1.918393389979936e-05,0.001943971968513002,JAK1,Co-culture
NEAT1,-4.289572,-0.3007016,1.7901814831563232e-05,0.0018296889365777042,JAK1,Co-culture
TNFRSF14,-4.2930775,-1.3520272,1.7621357047385618e-05,0.0018088208584744925,JAK1,Co-culture
USP30-AS1,-4.30572,-2.5968893,1.6644342118804273e-05,0.0017310115803556444,JAK1,Co-culture
DYNLT1,-4.3087606,-0.23297057,1.6417200441441357e-05,0.001714910382676024,JAK1,Co-culture
IFIT3,-4.3193555,-1.2002503,1.56485465419493e-05,0.0016491481582342304,JAK1,Co-culture
SHISA5,-4.3358455,-0.49448392,1.452009661177427e-05,0.0015439485688717107,JAK1,Co-culture
TGIF1,-4.348783,-0.51608497,1.3689516864606483e-05,0.001462188395916887,JAK1,Co-culture
ERP44,-4.3759766,-0.47156048,1.2089013377743262e-05,0.001320989332779024,JAK1,Co-culture
SEPT6,-4.380506,-0.80284095,1.1840403833512214e-05,0.001299813220834452,JAK1,Co-culture
RBCK1,-4.3936143,-0.21407636,1.1148164713106799e-05,0.0012295129380334344,JAK1,Co-culture
CALCOCO2,-4.4030147,-0.49796188,1.0675694394407695e-05,0.0011829068480382957,JAK1,Co-culture
CD55,-4.421661,-0.48314276,9.794516344651497e-06,0.001095507413039511,JAK1,Co-culture
TNIP1,-4.466957,-0.40855944,7.933994998767274e-06,0.0009044754298594693,JAK1,Co-culture
SAMHD1,-4.4853244,-1.1469325,7.28031661922968e-06,0.0008339655443245128,JAK1,Co-culture
SMOX,-4.4972067,-0.5192398,6.885202628490673e-06,0.0008003035525822101,JAK1,Co-culture
ITM2B,-4.526122,-0.22688937,6.0075874312693765e-06,0.0007122595658512973,JAK1,Co-culture
CSF1,-4.538982,-0.78215665,5.6526459977509106e-06,0.000678891832028673,JAK1,Co-culture
BCL3,-4.555379,-0.7522086,5.2291272527331526e-06,0.0006326176806980027,JAK1,Co-culture
SLC22A4,-4.5873966,-0.9749726,4.4880756577585345e-06,0.000551405440397774,JAK1,Co-culture
TBX2,-4.5920196,-1.1663976,4.389776667962343e-06,0.0005449758342969794,JAK1,Co-culture
LINC00944,-4.6268296,-0.9534906,3.713060029634405e-06,0.00046584169006714816,JAK1,Co-culture
VEGFA,-4.6493382,-0.5064611,3.3300188211721593e-06,0.0004245236897184637,JAK1,Co-culture
CHST11,-4.6674414,-1.0373559,3.0497388486709828e-06,0.0003930185194548171,JAK1,Co-culture
RUNX3,-4.6903687,-0.9105298,2.727130653629317e-06,0.0003533646014145266,JAK1,Co-culture
NLRC5,-4.7545595,-1.9787908,1.9887942582115804e-06,0.00026686092437286916,JAK1,Co-culture
MDK,-4.7751446,-0.25106615,1.795780207350304e-06,0.00024613607096352834,JAK1,Co-culture
IL6,-4.7859106,-0.92392683,1.7021392940513158e-06,0.0002346577147706093,JAK1,Co-culture
IRF3,-4.7891526,-0.53176767,1.6748709395128532e-06,0.00023224877027911564,JAK1,Co-culture
IFI44L,-4.799639,-1.9841535,1.5895183978352616e-06,0.00022302165828088594,JAK1,Co-culture
STAT3,-4.8005853,-0.7094958,1.582025555309685e-06,0.00022302165828088594,JAK1,Co-culture
GUK1,-4.816548,-0.09556398,1.460632500614381e-06,0.00020739232248244432,JAK1,Co-culture
TRIM38,-4.8272357,-0.9340959,1.3844113447379117e-06,0.00019775398678569496,JAK1,Co-culture
CXCL1,-4.82978,-0.82923126,1.3668405110461219e-06,0.00019642740726015542,JAK1,Co-culture
MIDN,-4.8674445,-0.7311038,1.1305066391079828e-06,0.00016547267547239807,JAK1,Co-culture
CXCL2,-4.871105,-1.2252522,1.1097568107453e-06,0.00016344443165461215,JAK1,Co-culture
RSPO3,-4.872889,-1.3658909,1.0997789514064011e-06,0.00016298724059842865,JAK1,Co-culture
OAF,-4.928207,-0.6451559,8.298770682406501e-07,0.00012614131437257883,JAK1,Co-culture
PSMA4,-4.944278,-0.16726243,7.64266197127009e-07,0.00011691793591145572,JAK1,Co-culture
CEBPB,-5.008034,-0.16956098,5.498871018827053e-07,8.522171869178241e-05,JAK1,Co-culture
C3,-5.0394006,-1.2608507,4.6699177165077234e-07,7.431750932471888e-05,JAK1,Co-culture
TRIB3,-5.089382,-0.5226276,3.5923211376238546e-07,5.755481001036273e-05,JAK1,Co-culture
PSMB10,-5.2022047,-1.4986727,1.9693808894050906e-07,3.26559158388626e-05,JAK1,Co-culture
TYMP,-5.220711,-0.8584753,1.782373191934495e-07,2.9763121920528692e-05,JAK1,Co-culture
IRF2,-5.229677,-1.1455609,1.6980605911726605e-07,2.855632109069938e-05,JAK1,Co-culture
TSPAN18,-5.2332764,-0.93606293,1.6653148292363723e-07,2.82056751648949e-05,JAK1,Co-culture
CARHSP1,-5.2370925,-0.43902716,1.6312601666101745e-07,2.7827655446518315e-05,JAK1,Co-culture
PML,-5.2378993,-0.8184239,1.6241483285350024e-07,2.7827655446518315e-05,JAK1,Co-culture
ADAR,-5.240164,-0.5840712,1.604340366984993e-07,2.776796991383077e-05,JAK1,Co-culture
RAB31,-5.265356,-0.77429855,1.399177627953671e-07,2.4575777714101812e-05,JAK1,Co-culture
APOBEC3G,-5.280031,-1.0102535,1.291619559908891e-07,2.2855882839223598e-05,JAK1,Co-culture
PSMB8-AS1,-5.294008,-2.1710691,1.1966426156306105e-07,2.1496052804418968e-05,JAK1,Co-culture
DESI1,-5.3108854,-0.6908641,1.0909383961574676e-07,2.003297459254512e-05,JAK1,Co-culture
PMAIP1,-5.398283,-0.54996186,6.728163236508583e-08,1.2463922395632152e-05,JAK1,Co-culture
PAPPA,-5.4091883,-0.7364665,6.331098766374997e-08,1.1820709759707396e-05,JAK1,Co-culture
LGALS3,-5.4232116,-0.24598108,5.8537573490630385e-08,1.1016213830236728e-05,JAK1,Co-culture
LGALS3BP,-5.484936,-0.16516003,4.1361884121050504e-08,7.909459647406046e-06,JAK1,Co-culture
CARD16,-5.4860377,-0.79646903,4.1104963837757455e-08,7.909459647406046e-06,JAK1,Co-culture
HSBP1L1,-5.5202737,-0.55627465,3.384720965672449e-08,6.6329341766962915e-06,JAK1,Co-culture
AGTRAP,-5.5314426,-0.46261394,3.176076299091606e-08,6.275926767005013e-06,JAK1,Co-culture
NMI,-5.563259,-0.8569299,2.6478261284429297e-08,5.276071693919223e-06,JAK1,Co-culture
PARP9,-5.5899405,-1.3441997,2.2714750278118055e-08,4.564509818599452e-06,JAK1,Co-culture
STOM,-5.6195383,-0.76811194,1.9146837158237574e-08,3.880425664069482e-06,JAK1,Co-culture
IFI6,-5.644327,-1.0461171,1.6582826622688034e-08,3.3897584903205055e-06,JAK1,Co-culture
TFPI2,-5.74308,-0.17967756,9.296969381984609e-09,1.9337696314527985e-06,JAK1,Co-culture
FPR1,-5.777239,-0.91671056,7.593650140409226e-09,1.6207029495877117e-06,JAK1,Co-culture
SOCS3,-5.7989097,-1.3951479,6.674744110876891e-09,1.4388321123373894e-06,JAK1,Co-culture
TRIM69,-5.8072553,-1.8550271,6.350519413077199e-09,1.3815001497512528e-06,JAK1,Co-culture
MVP,-5.9020214,-0.8635673,3.5907427097269537e-09,7.957354311499581e-07,JAK1,Co-culture
CCDC71L,-5.922157,-1.0101374,3.1774642800303447e-09,7.107927642271655e-07,JAK1,Co-culture
GFPT2,-5.945084,-0.8573777,2.7631457563704866e-09,6.299972324524709e-07,JAK1,Co-culture
SERPINB1,-6.008236,-0.9594584,1.8755289133567493e-09,4.317722484807305e-07,JAK1,Co-culture
OPTN,-6.0601096,-0.9382488,1.360287094052181e-09,3.19357698754112e-07,JAK1,Co-culture
PLSCR1,-6.060699,-0.8079411,1.355310713670559e-09,3.19357698754112e-07,JAK1,Co-culture
XAF1,-6.1171494,-2.076788,9.52640980736622e-10,2.3050023403292635e-07,JAK1,Co-culture
NUCB1,-6.1393476,-0.6262615,8.286099830716839e-10,2.0440427369025304e-07,JAK1,Co-culture
CASP4,-6.141349,-0.59553546,8.182365584397884e-10,2.042318449865712e-07,JAK1,Co-culture
CD47,-6.1590176,-0.5534298,7.319757595920014e-10,1.8464477884516528e-07,JAK1,Co-culture
GSTK1,-6.19344,-0.57045037,5.886512488974603e-10,1.5008707971888796e-07,JAK1,Co-culture
DNPEP,-6.2818303,-0.4116068,3.3460989709510006e-10,8.624206391216318e-08,JAK1,Co-culture
BAK1,-6.3821654,-0.948515,1.7460123882582075e-10,4.6001606389309575e-08,JAK1,Co-culture
EPHB2,-6.4438434,-1.3001257,1.1648542230444743e-10,3.1748302686012154e-08,JAK1,Co-culture
DDIT4,-6.5293016,-0.7282139,6.607701175226385e-11,1.865259646035334e-08,JAK1,Co-culture
RAB27A,-6.596021,-0.8171291,4.223387334504559e-11,1.2065657888647241e-08,JAK1,Co-culture
GSDMD,-6.638758,-0.54566246,3.1633691532397104e-11,9.147537727026831e-09,JAK1,Co-culture
OASL,-6.702282,-2.031038,2.0518959591425263e-11,6.006735430023158e-09,JAK1,Co-culture
CNDP2,-6.803501,-0.8015017,1.0210661307905691e-11,3.0264400116632468e-09,JAK1,Co-culture
SERPINB6,-6.881312,-0.52427775,5.9303764771081175e-12,1.780013759812502e-09,JAK1,Co-culture
ISG20,-6.9200006,-1.7054366,4.516425525062652e-12,1.3729933596190464e-09,JAK1,Co-culture
IL1B,-6.9233513,-0.8557566,4.41082897023043e-12,1.358306188858493e-09,JAK1,Co-culture
IGFBP4,-6.964894,-0.3855599,3.286520278473162e-12,1.0253943268836266e-09,JAK1,Co-culture
PLAUR,-7.0007277,-0.47645763,2.5463668975917343e-12,8.15938538860746e-10,JAK1,Co-culture
IFI16,-7.0399275,-0.45380938,1.9233958318610105e-12,6.247611228094285e-10,JAK1,Co-culture
NNMT,-7.045559,-0.2593365,1.8471872963055686e-12,6.083403495833006e-10,JAK1,Co-culture
IDO1,-7.0934615,-2.6027153,1.307983918921735e-12,4.3682978430242505e-10,JAK1,Co-culture
APOL2,-7.127263,-1.0495723,1.0238415274134453e-12,3.468190042575374e-10,JAK1,Co-culture
SAMD9L,-7.1701865,-1.5402621,7.489569988927134e-13,2.5738070083686985e-10,JAK1,Co-culture
MSRB1,-7.1860247,-0.97071564,6.670496619198717e-13,2.3260414093299996e-10,JAK1,Co-culture
CLEC2B,-7.2519994,-0.7566468,4.1066332619538215e-13,1.4533804165290897e-10,JAK1,Co-culture
ETV7,-7.30361,-2.766317,2.801482339545021e-13,1.0064962005347204e-10,JAK1,Co-culture
SOD2,-7.326258,-0.9802496,2.366679502536402e-13,8.633646825252794e-11,JAK1,Co-culture
CFH,-7.3924346,-1.2029357,1.4416455910486176e-13,5.341296914835128e-11,JAK1,Co-culture
GBP3,-7.4076676,-1.5078372,1.2853982165700234e-13,4.837994049414031e-11,JAK1,Co-culture
HLA-DQB1,-7.724542,-2.5888884,1.1225601611400545e-14,4.436357756825495e-12,JAK1,Co-culture
SQOR,-7.7875075,-0.8983336,6.8343931790926345e-15,2.746731034960077e-12,JAK1,Co-culture
RNF213,-7.8620453,-0.92872185,3.779112781837898e-15,1.5450055566024179e-12,JAK1,Co-culture
IL11,-8.066407,-0.74844486,7.239695287373035e-16,3.0654938331105246e-13,JAK1,Co-culture
IFI27,-8.230918,-3.2593784,1.8578446523356199e-16,8.009674981124039e-14,JAK1,Co-culture
SECTM1,-8.268396,-1.728869,1.3577321106570878e-16,5.961952557018679e-14,JAK1,Co-culture
CASP1,-8.320984,-1.1286823,8.72363722277106e-17,3.902922374082026e-14,JAK1,Co-culture
HLA-DMB,-8.419488,-2.9664218,3.78132864639103e-17,1.7242858627543098e-14,JAK1,Co-culture
SERPINE1,-8.508189,-0.84944534,1.7667142408960693e-17,8.214181976495607e-15,JAK1,Co-culture
EPSTI1,-8.526215,-2.2077575,1.512149948863587e-17,7.171219917490675e-15,JAK1,Co-culture
TAP2,-8.742707,-1.0193977,2.2758998399727125e-18,1.1013497348047543e-15,JAK1,Co-culture
BASP1,-8.836139,-0.87830985,9.9083341089898e-19,4.894717049840961e-16,JAK1,Co-culture
ISG15,-9.257257,-0.7264862,2.097496691921615e-20,1.1052409235298964e-17,JAK1,Co-culture
ERAP2,-9.6101675,-1.2395836,7.243077518993517e-22,3.994136142566844e-19,JAK1,Co-culture
NUB1,-9.632087,-0.8173448,5.852841286536158e-22,3.3043469663415567e-19,JAK1,Co-culture
TMEM158,-9.977877,-0.29786366,1.904991460306862e-23,1.1017355489462515e-20,JAK1,Co-culture
APOL6,-10.689467,-1.5986826,1.1402344139770161e-26,6.759309606055751e-24,JAK1,Co-culture
APOL1,-10.919023,-1.7668766,9.349694776714417e-28,5.684614424242366e-25,JAK1,Co-culture
VAMP5,-11.147181,-0.88628495,7.391137263564248e-29,4.612069652464091e-26,JAK1,Co-culture
TAPBP,-11.301019,-0.9055956,1.2970525715761155e-29,8.312354210057527e-27,JAK1,Co-culture
ICAM1,-11.365163,-0.96552825,6.234829136409743e-30,4.1066741245152175e-27,JAK1,Co-culture
PARP14,-11.528401,-1.5906242,9.488981925998022e-31,6.4286496979790025e-28,JAK1,Co-culture
PSME1,-11.577482,-0.73153836,5.359694084669426e-31,3.7379137098729833e-28,JAK1,Co-culture
LAP3,-12.4083805,-0.870911,2.3536609817463737e-35,1.691212399974849e-32,JAK1,Co-culture
HLA-F,-12.425599,-2.4703588,1.8979904579476952e-35,1.4064109293392421e-32,JAK1,Co-culture
CTSS,-12.808759,-2.1823847,1.4645874501711153e-37,1.1202676651115317e-34,JAK1,Co-culture
BTN3A2,-12.862711,-2.0607758,7.297150111616424e-38,5.767667448221622e-35,JAK1,Co-culture
IFI35,-12.884305,-1.3070412,5.517047371814622e-38,4.5110423200161486e-35,JAK1,Co-culture
IFITM3,-13.016626,-0.8010517,9.842390357320034e-39,8.335098576884737e-36,JAK1,Co-culture
HLA-C,-13.096454,-0.2924353,3.4500321929428816e-39,3.029894939224504e-36,JAK1,Co-culture
HLA-A,-13.68109,-0.3099301,1.3170292511252627e-42,1.2011306770262397e-39,JAK1,Co-culture
B2M,-14.170759,-0.24467747,1.3899037691754155e-45,1.3182959269874982e-42,JAK1,Co-culture
JAK1,-14.262252,-2.6259253,3.76119483122706e-46,3.7160604932523355e-43,JAK1,Co-culture
GBP4,-14.298086,-2.544321,2.2491144536774145e-46,2.3187392141564718e-43,JAK1,Co-culture
PSME2,-14.3899975,-0.44421357,5.979810702114961e-47,6.445148698570453e-44,JAK1,Co-culture
BST2,-14.509831,-1.5729868,1.0497772353632043e-47,1.185348466901538e-44,JAK1,Co-culture
C1R,-14.669921,-2.3722677,1.0046183772498887e-48,1.191075548067468e-45,JAK1,Co-culture
HLA-DMA,-15.495482,-2.796446,3.7215664683512877e-54,4.6445149525024075e-51,JAK1,Co-culture
RARRES3,-15.517464,-1.8042959,2.642926741832138e-54,3.481615494573536e-51,JAK1,Co-culture
GBP2,-16.289072,-2.7124238,1.1800528763921732e-59,1.6459655179418358e-56,JAK1,Co-culture
HLA-DPB1,-16.793587,-2.2512584,2.719051730525001e-63,4.0296346646380517e-60,JAK1,Co-culture
C1S,-17.010328,-2.1278787,6.885168486663987e-65,1.088407434371843e-61,JAK1,Co-culture
HLA-E,-17.874825,-1.474443,1.8525424733590213e-71,3.1376776520206506e-68,JAK1,Co-culture
IRF1,-18.145954,-1.6075293,1.3821569322436554e-73,2.5210542444124276e-70,JAK1,Co-culture
PSMB9,-18.553608,-1.2746552,7.625832336916992e-77,1.5068644697747974e-73,JAK1,Co-culture
PSMB8,-18.713713,-0.9385328,3.8276237114915432e-78,8.250964858807952e-75,JAK1,Co-culture
UBE2L6,-19.198385,-1.1094581,3.817747409558964e-82,9.052642657546215e-79,JAK1,Co-culture
GBP1,-20.183323,-1.8228794,1.3720594695684525e-90,3.6149193491563496e-87,JAK1,Co-culture
TAP1,-21.063566,-2.05324,1.717484499757877e-98,5.090624057282348e-95,JAK1,Co-culture
HLA-DPA1,-21.582926,-3.098329,2.598940232872029e-103,8.803724400265935e-100,JAK1,Co-culture
STAT1,-21.876484,-1.5187193,4.351204086615445e-106,1.7195958550304239e-102,JAK1,Co-culture
WARS,-22.609064,-1.5297567,3.529465857266421e-113,1.6738138881500275e-109,JAK1,Co-culture
HLA-B,-22.767012,-0.8869314,9.736076184106343e-115,5.7715459619382404e-111,JAK1,Co-culture
HLA-DRB1,-23.550783,-2.8237722,1.232382341334766e-122,9.740750025909991e-119,JAK1,Co-culture
HLA-DRA,-24.25592,-2.7862039,5.726352134790541e-130,6.789163091007666e-126,JAK1,Co-culture
CD74,-26.115036,-2.184252,2.460754764331426e-150,5.834941697182678e-146,JAK1,Co-culture
ID3,8.104084,0.38137776,5.314449708960923e-16,2.8640052613382134e-13,IFNGR1,Co-culture
CAV1,8.035408,0.34111798,9.326800596884496e-16,4.807762951159243e-13,IFNGR1,Co-culture
SERPINE2,7.590021,0.42193428,3.198538013329293e-14,1.4585333340781577e-11,IFNGR1,Co-culture
SPP1,5.754724,0.58520895,8.67834022554473e-09,2.6724779665989172e-06,IFNGR1,Co-culture
AKR1C2,4.9498076,0.46542394,7.428684273909659e-07,0.00019067027845998748,IFNGR1,Co-culture
AKAP12,4.898908,0.6031556,9.63705944284423e-07,0.00023600084248295302,IFNGR1,Co-culture
AKR1B1,4.8985586,0.12540779,9.654217999682204e-07,0.00023600084248295302,IFNGR1,Co-culture
NT5DC2,4.8899765,0.3689182,1.008480379956655e-06,0.00024154633100537576,IFNGR1,Co-culture
TYMS,4.858689,0.26312944,1.1816574328744641e-06,0.00027393692827553626,IFNGR1,Co-culture
COTL1,4.843744,0.13839564,1.274150680090758e-06,0.0002850251030784156,IFNGR1,Co-culture
TRIM16,4.833536,0.39255774,1.3412889285539744e-06,0.0002972396548959985,IFNGR1,Co-culture
MGST3,4.8310194,0.28888056,1.3583592274977007e-06,0.000298235314837273,IFNGR1,Co-culture
TPM1,4.8091526,0.2165825,1.5157138125961565e-06,0.0003267327811298187,IFNGR1,Co-culture
MAD2L1,4.730933,0.43094185,2.2348987887372696e-06,0.00046485894805735204,IFNGR1,Co-culture
EI24,4.7218966,0.2785573,2.3365543986330358e-06,0.00048177719913379606,IFNGR1,Co-culture
AIP,4.6701756,0.4617016,3.0094219508372893e-06,0.0006047407906631678,IFNGR1,Co-culture
MGAT4B,4.6343436,0.3126914,3.5807218261565597e-06,0.0007075506328485362,IFNGR1,Co-culture
COLEC12,4.615518,1.1391338,3.921154584932963e-06,0.0007559220936417106,IFNGR1,Co-culture
AHSA1,4.6115155,0.26996392,3.997436877392559e-06,0.0007644130906188094,IFNGR1,Co-culture
MT-ND4L,4.5768194,0.2508944,4.720986827889859e-06,0.0008884447592295582,IFNGR1,Co-culture
EFEMP1,4.5518417,0.4204491,5.317835565353866e-06,0.0009851290384818036,IFNGR1,Co-culture
HMOX1,4.5414243,0.7562921,5.587551437921422e-06,0.0010191693822768674,IFNGR1,Co-culture
CENPW,4.495069,0.33610964,6.9547306906918775e-06,0.0012493225313461047,IFNGR1,Co-culture
PRSS23,4.4815755,0.93011767,7.409407060984856e-06,0.0013111332852990514,IFNGR1,Co-culture
RHOBTB3,4.456685,0.31823888,8.323678264490249e-06,0.001451257786820535,IFNGR1,Co-culture
YARS2,4.445341,0.4244469,8.775257081928989e-06,0.0015188240578591255,IFNGR1,Co-culture
PTGR1,4.4400096,0.117793486,8.995476893041895e-06,0.0015456575948391985,IFNGR1,Co-culture
LSM2,4.35174,0.23282276,1.3506139926519731e-05,0.002149379798239167,IFNGR1,Co-culture
CAPN2,4.329926,0.24884923,1.4915950429094356e-05,0.002342298123011161,IFNGR1,Co-culture
SPARC,4.2952824,0.33164728,1.7447126410479914e-05,0.0027217517200348665,IFNGR1,Co-culture
PLIN2,4.2794986,0.22514693,1.8731491297516312e-05,0.0028841631275760182,IFNGR1,Co-culture
HACD3,4.239646,0.35642228,2.238726035844724e-05,0.003424817533029038,IFNGR1,Co-culture
FHL2,4.235713,0.28775576,2.2782748973395436e-05,0.0034629778439561063,IFNGR1,Co-culture
OGFRL1,4.2289314,0.5753933,2.3480412467527668e-05,0.003546290066433223,IFNGR1,Co-culture
CCNB2,4.20051,0.48303565,2.6631434167121166e-05,0.003946778543567357,IFNGR1,Co-culture
VKORC1,4.1975384,0.27763963,2.6983168630649486e-05,0.0039498411345871105,IFNGR1,Co-culture
TXNRD1,4.197521,0.14642628,2.6985250666460523e-05,0.0039498411345871105,IFNGR1,Co-culture
DKK1,4.167719,1.0450475,3.076627334184002e-05,0.004475643395593316,IFNGR1,Co-culture
NOP56,4.1464643,0.2158409,3.376486243834814e-05,0.004881904988647019,IFNGR1,Co-culture
TFDP1,4.118218,0.360441,3.818133305512282e-05,0.005421292032353727,IFNGR1,Co-culture
COPS2,4.107713,0.34137404,3.9959609466791076e-05,0.005606640589802071,IFNGR1,Co-culture
TFB1M,4.1060524,0.626914,4.024779662602481e-05,0.005613857374095884,IFNGR1,Co-culture
EBPL,4.093363,0.46462592,4.251619539472112e-05,0.005895579094734662,IFNGR1,Co-culture
DPY30,4.031434,0.36297303,5.5437586727995925e-05,0.007468954866444542,IFNGR1,Co-culture
SLBP,4.028707,0.29156595,5.608442809585951e-05,0.0075134121977910775,IFNGR1,Co-culture
PKIB,4.0247917,0.3237576,5.7025740103672036e-05,0.007596597468192536,IFNGR1,Co-culture
HCFC1R1,3.9861104,0.37368366,6.716527398424625e-05,0.008897335065443837,IFNGR1,Co-culture
CDK5RAP2,3.9806218,0.41984636,6.873519924551945e-05,0.009054716913943097,IFNGR1,Co-culture
BCL7C,3.9405947,0.46587184,8.127989216019473e-05,0.010531742092363593,IFNGR1,Co-culture
PEG10,3.9249332,0.5098144,8.675379339285635e-05,0.011119491615845458,IFNGR1,Co-culture
YWHAH,3.9218218,0.2656054,8.78819249831387e-05,0.011203527984947231,IFNGR1,Co-culture
ZNF428,3.871412,0.31028652,0.00010820673035414991,0.013504199948197909,IFNGR1,Co-culture
RBBP8,3.8511887,0.52791035,0.00011754594505693886,0.01451692421453195,IFNGR1,Co-culture
MTCH2,3.8199184,0.18112728,0.00013349588210711516,0.01631677503362843,IFNGR1,Co-culture
MRPL3,3.8111613,0.21797271,0.0001383155107389979,0.016819166105862145,IFNGR1,Co-culture
RRAS2,3.785904,0.35574484,0.00015315090999008321,0.018434083135456105,IFNGR1,Co-culture
EMC3,3.7658203,0.2575455,0.00016600320482204416,0.019880141377476318,IFNGR1,Co-culture
FECH,3.7489352,1.0319045,0.000177586859978988,0.02088403838685365,IFNGR1,Co-culture
CENPU,3.7392693,0.3887898,0.00018455589533380944,0.021423063066451406,IFNGR1,Co-culture
ZNF330,3.7382207,0.48006725,0.00018532729974267927,0.021423063066451406,IFNGR1,Co-culture
RPS10,3.716127,0.10229375,0.00020229999644365805,0.022951854141971387,IFNGR1,Co-culture
SLC3A2,3.7064085,0.1451077,0.00021021914676398013,0.023736744800321414,IFNGR1,Co-culture
NUDT1,3.7045207,0.23437035,0.00021179078486548627,0.023800867728580144,IFNGR1,Co-culture
NOC4L,3.674142,0.4121202,0.00023865007303197744,0.026198474683954857,IFNGR1,Co-culture
TIPIN,3.6589875,0.49270263,0.00025321372844347743,0.027669142529270677,IFNGR1,Co-culture
YWHAQ,3.6433785,0.12359633,0.00026908264738417515,0.029134647190746852,IFNGR1,Co-culture
LSM3,3.6345866,0.14654607,0.00027842681140353276,0.029873559058826105,IFNGR1,Co-culture
RFLNB,3.6271229,0.57448345,0.00028659689087866345,0.03038796504294563,IFNGR1,Co-culture
LSM14A,3.6264412,0.39203906,0.000287354193102596,0.03038796504294563,IFNGR1,Co-culture
C1orf35,3.6255498,0.3986885,0.0002883473403619588,0.03038796504294563,IFNGR1,Co-culture
RBBP7,3.6193097,0.30531433,0.00029538993130548175,0.0307205528557701,IFNGR1,Co-culture
DEF8,3.609434,0.35432822,0.00030686586551210206,0.03163653653488245,IFNGR1,Co-culture
PYGL,3.6005197,0.3387036,0.00031758189782106884,0.032319750906151,IFNGR1,Co-culture
DIMT1,3.5979326,0.48973924,0.00032075662137592397,0.032503337632760296,IFNGR1,Co-culture
HIST1H4C,3.5833025,0.16688165,0.0003392771904856141,0.0342337903863612,IFNGR1,Co-culture
GLRX5,3.5712595,0.21007341,0.00035526876757079344,0.03567557736855241,IFNGR1,Co-culture
ARL4C,3.5702982,0.4347987,0.0003565752292656428,0.03567557736855241,IFNGR1,Co-culture
PHF19,3.5634112,0.30793452,0.0003660664499641391,0.036471292695586834,IFNGR1,Co-culture
FEN1,3.5443764,0.36351928,0.0003935428980275616,0.03872070206651261,IFNGR1,Co-culture
NAP1L1,3.5410204,0.095163845,0.0003985826857351922,0.039054515058482966,IFNGR1,Co-culture
LIMCH1,3.5381014,0.59205437,0.0004030152196693103,0.039235213046354585,IFNGR1,Co-culture
ODC1,3.5218108,0.2032508,0.00042860987966031653,0.04148243863879766,IFNGR1,Co-culture
ATP6V0E2,3.5042093,0.7642586,0.00045796528748568067,0.04396466759862535,IFNGR1,Co-culture
GINS2,3.4995599,0.36008942,0.00046602701651755803,0.04455819603090458,IFNGR1,Co-culture
LIMS1,3.4838285,0.3278341,0.0004942960030093175,0.04688298729342774,IFNGR1,Co-culture
RAB13,-3.4740577,-0.13001491,0.0005126507883053431,0.04843018124420835,IFNGR1,Co-culture
SHISA5,-3.4898415,-0.3933152,0.0004833072894826445,0.04602482910928701,IFNGR1,Co-culture
DUSP6,-3.520255,-0.3774134,0.00043113179871286295,0.041556899232030105,IFNGR1,Co-culture
PELO,-3.5376296,-0.46364766,0.00040373616663758933,0.039235213046354585,IFNGR1,Co-culture
CD55,-3.5525393,-0.4213779,0.00038153212217053293,0.03769537367044865,IFNGR1,Co-culture
DESI1,-3.5562797,-0.48095307,0.00037614350573858063,0.03731847200030638,IFNGR1,Co-culture
DPH3,-3.6020577,-0.37544563,0.00031570819375004736,0.03226755469914277,IFNGR1,Co-culture
CHST11,-3.6066024,-0.8525021,0.00031023252886298804,0.031845167638091657,IFNGR1,Co-culture
CASP8,-3.611986,-0.5458361,0.0003038610504505698,0.03146355121521359,IFNGR1,Co-culture
PTPRN2,-3.621582,-0.49199307,0.0002928069551949429,0.030586072782301698,IFNGR1,Co-culture
PSENEN,-3.6243787,-0.722683,0.00028965695091469167,0.0303909098234034,IFNGR1,Co-culture
TOP1,-3.6325414,-0.09326197,0.0002806434718470273,0.02997575677674194,IFNGR1,Co-culture
CTSD,-3.6398127,-0.13540621,0.00027283632588074837,0.029406795269474113,IFNGR1,Co-culture
ATG101,-3.651017,-0.2932265,0.000261203996294572,0.02841132642264629,IFNGR1,Co-culture
SLC35F6,-3.6808538,-0.7873867,0.0002324541597696998,0.025636990867251727,IFNGR1,Co-culture
SLC16A4,-3.6853986,-0.6619902,0.00022834506638666087,0.025301486982058422,IFNGR1,Co-culture
APOL3,-3.6903276,-2.2492142,0.00022396540185307134,0.024932711778122195,IFNGR1,Co-culture
COL6A2,-3.6926525,-0.22688918,0.00022192729355067226,0.02482235841827142,IFNGR1,Co-culture
PARP12,-3.7201822,-0.7849205,0.0001990791987872079,0.022695028661741702,IFNGR1,Co-culture
TGM2,-3.731893,-0.9410956,0.00019004612666135423,0.02176992152364266,IFNGR1,Co-culture
CCND3,-3.7371545,-0.34650046,0.00018611466732831435,0.021423063066451406,IFNGR1,Co-culture
MKNK2,-3.7376614,-0.2632382,0.00018573995373982733,0.021423063066451406,IFNGR1,Co-culture
CCDC71L,-3.7484808,-0.6396774,0.0001779088965141885,0.02088403838685365,IFNGR1,Co-culture
MVP,-3.760192,-0.5417868,0.00016978304167433245,0.020129477420908856,IFNGR1,Co-culture
PLAUR,-3.7619224,-0.24001564,0.0001686123844105441,0.02009113999569257,IFNGR1,Co-culture
CSNK1D,-3.7988036,-0.30889487,0.00014539633578544475,0.017589989357879927,IFNGR1,Co-culture
SAMHD1,-3.843655,-1.0689735,0.00012121536205860032,0.01489253194369705,IFNGR1,Co-culture
TYMP,-3.8586173,-0.65831554,0.00011403037317874462,0.014156482768661742,IFNGR1,Co-culture
NDUFAF3,-3.8919325,-0.37569588,9.944889865359666e-05,0.012476890396159174,IFNGR1,Co-culture
MCL1,-3.9040108,-0.3836168,9.461161119148388e-05,0.011933141088151413,IFNGR1,Co-culture
CST3,-3.9060032,-0.09034162,9.383523616803273e-05,0.011898508663189263,IFNGR1,Co-culture
CXCL8,-3.9295478,-0.39179686,8.510577717248574e-05,0.010967544501706422,IFNGR1,Co-culture
EIF5A2,-3.9472368,-0.61806744,7.90583934552959e-05,0.010300179261604267,IFNGR1,Co-culture
ERCC1,-3.9670231,-0.45267206,7.277593627822945e-05,0.00953404972944407,IFNGR1,Co-culture
USP30-AS1,-4.035402,-2.8943462,5.450896165455376e-05,0.007385808564301592,IFNGR1,Co-culture
GOSR2,-4.0397716,-0.46990064,5.350330600663343e-05,0.007291209149593632,IFNGR1,Co-culture
IL11,-4.083225,-0.2873098,4.441503327543376e-05,0.006087683635994713,IFNGR1,Co-culture
CBX4,-4.0867205,-0.53159505,4.375135388540493e-05,0.006031581996108847,IFNGR1,Co-culture
CXCL1,-4.1131315,-0.77663267,3.9032769942154766e-05,0.005509196671835559,IFNGR1,Co-culture
LY6E,-4.1283736,-0.08161506,3.653383981907519e-05,0.005218616926445246,IFNGR1,Co-culture
APOBEC3G,-4.1311874,-0.86432713,3.6089388457587264e-05,0.005186373206704904,IFNGR1,Co-culture
SERPINB6,-4.2191777,-0.24168658,2.451948318659903e-05,0.003656641417110919,IFNGR1,Co-culture
NAMPT,-4.226344,-0.19737653,2.3751849753519665e-05,0.003564581400983913,IFNGR1,Co-culture
SLC22A4,-4.2801976,-1.0209374,1.8672740503786785e-05,0.0028841631275760182,IFNGR1,Co-culture
MBOAT7,-4.3304853,-0.47100896,1.4878110287764463e-05,0.002342298123011161,IFNGR1,Co-culture
TSPO,-4.3610563,-0.30575752,1.2943601973350942e-05,0.0020737749323790373,IFNGR1,Co-culture
SAT1,-4.368153,-0.25325945,1.2530175846872476e-05,0.002021194079462858,IFNGR1,Co-culture
GFPT2,-4.38079,-0.64474857,1.182496030973497e-05,0.0019205031429070931,IFNGR1,Co-culture
TFPI,-4.3854575,-0.30136448,1.1574236355477954e-05,0.001892746844559264,IFNGR1,Co-culture
ETHE1,-4.386838,-0.61477965,1.1501030312570613e-05,0.001892746844559264,IFNGR1,Co-culture
CEBPB,-4.3909283,-0.145231,1.1286776682635734e-05,0.0018715527881025072,IFNGR1,Co-culture
S100A11,-4.396784,-0.085051775,1.0986667661009271e-05,0.0018346187575905058,IFNGR1,Co-culture
IFI44L,-4.4016953,-2.0943186,1.074082468022153e-05,0.0018062867717547019,IFNGR1,Co-culture
NLRC5,-4.407079,-2.1685624,1.0477395895360899e-05,0.0017745715105056974,IFNGR1,Co-culture
CALCOCO2,-4.4270577,-0.5234261,9.552716144484415e-06,0.0016295971598418305,IFNGR1,Co-culture
IL15RA,-4.460251,-1.7885563,8.186382588170752e-06,0.0014378926217089249,IFNGR1,Co-culture
ITM2B,-4.490385,-0.23370628,7.10946058182248e-06,0.0012675152580163508,IFNGR1,Co-culture
PSMB8-AS1,-4.537142,-1.9726167,5.702180730427939e-06,0.0010321382403046357,IFNGR1,Co-culture
OAF,-4.545829,-0.65976745,5.471949930452948e-06,0.001005820750006979,IFNGR1,Co-culture
DYNLT1,-4.565126,-0.21075076,4.9919483111680564e-06,0.0009320399870426532,IFNGR1,Co-culture
TNFRSF14,-4.595365,-1.8039855,4.319927896240922e-06,0.0008194730422053178,IFNGR1,Co-culture
PSMB10,-4.627177,-1.4878517,3.706838273850931e-06,0.0007204635176192892,IFNGR1,Co-culture
IRF3,-4.6300783,-0.5610782,3.655271767886403e-06,0.0007163124310753917,IFNGR1,Co-culture
PLSCR1,-4.6637435,-0.67493814,3.105085528153384e-06,0.0006187209079291852,IFNGR1,Co-culture
OASL,-4.706917,-1.3529608,2.5149128397417602e-06,0.0005096890021876635,IFNGR1,Co-culture
TRIM56,-4.710308,-0.51901364,2.4734280305987453e-06,0.0005056028057030815,IFNGR1,Co-culture
GUK1,-4.736562,-0.079375,2.17374623373709e-06,0.0004561404486227777,IFNGR1,Co-culture
EPHB2,-4.7819552,-0.9652137,1.7359845766817852e-06,0.0003675327346632008,IFNGR1,Co-culture
CYBA,-4.7862377,-0.18441035,1.6993694730775705e-06,0.0003630220625731113,IFNGR1,Co-culture
RAB27A,-4.827471,-0.64437425,1.3827788861655155e-06,0.00030081149494272206,IFNGR1,Co-culture
OPTN,-4.853253,-0.78622204,1.2145277346033646e-06,0.00027427506326585695,IFNGR1,Co-culture
TRIM69,-4.853585,-1.6420312,1.2124946036911268e-06,0.00027427506326585695,IFNGR1,Co-culture
CNDP2,-4.857308,-0.5847448,1.1899250848675877e-06,0.00027393692827553626,IFNGR1,Co-culture
MDK,-4.864894,-0.22758898,1.1451826365555985e-06,0.00026885713542580545,IFNGR1,Co-culture
OGFR,-4.8833866,-0.59157497,1.042790230435581e-06,0.000247266419440885,IFNGR1,Co-culture
TIMP1,-4.8907104,-0.111978225,1.0047260311199394e-06,0.00024154633100537576,IFNGR1,Co-culture
GYPC,-4.925896,-0.65256584,8.397457793314901e-07,0.00020960054652113995,IFNGR1,Co-culture
IFIT3,-4.9417324,-1.7543691,7.743147713857588e-07,0.00019532501977765013,IFNGR1,Co-culture
PML,-4.9485145,-0.91364634,7.478211832312262e-07,0.00019067027845998748,IFNGR1,Co-culture
PSMA4,-5.0661144,-0.12599187,4.060184072998868e-07,0.00010579679641642765,IFNGR1,Co-culture
IFI16,-5.0670056,-0.323881,4.041223315069957e-07,0.00010579679641642765,IFNGR1,Co-culture
GSDMD,-5.104254,-0.42231628,3.321023690890507e-07,8.848102669482664e-05,IFNGR1,Co-culture
IFI6,-5.115283,-0.99506027,3.132706826247521e-07,8.441220939088776e-05,IFNGR1,Co-culture
PMAIP1,-5.1383557,-0.62343824,2.771529557421604e-07,7.553851593744951e-05,IFNGR1,Co-culture
TFPI2,-5.233862,-0.15772694,1.6600448311834187e-07,4.5770910508164216e-05,IFNGR1,Co-culture
XAF1,-5.277245,-1.9283774,1.3114032245124134e-07,3.658352148192747e-05,IFNGR1,Co-culture
TRIB3,-5.2990766,-0.55448353,1.1638970230734529e-07,3.285515025133061e-05,IFNGR1,Co-culture
DDIT4,-5.3116965,-0.6207038,1.0860924085469911e-07,3.102822071260994e-05,IFNGR1,Co-culture
FPR1,-5.321765,-0.94614893,1.0276542142660624e-07,2.9716752108142524e-05,IFNGR1,Co-culture
IL1B,-5.4392247,-0.6727638,5.3512883883910297e-08,1.5665401267349148e-05,IFNGR1,Co-culture
CARD16,-5.469149,-0.89274174,4.522009426103671e-08,1.340323593897128e-05,IFNGR1,Co-culture
NUCB1,-5.5757723,-0.6144115,2.4643418860183036e-08,7.396768962185571e-06,IFNGR1,Co-culture
ISG20,-5.666262,-1.4644551,1.4594633727594155e-08,4.436768653188623e-06,IFNGR1,Co-culture
PARP9,-5.956993,-1.7824169,2.5692087703442703e-09,8.015931363474123e-07,IFNGR1,Co-culture
SERPINB1,-5.9697533,-1.0672115,2.3761297974467115e-09,7.512371967607523e-07,IFNGR1,Co-culture
RBCK1,-5.984191,-0.29273078,2.174682168430226e-09,6.96838696997534e-07,IFNGR1,Co-culture
IGFBP4,-6.0374846,-0.27943787,1.5653483008955006e-09,5.084594371347138e-07,IFNGR1,Co-culture
SQOR,-6.146363,-0.7148867,7.927988037583008e-10,2.6109507270440043e-07,IFNGR1,Co-culture
TSPAN18,-6.1669884,-1.3600507,6.960297277242152e-10,2.3245432258868435e-07,IFNGR1,Co-culture
DNPEP,-6.2378488,-0.46564713,4.436292492683339e-10,1.5027623940929618e-07,IFNGR1,Co-culture
LGALS3BP,-6.3017,-0.17703839,2.9439816644117567e-10,1.0117056989352402e-07,IFNGR1,Co-culture
CD47,-6.3989196,-0.55461144,1.5648037396020073e-10,5.456562687270999e-08,IFNGR1,Co-culture
ETV7,-6.5083566,-2.7186193,7.597738503993212e-11,2.688919035920702e-08,IFNGR1,Co-culture
SOD2,-6.6132665,-1.0140505,3.759303532944653e-11,1.3506152329270245e-08,IFNGR1,Co-culture
GSTK1,-6.625642,-0.5940536,3.45742348100771e-11,1.2612680858716126e-08,IFNGR1,Co-culture
CFH,-6.6604605,-1.1908685,2.7297099374140423e-11,1.0113575318119026e-08,IFNGR1,Co-culture
GBP3,-6.663694,-1.4913903,2.6702895199596865e-11,1.005046112655303e-08,IFNGR1,Co-culture
SAMD9L,-6.6721888,-1.5952877,2.520157193839509e-11,9.638381835535877e-09,IFNGR1,Co-culture
CLEC2B,-6.7362504,-0.6856768,1.625263254713992e-11,6.317744638652161e-09,IFNGR1,Co-culture
CASP1,-6.8082995,-1.0005261,9.875917043134827e-12,3.902962415446883e-09,IFNGR1,Co-culture
NMI,-6.8148365,-1.2503394,9.43709567235907e-12,3.7927527556437e-09,IFNGR1,Co-culture
SECTM1,-6.9913063,-1.5178238,2.723381415807217e-12,1.1133934505451851e-09,IFNGR1,Co-culture
IDO1,-7.056486,-3.6233404,1.7076543005019732e-12,7.103841890088208e-10,IFNGR1,Co-culture
MSRB1,-7.1408234,-1.1200689,9.277348749985305e-13,3.9282945278509206e-10,IFNGR1,Co-culture
ERAP2,-7.2333755,-0.97502226,4.71133770205931e-13,2.0311861743860062e-10,IFNGR1,Co-culture
ICAM1,-7.3673186,-0.5881528,1.7409401039845088e-13,7.64466143438531e-11,IFNGR1,Co-culture
APOL2,-7.4528966,-1.2501622,9.131275208874933e-14,4.085298070808347e-11,IFNGR1,Co-culture
IFI27,-7.627339,-3.6324759,2.3964882145146927e-14,1.1142260498543607e-11,IFNGR1,Co-culture
HLA-DQB1,-7.7453585,-3.4795606,9.531258423324838e-15,4.520103994677571e-12,IFNGR1,Co-culture
APOL1,-7.780492,-1.215697,7.22432619937825e-15,3.4959841395848382e-12,IFNGR1,Co-culture
EPSTI1,-7.877396,-2.3677876,3.3427367691044766e-15,1.6513119639376113e-12,IFNGR1,Co-culture
RNF213,-7.9225974,-1.0762886,2.3259981833587365e-15,1.1734908281660077e-12,IFNGR1,Co-culture
HLA-DMB,-8.079176,-3.6631005,6.520591762256629e-16,3.43591715259176e-13,IFNGR1,Co-culture
SERPINE1,-8.388453,-0.8523992,4.925827053270715e-17,2.7163072345850048e-14,IFNGR1,Co-culture
TAP2,-8.495914,-1.1266786,1.963803590713096e-17,1.1087073986425936e-14,IFNGR1,Co-culture
TMEM158,-8.593554,-0.25611785,8.432033993109992e-18,4.876594879137174e-15,IFNGR1,Co-culture
APOL6,-8.809246,-1.5308543,1.2598992421568492e-18,7.468682707505801e-16,IFNGR1,Co-culture
PSME1,-8.859202,-0.48349568,8.058926227045205e-19,4.899827146043485e-16,IFNGR1,Co-culture
NUB1,-8.981923,-0.71865356,2.660742886832192e-19,1.660303561383288e-16,IFNGR1,Co-culture
TAPBP,-9.035357,-0.7115556,1.6346772546441526e-19,1.0476072178951932e-16,IFNGR1,Co-culture
BTN3A2,-9.1271925,-1.4261199,7.029845436071212e-20,4.630324860558905e-17,IFNGR1,Co-culture
PARP14,-9.716906,-1.4041673,2.5542607787720516e-22,1.730475188178368e-19,IFNGR1,Co-culture
ISG15,-9.842931,-0.8481731,7.353708393131211e-23,5.128562747586096e-20,IFNGR1,Co-culture
IFNGR1,-10.294977,-1.8290862,7.423726372299018e-25,5.334284840604677e-22,IFNGR1,Co-culture
IFITM3,-10.523465,-0.65399086,6.735025576636086e-26,4.99065395228734e-23,IFNGR1,Co-culture
BST2,-10.806104,-1.1026548,3.220615475593542e-27,2.4634591663636798e-24,IFNGR1,Co-culture
HLA-F,-10.88857,-2.3456104,1.3067576287198367e-27,1.0328612297401588e-24,IFNGR1,Co-culture
VAMP5,-10.9837265,-0.90348065,4.576457060919264e-28,3.741963787190261e-25,IFNGR1,Co-culture
HLA-C,-12.22113,-0.3032788,2.3972706687601104e-34,2.0301457892014192e-31,IFNGR1,Co-culture
PSME2,-12.321775,-0.41005737,6.915447628082084e-35,6.073299783595644e-32,IFNGR1,Co-culture
CTSS,-12.338154,-2.4128916,5.643509979383581e-35,5.146881101197826e-32,IFNGR1,Co-culture
B2M,-12.445004,-0.23544897,1.4887678829301863e-35,1.412066561601623e-32,IFNGR1,Co-culture
IFI35,-12.507247,-1.4175888,6.81448790695855e-36,6.732714052075048e-33,IFNGR1,Co-culture
C1R,-12.539514,-2.1266675,4.537697322408425e-36,4.678168648215155e-33,IFNGR1,Co-culture
RARRES3,-12.543674,-1.5341337,4.305608479440632e-36,4.640663102931649e-33,IFNGR1,Co-culture
LAP3,-12.569333,-1.0685954,3.113374574317102e-36,3.5154446622003394e-33,IFNGR1,Co-culture
GBP4,-13.118774,-2.5498545,2.5705931894624623e-39,3.047695285426695e-36,IFNGR1,Co-culture
GBP2,-13.862671,-2.3465729,1.0663165189312096e-43,1.3307630156261496e-40,IFNGR1,Co-culture
HLA-A,-13.984046,-0.33078068,1.9507455149626062e-44,2.56978209171074e-41,IFNGR1,Co-culture
C1S,-14.140642,-1.8255613,2.1332863527436124e-45,2.975557999779796e-42,IFNGR1,Co-culture
HLA-DMA,-14.770854,-3.262891,2.258325493894426e-49,3.3468383819515393e-46,IFNGR1,Co-culture
PSMB8,-15.681712,-0.7046537,2.0174274849692118e-55,3.18914936823933e-52,IFNGR1,Co-culture
UBE2L6,-15.7907295,-0.740553,3.6038732534373567e-56,6.103931613250471e-53,IFNGR1,Co-culture
HLA-DPB1,-15.969174,-2.4628806,2.0954044347175232e-57,3.8220176889247624e-54,IFNGR1,Co-culture
IRF1,-16.300283,-1.4342244,9.823660399695281e-60,1.9411552949797875e-56,IFNGR1,Co-culture
PSMB9,-17.056501,-1.1282016,3.1272898606478067e-65,6.741299743243709e-62,IFNGR1,Co-culture
TAP1,-17.736845,-1.7558016,2.178293737898656e-70,5.165170111305292e-67,IFNGR1,Co-culture
HLA-E,-18.274645,-1.646095,1.3174692359425383e-74,3.4710922802966076e-71,IFNGR1,Co-culture
GBP1,-18.622498,-1.7866863,2.1113473762604084e-77,6.258033623235851e-74,IFNGR1,Co-culture
HLA-B,-19.576668,-0.72998685,2.444983482129265e-85,8.282206904035589e-82,IFNGR1,Co-culture
WARS,-20.028418,-1.3803387,3.1139465679499453e-89,1.2306316836538184e-85,IFNGR1,Co-culture
HLA-DPA1,-20.144445,-3.4032469,3.010671403001716e-90,1.4277808061595336e-86,IFNGR1,Co-culture
STAT1,-20.372986,-1.4353708,2.9042438640604928e-92,1.7216357626150603e-88,IFNGR1,Co-culture
HLA-DRB1,-22.394627,-2.9875126,4.440114155444945e-111,3.5094662284636844e-107,IFNGR1,Co-culture
HLA-DRA,-22.979673,-2.9722595,7.44453230532025e-117,8.826237501187688e-113,IFNGR1,Co-culture
CD74,-24.54121,-2.1562278,5.368236031680901e-133,1.2729161278321755e-128,IFNGR1,Co-culture
CTSD,-20.548054,-2.0778632,8.011038246783925e-94,1.8995773890774045e-89,CTSD,Co-culture
CD44,-6.613235,-0.51041627,3.7601103358604336e-11,8.915973628392261e-07,CD44,Co-culture
B2M,-10.243624,-0.22671373,1.2641070125670205e-24,2.997450548198919e-20,B2M,Co-culture
IDH2,-4.653483,-1.7416216,3.2637495103346216e-06,0.038695014194527276,IDH2,Co-culture
SPP1,-4.758617,-0.63317436,1.9492385813359146e-06,0.038695014194527276,IDH2,Co-culture
PSAP,-6.758596,-0.80079716,1.3933546673711046e-11,3.3039225872703635e-07,PSAP,Co-culture
TGFB1,-12.777747,-2.1593196,2.1830270094655607e-37,5.176393644844738e-33,TGFB1,Co-culture
LAMP2,-7.5008993,-1.5621698,6.338155328956261e-14,1.5029033916021087e-09,LAMP2,Co-culture
VDAC2,-15.118134,-1.8374791,1.2297931101268265e-51,2.916085422732731e-47,VDAC2,Co-culture
KYNU,5.1415715,1.1619722,2.724497563293767e-07,0.0064603286220821805,NPC1,Co-culture
SQLE,4.9931474,0.9864005,5.940316641389013e-07,0.0070428394100308135,NPC1,Co-culture
MSMO1,4.6309166,0.8669378,3.640503816638787e-06,0.021837686634701207,NPC1,Co-culture
GDF15,4.628467,0.78517723,3.683820282506951e-06,0.021837686634701207,NPC1,Co-culture
ANXA2,4.9856415,0.11121831,6.175662066898334e-07,0.01464372989302933,LY96,Co-culture
TPM3,4.8089504,0.1234872,1.517246962219425e-06,0.017988479984073505,LY96,Co-culture
S100A10,4.6330895,0.084322065,3.6024870158426265e-06,0.021095165945979665,LY96,Co-culture
LMNA,4.5567245,0.12639625,5.195754022234981e-06,0.021095165945979665,LY96,Co-culture
YWHAB,4.5177517,0.09483076,6.2499729750648575e-06,0.021095165945979665,LY96,Co-culture
RPL37A,4.4408135,0.0833105,8.961937875136495e-06,0.021095165945979665,LY96,Co-culture
NDUFB6,4.431767,0.20404065,9.346408568981303e-06,0.021095165945979665,LY96,Co-culture
HSPA9,4.402394,0.17349263,1.0706288518206942e-05,0.021095165945979665,LY96,Co-culture
PTGES3,4.382542,0.104867436,1.1730240669831015e-05,0.021095165945979665,LY96,Co-culture
PSMD2,4.377446,0.12891173,1.2007811217247202e-05,0.021095165945979665,LY96,Co-culture
PRRC2C,4.36676,0.083451316,1.2610339241567908e-05,0.021095165945979665,LY96,Co-culture
UBC,4.364093,0.098986305,1.276513041989308e-05,0.021095165945979665,LY96,Co-culture
PABPC4,4.326463,0.2425826,1.5152245382491634e-05,0.021095165945979665,LY96,Co-culture
SIVA1,4.3200636,0.12869194,1.5598433362420455e-05,0.021095165945979665,LY96,Co-culture
PFDN2,4.318681,0.09131575,1.5696463898064026e-05,0.021095165945979665,LY96,Co-culture
METTL5,4.318029,0.21612869,1.5742881732038957e-05,0.021095165945979665,LY96,Co-culture
TXN,4.3146114,0.07257947,1.5988372642566113e-05,0.021095165945979665,LY96,Co-culture
DDX5,4.3090215,0.10284487,1.639784064744689e-05,0.021095165945979665,LY96,Co-culture
PTP4A2,4.2944045,0.15733866,1.7516301859245275e-05,0.021095165945979665,LY96,Co-culture
CALU,4.290928,0.08881625,1.7792818780347222e-05,0.021095165945979665,LY96,Co-culture
ARPC3,4.271649,0.08543183,1.9403296740649926e-05,0.021127845267891923,LY96,Co-culture
RPSA,4.261298,0.08376204,2.0324278604972396e-05,0.021127845267891923,LY96,Co-culture
RPL41,4.2580194,0.08545831,2.0624619828672052e-05,0.021127845267891923,LY96,Co-culture
RPL24,4.211975,0.08111465,2.5314760556538726e-05,0.021127845267891923,LY96,Co-culture
HINT1,4.2051997,0.08754082,2.6085175197222166e-05,0.021127845267891923,LY96,Co-culture
SKP1,4.199491,0.09205202,2.675155919935492e-05,0.021127845267891923,LY96,Co-culture
RPL4,4.1976147,0.08144781,2.69741258568274e-05,0.021127845267891923,LY96,Co-culture
SF3B6,4.1942563,0.121140264,2.7376804522807152e-05,0.021127845267891923,LY96,Co-culture
RPS2,4.1939206,0.08239736,2.7417385274935e-05,0.021127845267891923,LY96,Co-culture
FTL,4.1937428,0.08981725,2.7438892351198912e-05,0.021127845267891923,LY96,Co-culture
ARPC2,4.189674,0.08376231,2.7935573438771744e-05,0.021127845267891923,LY96,Co-culture
EIF6,4.185032,0.07795458,2.851261169755995e-05,0.021127845267891923,LY96,Co-culture
ACTG1,4.167017,0.08192015,3.086113524490618e-05,0.021878021906285912,LY96,Co-culture
RPL21,4.163284,0.08510422,3.137030806400645e-05,0.021878021906285912,LY96,Co-culture
ATP5MF,4.1412196,0.09300092,3.454639153863144e-05,0.023404686747543677,LY96,Co-culture
RPS23,4.1316,0.083461545,3.602469925981624e-05,0.023728268579132298,LY96,Co-culture
ANXA5,4.0772,0.10765628,4.558125587941453e-05,0.027307927764405823,LY96,Co-culture
MRFAP1,4.0727954,0.13298574,4.645226410511291e-05,0.027307927764405823,LY96,Co-culture
SUB1,4.070227,0.053728204,4.6967284646857794e-05,0.027307927764405823,LY96,Co-culture
ATP5MPL,4.0670667,0.072914906,4.7608590064392376e-05,0.027307927764405823,LY96,Co-culture
HNRNPM,4.059225,0.15236768,4.92358761286708e-05,0.027307927764405823,LY96,Co-culture
GUK1,4.0564795,0.08775356,4.981799064310132e-05,0.027307927764405823,LY96,Co-culture
RPS14,4.055531,0.083177105,5.002051957634895e-05,0.027307927764405823,LY96,Co-culture
UQCRFS1,4.0433235,0.09273507,5.2698780625543274e-05,0.027307927764405823,LY96,Co-culture
NDUFA12,4.0336447,0.0720748,5.491832626122711e-05,0.027307927764405823,LY96,Co-culture
TMSB10,4.026435,0.08530162,5.6628910035032005e-05,0.027307927764405823,LY96,Co-culture
EIF1,4.02205,0.07934462,5.769387434074116e-05,0.027307927764405823,LY96,Co-culture
KTN1,4.0212398,0.12227732,5.789262064717067e-05,0.027307927764405823,LY96,Co-culture
VIM,4.0167956,0.0780271,5.899489572840854e-05,0.027307927764405823,LY96,Co-culture
HLA-C,4.0139112,0.09772234,5.972075073265605e-05,0.027307927764405823,LY96,Co-culture
PSMA7,4.002909,0.08601163,6.256835948722745e-05,0.027307927764405823,LY96,Co-culture
MT-ND1,3.9970424,0.082995415,6.413881472503001e-05,0.027307927764405823,LY96,Co-culture
EIF3G,3.993408,0.1271319,6.513039723469819e-05,0.027307927764405823,LY96,Co-culture
PPP1R14B,3.991156,0.064437956,6.57520080424105e-05,0.027307927764405823,LY96,Co-culture
GNB2,3.981635,0.09464484,6.84428132921146e-05,0.027307927764405823,LY96,Co-culture
MDH2,3.9786327,0.09547386,6.931275268536727e-05,0.027307927764405823,LY96,Co-culture
PFN1,3.9764597,0.07268759,6.994882773411522e-05,0.027307927764405823,LY96,Co-culture
RAB5IF,3.9731412,0.06466008,7.093095539680992e-05,0.027307927764405823,LY96,Co-culture
SLIRP,3.9726672,0.10236086,7.107231967271068e-05,0.027307927764405823,LY96,Co-culture
EEF1A1,3.9706523,0.08320923,7.16760965285956e-05,0.027307927764405823,LY96,Co-culture
CTSL,3.9678473,0.09295875,7.252473183692217e-05,0.027307927764405823,LY96,Co-culture
ENO1,3.9655561,0.06620789,7.322502707410208e-05,0.027307927764405823,LY96,Co-culture
S100A6,3.9649832,0.08804038,7.34010975406717e-05,0.027307927764405823,LY96,Co-culture
RPL12,3.9639957,0.070398845,7.370560800109534e-05,0.027307927764405823,LY96,Co-culture
HNRNPK,3.9602623,0.10230009,7.486748574483545e-05,0.027311658799715977,LY96,Co-culture
MGST1,3.9510574,0.0711511,7.780666320779629e-05,0.027607141500566937,LY96,Co-culture
RPS27A,3.950445,0.08330499,7.800600879461812e-05,0.027607141500566937,LY96,Co-culture
TALDO1,3.934939,0.072885595,8.321785519547878e-05,0.028760543522797256,LY96,Co-culture
AURKAIP1,3.931008,0.07848054,8.459043036946244e-05,0.028760543522797256,LY96,Co-culture
OAZ1,3.9301193,0.0804165,8.490376377343994e-05,0.028760543522797256,LY96,Co-culture
RPL36,3.9175167,0.07545547,8.946582520678496e-05,0.02968665493114808,LY96,Co-culture
RPL38,3.912144,0.07301585,9.148035485364289e-05,0.02968665493114808,LY96,Co-culture
RPLP0,3.910465,0.07789794,9.211863149466296e-05,0.02968665493114808,LY96,Co-culture
ACTB,3.908628,0.0825461,9.282179887754354e-05,0.02968665493114808,LY96,Co-culture
RPL35,3.9058428,0.081158906,9.38975674694714e-05,0.02968665493114808,LY96,Co-culture
CCNI,3.9011612,0.096865065,9.573234641123291e-05,0.02986849208030467,LY96,Co-culture
PDCD5,3.8878872,0.09748042,0.00010112057972882278,0.029903206410115298,LY96,Co-culture
NPM1,3.8815465,0.058230743,0.0001037942893952843,0.029903206410115298,LY96,Co-culture
RPL13,3.8786032,0.079148404,0.00010505790288818047,0.029903206410115298,LY96,Co-culture
RPL10,3.8772008,0.08279132,0.00010566512144373006,0.029903206410115298,LY96,Co-culture
EIF3J,3.8768651,0.1572327,0.00010581100244083138,0.029903206410115298,LY96,Co-culture
YBX1,3.8752651,0.073571675,0.00010650869639436866,0.029903206410115298,LY96,Co-culture
TSPAN4,3.873665,0.22360219,0.00010721072976899445,0.029903206410115298,LY96,Co-culture
UQCRH,3.873428,0.08996347,0.00010731510530428875,0.029903206410115298,LY96,Co-culture
RPL18A,3.8726182,0.08275268,0.00010767244561121207,0.029903206410115298,LY96,Co-culture
MALAT1,3.8697934,0.09221601,0.0001089275852423256,0.029903206410115298,LY96,Co-culture
RPL22,3.8680356,0.071945235,0.000109715711778004,0.029903206410115298,LY96,Co-culture
PDIA6,3.863176,0.043928705,0.00011192220790501176,0.030015089588198086,LY96,Co-culture
RPL23A,3.8615763,0.07767832,0.00011265785144018343,0.030015089588198086,LY96,Co-culture
PTMA,3.8583565,0.08190664,0.00011415206627261436,0.03007526439395813,LY96,Co-culture
RPL37,3.8537343,0.07528935,0.00011632984466062578,0.03026048557595195,LY96,Co-culture
TUBB,3.8504949,0.075706854,0.00011787944042067939,0.03026048557595195,LY96,Co-culture
RPL32,3.847275,0.06975831,0.00011943885959669082,0.03026048557595195,LY96,Co-culture
RPL9,3.8462083,0.071717754,0.00011995975219886485,0.03026048557595195,LY96,Co-culture
BRK1,3.841369,0.088090874,0.00012235008096417134,0.03053858020865717,LY96,Co-culture
RPL19,3.836016,0.07528854,0.00012504635413509475,0.030761586711737662,LY96,Co-culture
EIF2S1,3.8330727,0.06484297,0.00012655257134345968,0.030761586711737662,LY96,Co-culture
GNAS,3.8287861,0.06853986,0.0001287768051568233,0.030761586711737662,LY96,Co-culture
RPS18,3.8259814,0.076877974,0.0001302521815259898,0.030761586711737662,LY96,Co-culture
BRI3,3.8247368,0.07967337,0.00013091183830581186,0.030761586711737662,LY96,Co-culture
ATP6V0B,3.8245196,0.052592777,0.00013102733881096087,0.030761586711737662,LY96,Co-culture
HLA-A,3.8219516,0.06782414,0.00013239963814203558,0.030779021761019095,LY96,Co-culture
PKM,3.8048456,0.083665095,0.00014189269133091603,0.03258986994375395,LY96,Co-culture
RPL35A,3.8030283,0.06748914,0.00014293802606909627,0.03258986994375395,LY96,Co-culture
LDHB,3.798485,0.06502657,0.00014558318184467643,0.03274513117359314,LY96,Co-culture
PTGR1,3.795443,0.069572486,0.00014737997651508166,0.03274513117359314,LY96,Co-culture
RPL26,3.7904456,0.07232216,0.0001503772550036777,0.03274513117359314,LY96,Co-culture
RPS19,3.79009,0.06502881,0.0001505926722344492,0.03274513117359314,LY96,Co-culture
PSMC1,3.7869887,0.11189663,0.00015248394565154464,0.03274513117359314,LY96,Co-culture
FKBP1A,3.7861395,0.07171482,0.00015300582507101596,0.03274513117359314,LY96,Co-culture
PSMA1,3.785685,0.060395814,0.00015328565959298407,0.03274513117359314,LY96,Co-culture
EIF5,3.778495,0.076273166,0.0001577789919198034,0.03294477826052973,LY96,Co-culture
NHP2,3.773794,0.1035656,0.0001607836515347285,0.03294477826052973,LY96,Co-culture
NACA,3.772885,0.05923009,0.0001613705585588444,0.03294477826052973,LY96,Co-culture
SRSF9,3.772095,0.08492048,0.00016188255055845846,0.03294477826052973,LY96,Co-culture
RPL14,3.7706335,0.048667636,0.0001628337677003882,0.03294477826052973,LY96,Co-culture
CALM2,3.770258,0.07945536,0.00016307884625407854,0.03294477826052973,LY96,Co-culture
H3F3A,3.7689345,0.07026322,0.00016394584323306798,0.03294477826052973,LY96,Co-culture
GNG11,3.753863,0.10030348,0.00017413003580549197,0.034127763216023226,LY96,Co-culture
TOMM7,3.752441,0.07844352,0.00017512118256520254,0.034127763216023226,LY96,Co-culture
MRPL41,3.7518284,0.084701724,0.0001755495581275194,0.034127763216023226,LY96,Co-culture
PFDN5,3.7515125,0.08000276,0.00017577104056079698,0.034127763216023226,LY96,Co-culture
ATP5F1B,3.748036,0.09371928,0.00017822475322404316,0.034127763216023226,LY96,Co-culture
FAAP20,3.746179,0.24498993,0.0001795484178738218,0.034127763216023226,LY96,Co-culture
RPS21,3.7416754,0.07870324,0.00018279751042200014,0.034127763216023226,LY96,Co-culture
EMP3,3.7412803,0.07637446,0.00018308514016156086,0.034127763216023226,LY96,Co-culture
RPS7,3.741142,0.067835845,0.00018318591105073994,0.034127763216023226,LY96,Co-culture
RAN,3.7397199,0.056550477,0.00018422544246166384,0.034127763216023226,LY96,Co-culture
RPLP1,3.7377446,0.06412458,0.0001856784386718787,0.034130287889826263,LY96,Co-culture
MT-ND4,3.7336557,0.08292393,0.00018872043767607786,0.034245713536710805,LY96,Co-culture
LSM3,3.7330236,0.11995318,0.0001891948580174222,0.034245713536710805,LY96,Co-culture
PRPF40A,3.7230878,0.10400977,0.0001968010169382374,0.03523332786152101,LY96,Co-culture
EIF4EBP1,3.7206385,0.116227366,0.00019871975350364197,0.03523332786152101,LY96,Co-culture
HNRNPAB,3.7201447,0.11152628,0.00019910871851568047,0.03523332786152101,LY96,Co-culture
TPT1,3.7173002,0.0744627,0.00020136311929915674,0.035368313220900775,LY96,Co-culture
CAPN2,3.7119076,0.10859148,0.00020570306127571086,0.0357172620449427,LY96,Co-culture
C1QBP,3.7110977,0.08637918,0.00020636238614023069,0.0357172620449427,LY96,Co-culture
VCP,3.700905,0.1275565,0.00021483173147724557,0.03678784464838789,LY96,Co-culture
SLC25A5,3.6987324,0.077796064,0.0002166789262462721,0.03678784464838789,LY96,Co-culture
MT-CO3,3.69812,0.0743442,0.00021720218668919977,0.03678784464838789,LY96,Co-culture
RSL1D1,3.6939917,0.11107915,0.00022076105882684258,0.037125434233348166,LY96,Co-culture
CHCHD2,3.6891325,0.06904532,0.0002250200983680679,0.037575187130307226,LY96,Co-culture
KRT18,3.6864262,0.06631214,0.00022742531845662583,0.03769110611710731,LY96,Co-culture
RPS12,3.6847868,0.06221766,0.00022889421170082115,0.03769110611710731,LY96,Co-culture
MT-CO1,3.680935,0.06993031,0.0002323803346531355,0.03769110611710731,LY96,Co-culture
SH3BGRL3,3.6804214,0.08454113,0.00023284889789234402,0.03769110611710731,LY96,Co-culture
PPM1G,3.6795325,0.111361034,0.0002336619685903667,0.03769110611710731,LY96,Co-culture
RPS6,3.6702287,0.06977419,0.0002423334901765984,0.03874737860603506,LY96,Co-culture
RPL10A,3.6690238,0.06478744,0.00024347838277240317,0.03874737860603506,LY96,Co-culture
SNRPE,3.664856,0.033418007,0.00024747783683095177,0.03911127569719938,LY96,Co-culture
CCT4,3.6620905,0.06729042,0.0002501654220663561,0.03911127569719938,LY96,Co-culture
ZC3H15,3.660609,0.08743516,0.0002516164364989552,0.03911127569719938,LY96,Co-culture
RPL11,3.6552954,0.06192975,0.0002568859252641319,0.03911127569719938,LY96,Co-culture
RPL29,3.6547623,0.06604208,0.0002574205094650534,0.03911127569719938,LY96,Co-culture
CFL1,3.6528065,0.054796807,0.00025938958953941236,0.03911127569719938,LY96,Co-culture
RACK1,3.6525695,0.04727002,0.0002596292232666147,0.03911127569719938,LY96,Co-culture
RPS27,3.6520758,0.07455792,0.00026012912704187393,0.03911127569719938,LY96,Co-culture
RPL34,3.6516018,0.07206316,0.0002606098836098812,0.03911127569719938,LY96,Co-culture
RPS4X,3.6484807,0.07064151,0.0002637957188913731,0.03934040305881912,LY96,Co-culture
SNRPD1,3.6389992,0.07922306,0.000273699596861509,0.040562280254875634,LY96,Co-culture
SET,3.6324809,0.06177186,0.00028070951769268914,0.0413427582827891,LY96,Co-culture
ADRM1,3.628451,0.10037454,0.000285126697944774,0.04173410038065729,LY96,Co-culture
B2M,3.6236708,0.0614846,0.000290451123440231,0.04225261987125618,LY96,Co-culture
GAPDH,3.6220315,0.06719258,0.0002922986199884279,0.04226210290954636,LY96,Co-culture
NOP10,3.6190093,0.07829704,0.0002957331280309361,0.042499538981027624,LY96,Co-culture
RPL31,3.6149006,0.107452415,0.000300462914519663,0.042740268716329605,LY96,Co-culture
PRDX6,3.6144266,0.044026386,0.00030101319482232807,0.042740268716329605,LY96,Co-culture
RPL7A,3.6119375,0.047082867,0.00030391768398188953,0.04285691961382795,LY96,Co-culture
GSTP1,3.6106339,0.053522278,0.00030544953672136143,0.04285691961382795,LY96,Co-culture
PRELID1,3.6033254,0.099516295,0.0003141719292983612,0.04382143992660436,LY96,Co-culture
MT-ATP6,3.601429,0.07106531,0.0003164728381307561,0.043884233554131506,LY96,Co-culture
TMEM158,3.5992956,0.10008362,0.0003190802126038052,0.043988546518961794,LY96,Co-culture
BTF3,3.5938833,0.05430396,0.00032578572120543395,0.04465335850418063,LY96,Co-culture
RPS3A,3.592303,0.0681477,0.0003277682697347332,0.04466690351695399,LY96,Co-culture
TNFRSF12A,3.5886686,0.052506853,0.00033237106049715994,0.044786231514725966,LY96,Co-culture
EIF5A,3.588629,0.062086035,0.00033242142149931555,0.044786231514725966,LY96,Co-culture
TMSB4X,3.5863378,0.087203704,0.00033535460710154184,0.0449261493988235,LY96,Co-culture
RPL3,3.5820117,0.065202415,0.00034095838743445955,0.0454202543980107,LY96,Co-culture
PPIA,3.573933,0.06187227,0.0003516591941519631,0.046584038054365076,LY96,Co-culture
LGALS3BP,3.5663476,0.09173509,0.0003619910802642503,0.047251172785159626,LY96,Co-culture
RPS3,3.5658538,0.04948474,0.0003626734753246901,0.047251172785159626,LY96,Co-culture
FAU,3.5594735,0.06614681,0.0003715988701042359,0.04814946670989968,LY96,Co-culture
FTH1,3.5506244,0.07387743,0.0003843186664377136,0.049267220449908694,LY96,Co-culture
TRMT112,3.5491626,0.06162173,0.00038645846000687483,0.049267220449908694,LY96,Co-culture
RPL13A,3.5491626,0.053703293,0.00038645846000687483,0.049267220449908694,LY96,Co-culture
RCN1,3.5452514,0.05676976,0.0003922387306714199,0.049736710062463683,LY96,Co-culture
CAV1,3.5431576,0.12036655,0.00039536632191066124,0.04975161367663973,LY96,Co-culture
TMA7,3.5423675,0.058872316,0.00039655258876876307,0.04975161367663973,LY96,Co-culture
RPL5,3.5406096,0.037266586,0.0003992039741735618,0.049820655976860515,LY96,Co-culture
KIF20B,-3.5668612,-0.7166771,0.00036128266312353215,0.047251172785159626,LY96,Co-culture
TIMP1,-4.874906,-0.23406878,1.0886030823895731e-06,0.025812956289621557,TIMP1,Co-culture
WBP2,-6.274163,-1.1646013,3.51520502236186e-10,8.335254149024443e-06,WBP2,Co-culture
CTSB,-15.025405,-1.6111854,5.005432783849119e-51,1.186888221706303e-46,CTSB,Co-culture
LRPAP1,-11.51043,-1.5945046,1.1689345201316676e-30,2.7717775341362103e-26,LRPAP1,Co-culture
STOM,-6.444116,-1.2894688,1.1627615194813183e-10,2.7571401149941023e-06,STOM,Co-culture
SP100,-9.204184,-1.3873701,3.4427856875231994e-20,8.163533422255011e-16,SP100,Co-culture
VAMP5,5.088496,0.35370457,3.609144279663893e-07,0.002852667638646341,PTMA,Co-culture
SERPINB6,4.6561074,0.3503935,3.222438912005335e-06,0.019102617870367627,PTMA,Co-culture
SPP1,-5.6823235,-0.8835674,1.3287707283265238e-08,0.00015753905755039267,PTMA,Co-culture
PTMA,-9.853182,-0.3269979,6.640763978477006e-23,1.5746579545764678e-18,PTMA,Co-culture
IRF3,-5.6841855,-0.76053786,1.3143769804919577e-08,0.00031166506961425303,IRF3,Co-culture
CHCHD2,-9.522586,-0.23644471,1.6892217931206313e-21,4.0054827158476413e-17,CHCHD2,Co-culture
NPC2,-8.870966,-1.07507,7.251399223382719e-19,1.7194517838485104e-14,NPC2,Co-culture
SDCBP,-12.1156845,-1.4499922,8.723245290881416e-34,2.0684559233738013e-29,SDCBP,Co-culture
TM4SF1,-6.038537,-0.7482265,1.5551784713052176e-09,3.687639191158932e-05,TM4SF1,Co-culture
ATP5MD,-9.450439,-0.9665302,3.3741153148367563e-21,8.000702234540917e-17,ATP5MD,Co-culture
HLA-F,-5.4574337,-1.056501,4.8306519752038155e-08,0.0011454441963603288,HLA-F,Co-culture
S100A6,-5.204125,-0.10906649,1.9491310381568095e-07,0.0046217795176774264,S100A6,Co-culture
CD151,-9.829004,-1.3302422,8.444931890574818e-23,2.002462249893101e-18,CD151,Co-culture
CMSS1,-9.088099,-1.6699705,1.0078595393938608e-19,2.3898365398107227e-15,CMSS1,Co-culture
ITGA3,-7.350528,-0.80375624,1.9742580056517145e-13,4.681360583001346e-09,ITGA3,Co-culture
SEC11C,-8.480516,-1.1718594,2.2419660563427116e-17,5.316149912799838e-13,SEC11C,Co-culture
CTSL,-15.179934,-1.452028,4.802665942130644e-52,1.1388081481980182e-47,CTSL,Co-culture
ATP1B1,-7.5116386,-1.0844188,5.839177641092576e-14,1.3845858022558716e-09,ATP1B1,Co-culture
GRN,-10.570814,-1.8221935,4.06946104365189e-26,9.649506026707361e-22,GRN,Co-culture
CTSA,-12.480235,-1.7016993,9.570362707202163e-36,2.269324405131777e-31,CTSA,Co-culture
BZW2,-7.533928,-1.0780684,4.923623529174763e-14,1.1674896112379198e-09,BZW2,Co-culture
CKS1B,-7.163615,-0.43266004,7.857662547017372e-13,1.8632089431487593e-08,CKS1B,Co-culture
AHNAK,-4.867269,-0.79835016,1.1315088877947715e-06,0.02683033874738962,AHNAK,Co-culture
HLA-E,-12.371955,-1.2639164,3.706867237142744e-35,8.789723592712874e-31,HLA-E,Co-culture
SCARB2,-10.032987,-1.6153023,1.0916380462966876e-23,2.588492135378706e-19,SCARB2,Co-culture
IGFBP2,4.669112,1.4521192,3.025044068889226e-06,0.02875215155867262,SMAD4,Co-culture
ANXA10,-4.631078,-0.43758765,3.637670996795625e-06,0.02875215155867262,SMAD4,Co-culture
ID3,-8.116694,-0.85090876,4.790520194063194e-16,1.1359281484162645e-11,SMAD4,Co-culture
CD63,-14.586025,-0.9478589,3.447065417196225e-48,8.173681517255689e-44,CD63,Co-culture
STAT3,-5.3923655,-1.2336441,6.953619121325473e-08,0.0016488421660486962,STAT3,Co-culture
LGALS3BP,-6.337694,-0.36925393,2.332292728138228e-10,5.530332516961366e-06,LGALS3BP,Co-culture
CDKN2A,5.689547,0.51481634,1.2737691564510534e-08,0.0003020361423776738,CDKN2A,Co-culture
HSPA1A,-9.934161,-1.9004385,2.9565348297498876e-23,7.010535388302934e-19,HSPA1A,Co-culture
NME1,-4.8292327,-0.2566812,1.3706017757833035e-06,0.03249970930737369,NME1,Co-culture
PSPC1,4.616729,0.95962954,3.898358263779714e-06,0.018487574230148913,NONO,Co-culture
COL18A1,-4.4492445,-0.6521295,8.617278340554768e-06,0.034055484001872444,NONO,Co-culture
ANXA10,-4.775153,-0.40900868,1.7957056572704353e-06,0.01064494313629914,NONO,Co-culture
C7orf50,-5.2442765,-0.53407764,1.5689654622471278e-07,0.0012401103013601298,NONO,Co-culture
NBDY,-7.6719017,-1.4861717,1.6946457490313927e-14,2.0091720000516192e-10,NONO,Co-culture
NONO,-9.577114,-1.6266268,9.979450487476205e-22,2.3663272995903577e-17,NONO,Co-culture
MDK,-4.8797755,-0.3269408,1.0620668186326172e-06,0.008394576134472207,HNRNPA1,Co-culture
ESD,-6.1862507,-0.9890533,6.161205628761219e-10,7.304725393459302e-06,HNRNPA1,Co-culture
HNRNPA1,-7.9246073,-0.75690424,2.2886856436990817e-15,5.4269313983392626e-11,HNRNPA1,Co-culture
HLA-C,-9.736194,-0.6574253,2.1132138332575354e-22,5.010852641420268e-18,HLA-C,Co-culture
TAPBP,-7.7623944,-0.79287255,8.334064240683626e-15,1.9761733127509016e-10,TAPBP,Co-culture
CST3,-7.758163,-0.4249919,8.616826029031691e-15,2.0432217880039948e-10,CST3,Co-culture
SERPINE2,-11.336882,-1.6398375,8.615980682238446e-30,2.0430213393723803e-25,SERPINE2,Co-culture
VAT1,-10.084334,-1.6837949,6.480288214042898e-24,1.5366059413138522e-19,VAT1,Co-culture
MT-ND4L,5.34623,0.34070516,8.980516955105945e-08,0.001064730090197361,MDH2,Co-culture
BASP1,4.526816,0.41990167,5.987906484887242e-06,0.047328412856548756,MDH2,Co-culture
MDH2,-7.168295,-0.6266227,7.593753763762772e-13,1.8006308924634286e-08,MDH2,Co-culture
NSFL1C,-4.9707236,-0.45990562,6.670343762438887e-07,0.007908359564747546,SET,Co-culture
SET,-12.877399,-1.0423161,6.033460586179681e-38,1.4306541741949259e-33,SET,Co-culture
TIMP2,-8.363969,-1.0474135,6.064289800264858e-17,1.4379643974388032e-12,TIMP2,Co-culture
CDK4,-9.197655,-1.5108324,3.658470984061903e-20,8.674966397407584e-16,CDK4,Co-culture
AKR1C2,6.3706007,0.8584066,1.88289444280115e-10,4.4647193027700865e-06,TXNDC17,Co-culture
PTGR1,5.3953924,0.23580301,6.837393979117535e-08,0.00054042762010945,TXNDC17,Co-culture
SPP1,5.100535,0.65145266,3.3869459540218063e-07,0.002007781561544127,TXNDC17,Co-culture
SRGN,4.57881,0.33597758,4.67628775136114e-06,0.015840590737182192,TXNDC17,Co-culture
ITGB1,-4.646825,-0.51770586,3.3708312695426858e-06,0.013321525177232695,TXNDC17,Co-culture
HLA-DPA1,-4.746777,-0.5792247,2.066836766731697e-06,0.0098017666825484,TXNDC17,Co-culture
TXNDC17,-5.9832892,-0.5330808,2.186757106384657e-09,2.5926192253296496e-05,TXNDC17,Co-culture
SNHG7,8.086878,0.92046344,6.12135479363487e-16,1.4514956486667005e-11,EIF3K,Co-culture
SNHG8,6.837868,0.88437957,8.038023090349503e-12,8.92370386576704e-08,EIF3K,Co-culture
C6orf48,5.094678,0.778801,3.4933480969899837e-07,0.0020708567518956623,EIF3K,Co-culture
SNHG15,4.986369,0.7975467,6.15245708857072e-07,0.002917741249683778,EIF3K,Co-culture
EIF3K,-6.789016,-0.43538612,1.129011116620324e-11,8.92370386576704e-08,EIF3K,Co-culture
FKBP4,-11.196101,-1.3504261,4.2607706273753496e-29,1.0103139311632429e-24,FKBP4,Co-culture
HLA-A,-4.604256,-0.24284106,4.1394271617916026e-06,0.03271803228680083,HLA-B,Co-culture
HLA-C,-7.2841344,-0.27379978,3.237419920507313e-13,3.83828505775347e-09,HLA-B,Co-culture
HLA-B,-9.138745,-0.49228978,6.318124083693383e-20,1.498153582725375e-15,HLA-B,Co-culture
LGALS3,-6.6623244,-0.5364817,2.695298960339382e-11,6.391092894756743e-07,LGALS3,Co-culture
SSR2,-6.9817815,-0.4734878,2.9146053470005288e-12,6.911112198807654e-08,SSR2,Co-culture
MT-ND5,-4.6306095,-0.15529732,3.645907153802997e-06,0.007859250039179698,SLIRP,Co-culture
MT-ND4L,-5.5757318,-0.56754917,2.464916733325414e-08,5.844810558061221e-05,SLIRP,Co-culture
MT-ATP6,-5.8647547,-0.16145004,4.497972466273521e-09,1.1850658124475303e-05,SLIRP,Co-culture
MT-ND3,-7.015572,-0.20921522,2.2901027656515433e-12,6.787864597391175e-09,SLIRP,Co-culture
MT-ND2,-7.6379585,-0.2401855,2.2069297525034227e-14,7.475816898765879e-11,SLIRP,Co-culture
MT-CYB,-7.9398813,-0.24595931,2.0237443459233976e-15,7.997837655089268e-12,SLIRP,Co-culture
MT-ND4,-7.991847,-0.2240488,1.329317424061945e-15,6.304154951871367e-12,SLIRP,Co-culture
MT-ND1,-8.336205,-0.27149597,7.671319508499935e-17,4.547558204638762e-13,SLIRP,Co-culture
MT-CO2,-8.378429,-0.2381913,5.363843126478628e-17,4.2395816071687077e-13,SLIRP,Co-culture
MT-CO3,-8.856305,-0.31154928,8.271041653913931e-19,9.806146984880357e-15,SLIRP,Co-culture
MT-CO1,-9.388862,-0.2809601,6.065229757424274e-21,1.438187280080444e-16,SLIRP,Co-culture
SHMT2,-7.246776,-1.2715876,4.2680909448365463e-13,1.0120497248396419e-08,SHMT2,Co-culture
JPT1,-9.437931,-0.99673367,3.8021117036560355e-21,9.015567271709192e-17,JPT1,Co-culture
PPP4C,-4.8057394,-0.5546732,1.5418052204080838e-06,0.03655928538631648,BOLA2,Co-culture
CCND1,-9.142029,-0.5496339,6.129168845099613e-20,1.4533485165500203e-15,CCND1,Co-culture
ACSL3,-7.7131824,-1.4972008,1.2271847037412765e-14,2.909900369511315e-10,ACSL3,Co-culture
C1QBP,-11.289367,-1.3052593,1.4810039656762957e-29,3.5117566034116323e-25,C1QBP,Co-culture
SINHCAF,-4.844871,-0.93315446,1.2669380484842166e-06,0.030041635005657746,SINHCAF,Co-culture
MT-ND2,6.020384,0.20843211,1.7400405357583173e-09,4.125984118390122e-05,MRPL47,Co-culture
MT-ATP8,4.52335,1.2639633,6.08684660320823e-06,0.04811043555175785,MRPL47,Co-culture
MRPL47,-5.8182654,-0.9547858,5.9461383548829565e-09,7.049741633549234e-05,MRPL47,Co-culture
NME4,-4.964118,-1.0043054,6.901398453638008e-07,0.008182298006633223,PABPC1,Co-culture
PABPC1,-5.0730147,-0.55971277,3.91561994356726e-07,0.008182298006633223,PABPC1,Co-culture
TIMP1,5.4544263,0.248707,4.9131169030565895e-08,0.0011649982800527785,CTPS1,Co-culture
IL1B,5.2416353,0.9282838,1.5915949481209304e-07,0.0014635476754246005,CTPS1,Co-culture
MT2A,5.2136455,0.3108464,1.8516544476525816e-07,0.0014635476754246005,CTPS1,Co-culture
FN1,4.9991007,0.32827878,5.759838785167112e-07,0.0027687999872791367,CTPS1,Co-culture
S100A13,4.9964876,0.3853509,5.83839403525459e-07,0.0027687999872791367,CTPS1,Co-culture
PHLDA2,4.933062,0.3635248,8.095048112404778e-07,0.003199163014022368,CTPS1,Co-culture
CD68,4.7919292,1.1597277,1.6518526702038584e-06,0.0055955329308391265,CTPS1,Co-culture
IGFBP7,4.6616416,0.2793529,3.136970073249216e-06,0.009297979297110678,CTPS1,Co-culture
SLC20A1,4.419715,0.2900483,9.883111624618528e-06,0.024856199518070814,CTPS1,Co-culture
NDUFB8,4.406973,0.44897354,1.048254028258722e-05,0.024856199518070814,CTPS1,Co-culture
IL11,4.320496,0.4356079,1.5567874934904348e-05,0.0335586773142229,CTPS1,Co-culture
PHLDA1,4.259791,0.23439442,2.0461830288700518e-05,0.03732237844658975,CTPS1,Co-culture
TSC22D1,4.242825,0.5471476,2.2072372709990324e-05,0.03738429297852075,CTPS1,Co-culture
BAG2,-4.2963,-1.1536845,1.736725565931249e-05,0.03431769718280148,CTPS1,Co-culture
UQCRH,-6.1981745,-0.33743313,5.712181319290944e-10,1.3544724344302688e-05,UQCRH,Co-culture
PHLDA1,4.860925,0.33335355,1.1683838122094992e-06,0.027704716955111647,MYC,Co-culture
PAICS,-4.777028,-0.91893137,1.7790495817887437e-06,0.04218482368337469,PAICS,Co-culture
ZNHIT1,4.853851,0.5486766,1.210869147534624e-06,0.028712129226341008,RNASEH2A,Co-culture
CDKN3,-5.4971666,-1.2010397,3.8594209320053886e-08,0.0009151458913971178,FOXM1,Co-culture
TMED10,-5.001162,-1.4803457,5.698575864000337e-07,0.0135124630887176,TMED10,Co-culture
CCT3,-4.815563,-0.5652588,1.4678543280221178e-06,0.03480576182606046,CCT3,Co-culture
